label,clean_post,lang
happiness,برافووو حمزة الدعم ومزيدا التألق,ar
happiness,حسيتك تحكي سيدي علي العروي ،عجبتني اليوم سردك للاحداث,ar
happiness,افضل صوت مقدم برامج يعجبني حموزة,ar
disgust,فهمك للعلوم الانسانية مضحك فكرة شعر ابو نواس رائع، اما تبدى جلف تذوقوش,ar
anger,sema ni ama mayssirech ki al bed hakeka intelligence w lma rfa morhom may alliwek ki eness bsuperiority w ar ay ensen may amamch kifek wala is not intelligent you,en
happiness,رفيق بالحق احسن صحافي مرحبا بيك امريكا,ar
happiness,a ssen equipe raf mag,fr
happiness,برنامج عسل والله انحسكم الكل عايلتي انحبكم برشة رفيق وزياد وسنية ربي يحفضك يازيدون راك عسل الدنيا,ar
happiness,mahleh wallah nshallah rabi yaatih maytmana,so
happiness,ديما كريم الغربي بسام الحمراوي نحسهم عمالقة الفن فيصل سفيان خالد بوزيد جعفور ممثلين محترفين فالميدان يبارتاجيولنا الضحكة الكل قال اصعب تمثيل الكوميدي ساهل تضحك الناس ماكانش مسلسل تفرجتو ماضحكتش دنيا اخرى حتان سوبر تونسي صاحبك راجل السبكتاكل درتيه عنا فعنابة اروع مايكون نشالله يكمل فمشوار نجاحاتو يبقى ديما فالتلفزة ديما يقدملنا فالجديد,ar
happiness,برافو لكل ساهم مسلسل صاحبك راجل بداية ونهاية اروع برافو,ar
surprise,قلو احلف قالو والله قالو منصدقكش قالو احلف بولدك صدقه حرام راهو حلفان بغير الله,ar
happiness,maktlaaaaa dhohekk mooooooooooot,so
disgust,sami lfehri ken famech elet ye w wled ram yesamech moslasel be nesba lih,en
disgust,كريم الغربي حاول تكون متواضع انا نقلك تعلم بسام الحمراوي كيفاش تحترم المتفرج تبعد عالابتذال الاسفاف,ar
disgust,شوف عادا هكا الشخصية تعملو للخرى المغارف تفوه المخير فيكم,ar
anger,ملا شخصية جايبها تقول عالمة متاع فيزياء الا ابتكرت حاجة جديدة تغير وجه العالم ايكب سعدكم انشاء الله مالا إعلام مالا حشرات يجيبو فاهم,ar
optimism,الحمدلله ربي يحسن خاتمتنا كملت الفيديو بسيف الحمدلله ولله,ar
disgust,وقت نقولو الّي المهندسين التوانسة أغلبهم بهايم موش فراغ فالحين التمحريث خدمة سيريات المات المخ مراد اللّه بهامتها تتجلّى تخدم معاهم ولاّ تحكي معاهم اي موضوع رحم ربي بالطبع,ar
optimism,nhebek ya hamza mahle zink,sw
optimism,bravo hamza bonne continuation,it
anger,الله تربحو خوها,ar
optimism,ربي اثبتك شيخ ورضيك وبقي سترو اعليك وإنشاء الله يتوفاك الله ساجدا تتمنى,ar
optimism,نعمل الخير وشد ربي خوف الموت,ar
optimism,اللهم حسن الخاتمة بارك الله فيكم المحتوى الرائع,ar
disgust,الموسيقى علاقة,ar
optimism,لاحظتم يقولون ميت جثة إسم نسب رتبة منصب جاه تأخذ معك أفعالك وستترك ذكر وراءك,ar
optimism,شكرا الحلقة الجد رائعة أسأل الله العظيم رب العرش العظيم ان يهب الذرية الصالحة للشيخ عاطف,ar
sadness,بكاني الشيخ ربي يرزقك انشاء الله,ar
fear,نتخلص الموسيقى؟ اخوتي قضية كهذه ؟ لما؟,ar
happiness,الله جازيك خير الاخ محمد الخماسي احنا محتاجين لهذه برامج الهادف ونافع للمجتمع شكر الاخ محمد برامج واصل شكر,ar
optimism,اللهم ثبتنا واغفر واجعلنا اهل الجنة,ar
disgust,أصبحتم مسخرة أضحوكة شعوب العالم كثرة خرافتكم اساطيركم طرهاتكم اكاذيبكم نفاقكم قصصكم الهزيلة البالية الحمقاء الخجولة الغبية الحقيرة السخيفة التافهة المفضوحة,ar
neutral,قصة مفيدة أذيتمونا بالموسيقى ولم نكمل الفديو نسأل الله يشفيكم المرض,ar
optimism,ربي يحسن العاقبة لجميع المسلمين وربي يجازيه خير الشيخ المغسل,ar
optimism,ya chayi rabi yorz ok edhoriya esal a withabit ajrik wiberik fi zawjtik wayorzo na wa iyakakom osna al atma chokran ala hedhihi al al a almoufida ala yfi o ba dh ennes w yarj o erabi jakom allah ayir,so
optimism,خويا لزم مهارة مهارة برافووووووو واصل ربي يحميك,ar
disgust,باللهي نحي علينا ال ناقصين احنا مرج,ar
optimism,oui ene jbni barcha,fr
optimism,تبارك الله,ar
optimism,نور شيبة فنان يعجبني صوتو حلوا مزيان,ar
optimism,a sen comedien fi tounes,en
optimism,founaa,so
optimism,allem,et
optimism,عسل,ar
optimism,ممثلة باهية,ar
optimism,mahleha,de
optimism,mahleeeeeeeek,nl
optimism,oui leha,fr
optimism,tbarkallah laha,so
optimism,bravo karim,lt
happiness,jaw lih lila hhhhhhhhhhh leh addech ib jaw,so
happiness,hhhhhhhhhh bravooooo,et
disgust,yenja ama ya mel f barcha zayed fibelou idha ek sayeb lik,so
disgust,انت منذر حمار شكل انسان,ar
neutral,عيشك سي حمزة نقولوا عبادات موش طقوس دينية,ar
disgust,قناة الدعارة,ar
disgust,إنسان يعرف معنى الحوار بربي سيب النهضة راك عملت العااار,ar
disgust,الرحموني العميل الاخواني الارهابي عصابة البحيري,ar
disgust,والله عندو موهبة متاع فكاهة جملا,ar
disgust,amset encen cheftou f yati wouuh amset nawfel ken houwa,nl
disgust,chnowa ha elmsata pff,sw
anger,kaleb men kleb enahdha,id
optimism,فوزى رجل فى قمة الادب والتواضع وربى معاه,ar
happiness,bravo hhhhhhhh chab a dhou k,sk
happiness,wlhhh ydhha kouu mch nrmlll,cy
happiness,hhhh barcha jaw lyoumm allah laynahik alina,so
optimism,asla,et
disgust,maset lasetttt,fi
disgust,massssett,fi
disgust,yebo,sw
anger,hram lik,cs
disgust,ماسط لاسط الراجل وزيد يعرفش يحكي,ar
disgust,malla tafaha,en
disgust,امسط فماش,ar
anger,malla wsakh wmalla tafahèt wmalla in itat,so
anger,ارهابي متنكر,ar
pessimism,فاشل,ar
disgust,مقداد طير محلى فراقك,ar
disgust,ani ejbettnich dawrha khayeb,so
disgust,jbtnich,pl
sadness,mas atha w makhyabha fama okhet em ala okhtha lahaderja,so
anger,fdhaya mouch ob,so
anger,ykeb dk ya wati romdhan raw normal enti,id
anger,tfooooohhhhh,et
pessimism,السياسة كلها نفاق وضحك ذقون الشعب,ar
disgust,mala marikkkkkk w hala moukerbaaaaaaaaaaaa,so
pessimism,تونس غارفة بالفقر البطالة الحرقة السرقة جاي يحكي شذوذو برى يعيش ولدي انت حر بدنك,ar
disgust,zeblaaaaaa,so
disgust,malla elet yé vraiment chay achem,fr
disgust,bal ouuuuuut,so
disgust,عيب عيب عيب,ar
optimism,a sen wa fihoum lkol,en
disgust,mamstouuuuuu,fi
disgust,maaaseetttttttttttt,fi
disgust,اكبر مسرحية سخيفة,ar
disgust,wlh akber,id
anger,يعني الاجانب مسموح يدخلون السعوديه بكبرها بجرعة وحده واحنا ماندخل بقالة الا بجرعتين افتحو الاماكن العامة زينا زيهم وجع,ar
anger,اي والله ماننجبر علي اللقاح جسمنا حرين وثانيا الله خلق جهاز مناعي يفوق قدرة اللقاح مواجهه المرض,ar
anger,خلونا نعيش حياتنا عادية وكفانا نقل الاخبار الكاذبة، الصحافة تضخم الامور وتحسسنا انها نهاية العالم,ar
anger,كافي كذب متحور شي الله ينتقم منكم دمرتوا العالم وظلت تلقح وبدت الناس تموت باعداد كبيره,ar
anger,مين المجنون الي يروح لمصدر الوباء,ar
anger,رئيس الصين يخفي خطر الفيروس وهان شيء واضح يظن الكل قليلو الخبره,ar
anger,لقاحكم,ar
anger,لازم الشعوب تتحرك الامر اصبح سخيف,ar
anger,المسرحية مستمرة,ar
anger,الحين سبحانه خلقنا جهاز المناعي وظيفته انه يقوي المناعه ليش انت تروح تاخذ لقاح متحور خطير وتقتل نفسك،،، تبي تقوي المناعه خذ أشياء طبيعيه احسن انك تاخذ لقاح ماتدري سنه سنتين وش بيصيرلك,ar
anger,كثر الي اعرفهم اخذوه وماتوا تم الإعلان عنهم والي نجو فترة الله يكون بعونهم قال مافي اعراض قال,ar
anger,لتخويف الناس لديه الأعراض مصاب بكورونا لالتخويف الناس ونشر الرعب صفوفهم دعونا الفديوهات لنشر الوساوس صفوف الناس الله يهديكم,ar
anger,اجل اذا انتشر كورونا لاتزعجونا,ar
anger,تري زودتو امها اقسم بالله اختي كانت بتموت الجرعه الثانية حسبي الله عليكم,ar
anger,تلاعبات تخويف إعلامي مخطط لأجل ربح الشركات إقناع الملقحين باللقاح الإحتجاجات الأخيرة ضحك الدقون,ar
anger,احسن عشان الناس نحمدالله النعمه والعافيه ان شاء الله حجر سنه لين تطلع عقولهم,ar
anger,لمفروض كلهم يعني ناس تنجح الغش وهم جالسين وناس تذاكر وتتعب ؟؟؟,ar
anger,وش السالفه وش جرعته جد طالت ومصخت,ar
anger,والي ياخذها ومرض استفاد ؟ الله يشفيكم,ar
anger,الإستمرار تلقى اللقاحات,ar
anger,تضخيم تضخيم نفخ نفخ نفخ بااوميكرون وبعدين,ar
anger,الله يلعن السياسة العالمية الجديدة ، كلها كذب واللقاح يقتل الناس وليس القيروس,ar
anger,والله مافي متحور وكورونا الاعلام الفاسد كنا غيركم عايشين بسلام,ar
anger,بلا كذب زوجي تلقح والان مريض والسبب مجهول بخير اللقاح وانا اتلقح ابدا ان شاء الله اللقاح عبارة موت بطيء,ar
anger,واللي أقلقتهم وآذيتهم ونكدت عليهم وضيقت عليهم تعتذر؟,ar
anger,الهدف تخويف الناس ياخذون اللقاح,ar
anger,تغريدة اخرى اي مصداقية دليل يثبت هالكلام,ar
anger,خطتهم قتل الناس نفسيا واضعاف مناعتهم طريق التخويف والترعيب,ar
anger,والله مسبب الرعب والقلق,ar
anger,سلسلة المتناقضات مسرحية كورونا,ar
anger,ماافهم ليش ترويع المسلم؟ةةة,ar
anger,انا ادافع حرية اختياراتي الصحيه مايجوز اجبر علاج,ar
anger,الله ياخذ الصين يارب الله ينتقم منهم,ar
anger,الصين السبب الوباء احسبنا الله فيهم الم تستروا اجل المصلحه الشخصيه,ar
anger,الله ينتقم منهم شر انتقام,ar
anger,الله ياخذ حكومه الصين الملحده المجرمه,ar
anger,اجل شالفايده نأخذ اللقاح واجباري وش فايدته مايكفي الجرعتين بتزودون,ar
anger,حسبنا الله ونعم الوكيل السبب,ar
anger,الله يسد نفسكم,ar
anger,لقاحاتهم فاشله يبعون ويشرون ويضحكون الدقون والأغبياء إذاا ضحكوا علي المرة الاولى والمرة الثانية ماراح يضحكوا علينا مايطيح مرتين الا أخس الطيور,ar
anger,الله يوفقهم نشروا الفيروسات وأحضروها افريقيا مثلما ظهرت الحمة سنة امريكيا ونقلوها افريقيا عبر جثث موتى ونقلها سفن حسبنا الله ونعم الوكيل,ar
anger,اسأل الله ان يهمه ويكرب بالطلاب,ar
anger,شكراً وزير الصحه وجهت ودليت الناس لاحياة لمن تنادي؟؟ اليوم الرابع الإصابه بسبب العيد وبسبب تهاون الأشخاص هداهم الله اتخاذ الاجرآءت الاحترازيه,ar
anger,اقول ترا مو حلاو,ar
anger,طيب شباب امس جو اسبانيا ماخفتو انهم جايبين المرض معهم طول يداخلو الناس انعزلو عنهم مقهوره منهم مدري وش عقولهم الي يروحو ويجو ويخالطو الناس معبرين انه يمكن يظرو بلد بالكامل بسبب استخفافهم,ar
anger,مايكفي استهبال الناس نهاية الفلم خلاص سرقتوا الصندوق الصحي كفاية كذ,ar
anger,حوووول شوي كنت جالسه اقول ماعندنا حالة حسبنا الله ونعم الوكيل ايران نشرت كورونا للبلدان العربيه,ar
anger,ياالله مَاَقرف الصين هِيَ جابت الكورونا,ar
anger,حسبي الله ونعم الوكيل اجبرنا باخذ اللقاح,ar
anger,انتم كادبون ماتو باللقاح الوباء خافو الله عز جل مادا ستقولون اليه حسبي الله الوكيل,ar
anger,حسبنا الله ونعم الوكيل يقتلون الناس بتجاربهم السيئة ويحملون المسؤولية للذين يتلقحوا بأنهم السبب ليجبروهم بطريقة أخرى اللقاح حماية الكبار السن ويتكتمون الوفيات والمضاعفات بسبب اللقاح الأعمار,ar
anger,اللقاح المتسبب التحورات هادا شي طبيعي جدا أوقفو التطعيم الفاشل كفاكم تخويفا للعالم صرف نظرهم قضايا أهم السخافة,ar
anger,الله ياخذ كورونا جد يوم تصدمني بأحد,ar
anger,وش التلميحات الخايسه طول السنه الوضع فله توكم تفكرون قرب رمضان,ar
anger,حسبي الله يبي يذبحنا يدخلون احد بدون يحللونه يدخل,ar
anger,المشكله أنه الملقحين محرومين الدخول لكل الآماكن,ar
anger,بصراحه اررى كثير الأهمال الكثير الوافدين وعدم حرصهم غسيل اليد ولاالتعقيم والمخالطة والنظافه الشخصيه وقربهم لبعض ولاضاربين حساب اتمنى وزارة الصحة نشر توعية شديدة اللهجه بعدة لهجات شكل مطويات ورقيه وتوزيعها لعلهم يفيقون اهمالهم,ar
anger,كانت اللقاحات أظهرت فعاليتها للمتحور دلتا تدعي فبماذا تفسر إرتفاع عدد الإصابات الموتى مرضى الطورىء دول لقحت مواطنيها كالنمسا ألمانيا الموجة الرابعة,ar
anger,حمى زكام وكحة ، الحين هاي الموسمية قالوا عنها كورونا متحور ، والله اكتفينا خلاص نبا نعيش,ar
anger,المشكله أنه الملقحين محرومين الدخول لكل الآماكن,ar
anger,كافي كذب ماحدا يصدق كذبكم تخرجتوا فديوهات مفبركة العالم ديموت مراح نصدق شي,ar
anger,والله المرض الحقيقي الاعلام الغبي العربية,ar
anger,بقائكك منزلك احسن تجييب الامراض والاشياء لأهلكك صاير واجد استهتار شي مسؤولية اللهم ابعد عنا الوباء والبلاء,ar
anger,اشان يبيعون لقاحاتهم واحنا تجاربهم إله الله محمد رسول الله,ar
anger,الله لايوفق الصين بتاكل اي شي ماكان وبتعدي العالم,ar
anger,قريبا سيدفع روج لهذا اللقاح لقتل الشعوب والقبائل وإذلالها ثمنا باهضا جدا جدا سنطاردهم علي ارض وتحت سماء,ar
anger,القضاء علي البشر وليس علي الفيروس الوهمي انتبهو سمومهم,ar
anger,حسبنا الله ونعم الوكيل ينشر ويصنع الفيروسات المخابر لإبادة البشر قدرة الله خططهم الخبيثة مافيا الدواء تفعل شيء للتجارة ولكسب الأموال المهم المال حساب ارواح الناس,ar
anger,حسبي الله ونعم الوكيل علي شركات البحث العلمي وشركات الأدوية كورونا هدا اسمة دمار العالم,ar
anger,لقد اجرمت الصين حق البشرية ويجب معاقبتها وتحميلها كافة الاضرار الناجمة عليهم الله ومقته,ar
anger,أسكت اذا ماتفهم العلاج لايعني سيطبق ايام والله الجهل كارثة العلاج الدواء اللقاح يحتاج أشهر لتجربتة الانتاج التوزيع ماهو عصاة سحرية اذا العالم كمامات ماعندها,ar
anger,جرعه ثالثه بوك لابو الي جابك انت ماشفتني يوم اخذت الجرعه الثانيه جلستنا اربع ايام ونا سكرات الموت قسمن احل القسم ان كلامي صحيح يفرضون علي جرعه ثالثه لانتحر تراها عاد؟؟,ar
anger,الرمان خالي الاضافات الكيماويه سماد وغيره فكل فاكهه خلقها الله مفيدة كطعام وعلاج يد الإنسان عبثت ولم تتركها طبيعيه خلقها الله,ar
anger,نصائح تخويف,ar
anger,مجرد تسويق وستغلال الناس المرض ودفعهم لشراء ادويتهم فالتخويف جريمة استغلال وضحيه,ar
anger,وسايل الاعلام والمستفيديين مايبون علاج مبسوطين هالوضع,ar
anger,الله يعطيهم عافيه مو معروف ان المتعافين اصيبو مره ثانيه فلما استغباء الناس واداخالهم بتجارب فاشله ومميته,ar
anger,ماعندهم الا سحب المال وتنظيف الجيوب مانبية متوكلين الحي لايموت بدون اختراعات فاشلة,ar
anger,اللي صايرعندنا شي طبيعي ويقتل ام المناعه والنفسيه وهي كثره مايحرر علئ الناس مخالفات كرهتونا بعيشتنا وقرفتونا تجدي معنا اي لقاحات لقاحنا الوحيد ان تخافو الله فينا,ar
anger,خربط مريط كذابين ؟ كلها أعراض أمراض البرد اللي نعرفها إنكم صادقين صنعتم علاج لهاذا المرض,ar
anger,قلت انت جاهل بالدين والعلم وفن المحاورة تجيد شيء أنك نائحة مستأجرة تهذي بمالا تفقه وتجادل امور تدل ضحالتك الفكرية والاجتماعية وتلهث وراء الفساد كالجرذ يعيش القذاورات,ar
anger,الإنسان يتجاهل لبس الكمام ينتقص قدرتها حمايته المرض إنسان جاهل أحمق وغبي يعرف أنه مصاب بالكوفيد يلبس الكمام فهو مجرم وشرير ويجب محاكمته وسجنه سنوات,ar
anger,الحين يجيك احول مريض نفسي ويقول الدواء يسبب العقم العلماء تشتغل وتبحث الدواء يخلص العالم المرض وهذا جالس الرصيف وقاعد يفتي الجاهل جاهل لبس ثوب,ar
anger,تاخذه وانت كلب انت وغيرك وراح تشوف انشالله وش حضرتك انت والحمير الي مثلك ماتخذون القاح همج,ar
anger,بأي يحق يوم تهددونا المرور جهه والتعليم والصحه والبلديات وجع,ar
anger,تم الاتصال اليوم المنطقة الجنوبية وتم حجز موعد وذهبت قسم بالله تعبت تعبب يعلمه الا الله ألم شديد وصداع رهيب والمسحه الخبيثه طويله والممرض سعودي وشكله حمار يكتفى بربع المسافه النصف شعرت بألم فضيع وأخرجها الانف جهة اليمين وادخلها الجهه اليسرى ونفس الالم والصداع والوجع ولم استطع اكمال صيام يومي وفطرت شدة الالم والصداع حسبي الله شكله جزار,ar
anger,الشعب مو مهتم بهذا الوباء مستهزين الأمر خليكم بيتكم وجع يوجعكم,ar
anger,شسالفه يوم حالات والمشكله كلهم برا المملكة طيب ليه تخلونهم يجون ياخي مشكلة يوم العدد يزيد تعبت نفسيتنا يوم يطلعون ناس جدد,ar
anger,حكومتنا الرشيدة سوو حظر التنقل المدن بالنسبة للناس هذولي ياخي اذا منت خايف نفسك خاف غيرك كبار السن والدين وأقارب اهلك تعز وتحب فكر العواقب والناائج تجيبون المرض صدق,ar
anger,والله العظيم ناس ماتعرف الحجر ولاتتقيد بتعليمات وزارة الصحه يخص الامر هذولا اللي اخر الحظر رساله لهؤلاء المستهترين اخوان دولة تدفع مليارات وفيه رجال امن تفطر الشارع عشان صحتك وانت مستهتر ماتجلس بيتك اغلب الحريم ياخذون عيالهم ويسيرون جيرانهم الحارة وهذي النتايج خافوا الله واسمعوا واستجيبو للاوامر الدولة تقدم مالديها امكانيات عشان نبقا بخير وصحة وسلامه تعاونو معها واجلسوا بيوتكم,ar
anger,الاغبياء يرحون يتجمعون بالسوبر ماركت وبسوق الخضرا خايف بطونهم الجوع ومهب خايفين كورونا قعدو البيوت جعلكم للريح,ar
anger,صرلي اسبوع مريضة بكورونا كتير تعبت مفاصلي حاسستن مكسورين الله ينتقم اللي السبب بنشر الفيروس,ar
anger,وجع,ar
anger,التسجيل المنظومة جداً صعب حاولت طلعت روحي وانا احاول برنامجهم معلق يقولي خطأ وانا يوم احاول ومتأكدة انها صح واجبات وكذا وكل صديقاتي دخلوا خلاص تعبت يوم احاول وغير ناس مامعهم جوالات ولانت بيدخلون ؟؟,ar
anger,تعليق ٢ تريد بالضبط الأعلام حولك والعالم امامك وتطلب منا النصيحه لماذا اتوقع مآرب اخرى الجميع يمتلكون عقولا وهي تقودهم للصواب وعليهم تحمل نتائج الاختيار وانت,ar
anger,مبدع رائع ياناصر واقول للي ينتقدوه عندك ٦٠٠٠٠٠ قناه مسلسل ناصر ليه تتفرج هههههههههه نفسكم,ar
anger,ناس همج يحرقون الجثث كمايفعل الهندوس,ar
anger,علقوا الدراسة نبي ، الكل خايف ووده يرتاح ويقعد بيته اهله بعيد التشتيت,ar
anger,يجب فرض أشد العقوبات الصبن اقتصاديا وعسكريا لتسببها بانتشار الوباء وبشكل متعمد,ar
anger,ملينا الحضر ساعه بيت دوام المفروض يختبرون يرفعون الحضر اذا ارتفع عدد الوفيات سبب كرونا يحضرون ثانيه,ar
anger,انا متضرررررره اكبر ضررر قرار التعليم احاسبمين التعليم لازم يرجع حضوري او يتعلموا كده هدر صحه وقت مال شوفولنا حل,ar
anger,صح النوم بدري ياوزارة التعليم نزلتوا القرار يوم الاختبار الصباح حسبي الله عليكم,ar
anger,الابتدائي يرجعون حضوري خلاص زهقنا يومنا مشلول بسبب وقت الدوام عدم حماس جدية الولد للدراسه فقط يحضر يعلم شي بسبب بيئة المكان,ar
anger,الى تعليق ياكذاب انت معلم عارف الشي التعليم الطالب مو فاهم شي الاختبار يحلون قروبات واتساب انت الحصه تجلس تقرا تخلصها الدراسه حضوري اهم شي,ar
anger,ضاع اليوم كله الجميع بطريقة يبدا الساعة ٣ الى ٧ خلوها حضوري الصباح وخلصنا,ar
anger,باقي أسبوع والنَّاس ماهي عارفة حضوري أوعن وهذا خطأ تتحمله الوزارة المقام الاول,ar
anger,الى معروف نضغطك ضغط خبر التعليم عشان تنقهر زيادة والدراسه حضوري,ar
anger,موتو بغيضكم الحساد المعلمون راحه او حضوري,ar
anger,العام ناس تويتر برا المملكة يطالبون بالدراسة حضوري وكشفوهم السعوديين الابطال منهم العراق عامل هاشتاق اشتقنا للمدرسة ترا وكان واضع شعار معناه الانتقام قتلة الحسين,ar
anger,الي يعلق ويلزم ويبي الدراسة حضوري ، انت وش محرق رزك ؟ انت عندك اطفال انت معلم علاقة بوزارة الصحة او التعليم ، وش تبي انت بالضبط ، حسد شي ؟ حول قوة الا بالله العظيم,ar
anger,الي مسوي يتفلسف يقول عيالي ماراح يحضرون حضوري خليه يتلزم بالاحترازءت وياخذ اللقاح مايجيه شي باذن الله اذا صدر القرار غصبن عنك تخليه يداوم حضوري حقوق الإنسان تمشي القرار خشمك,ar
anger,شفت صدتك طلعت معلم فاشل ماتبي القرار عشان تبي السفر راحت تداوم حضوري تاخذ بدل نقل ايش سنتين ماداومت المدرسه انتهى زمن الدلع,ar
anger,ليش اللف والدوران الدراسه حضوري المعلمين والمعلمات لازم ياخذون اللقاح اجباري الموظفين القطاع الخاص والحكومين والعسكر يوم يداومون يعني المدرس والمدرسة رأسهم ريشه مايداوم حضوري,ar
anger,المنصه ثقيله والانتر نت تعبان والطلاب والمعلمين دهشه,ar
anger,وفيه ناس تويتر خارج المملكة يطالبون بالدراسة حضوري قبحهم الله قسم بالله وجاب خبرهم سعودي وطلعو العراق اسم الهاشتاق اشتقنا للمدرسة ترا كشفو الشباب حشابة طلع رافضي,ar
anger,انتم مصدقين تره شوف الي يبي حضوري تره ورع ابن ورع يبي يطقع المكيفات الي يبي حضوري تره طفل معليكم تراهم أطفال متوسط تحيات وزارة التعليم,ar
anger,اخخ شكلي انا وحيده الي معصبه انها ايام ابتدائي ندرس حضوري,ar
anger,دحين ناس كتير ينجحو كدا وانا تعبت وجبت التاني المدرسه والي نايم طول الترم ينجح مقهور الف,ar
anger,حسبي الله ونعم الوكيل مانبييي حنا بالفصل وقدامنا المعلمات فهمنا وكيف بنفهم للعلم حنا عايله كبيره ندرس وبيتنا غرفتين ندرس وجع نشاء الله قدرو ضروف الناس خلونا درجات الفصل الأول يلعن والديك محمد المقبل ربي يقلع وجهك تبن,ar
anger,تفهمون انتو طيب انا راضي ادرس علمو استاذ الانقليزي اللغة العربية وجع يوجعه فهمت شي انا اول متوسط يعني اجيد اللغة الانجليزية بطلاقة,ar
anger,تركتوهم بالمدارس يكون احسن والله ارتاح الزحام يكون دراسه وخاصصه وقت الأختبارات يعني بكره زحام بالشوارع واختلاط ببعض وحوادث وعدم احترام النظام المروري قلق ياريت رجعت الدراسه اعطوهم يوم اجازه وكثير عليهم وتيتي تيتي متل مارحتي اجيتي ههههههههههههههههہَ هُ,ar
anger,التعليم حضوري ودمج التعليم كلام فاضي حصص الفني ومصادر المعلومات غرفهم مؤسسة والمعلمات يعتمدوا نت الجوال وتجي وحده الادارة تتفلسف التجهيزات جهزوا مصادر المعلومات ومواد الاختياري وبعدين قيموا,ar
anger,يعني ادا مافكرتون فينا احنا الطلاب فكرو الاباء الي ميزانيتهم مو تمام تخيلو يعطون ولدهم يوم مصروف حرفيا القرار مو حلو ماديا دينيا نفسيا شي رجعوه حضوري قلنا اترام اوفررر مرره,ar
anger,الكومنتات الي يبونها الحمدلله انها حضوري عشان تعدل املاءك انت وياه,ar
anger,وفي النهاية خلونا حضوري انتهت الجائحة,ar
anger,شفناه التعليم جايحه كرونا وهذي السنه حضوري وفوقها ٣ فصول,ar
anger,ياخذك حس فينا يأخي ٣ ترم هاذي ليش ليشششش ليش وفوق ماهذا تعليم حضوري ياخذك نفستي خربت وكله قرارتك,ar
anger,تكفوووون مانبي حضوري يعععع نبيه احسن,ar
anger,ابغى نبغى حضوري,ar
anger,نبغااا بعدد نبي حضوري حلو خلاص,ar
anger,المشكله يقول اشعب متحمس يبي حضوري جلطني يارجال الوزيرا بديت الايجازه وهوه منكد علينا قراراته لاو خلها يعني لازم احد يموت بعدين نحطها ترا كرونا بتطور,ar
anger,مانبغى حضوري أخي يليل,ar
anger,حسبي الله ونعم الوكيل فيك ياوزارة التعليم إحنى كورونا وتخلينا حضوري,ar
anger,الله ياخذكم مانبغى حضوري نبي,ar
anger,خييير حضوري زياده ٣ ترم مانبي حضوري تعليم اريح لنفسيتنا لدمغنا ٣ ترم هاذي الغوهه ماحد موافق القرار,ar
anger,الله يوفقكم انت والوزير التعليم عشان اخر سنه حضوري اركب,ar
anger,,fa
anger,يارببب حضوري لان بطاريه جوالي انعدمت مكالمات يوميا والوحده مدتها دقيقه وبرضو عيوني تعبو قوه التركيز الجوال وفي النهايه مافهمت شي,ar
anger,يخرب بيتك حضوري نداوم سنه كامله واليجازه ٣ اسابيع اقل شي خليها ولدك نجح ورجعتها حضوري يارب ولي يكتبون نرجو عودت المدرسه ترهم مخلصين,ar
anger,واللي عندهم إنترنت؟ حرام يعني تفكرون الكل اغنياء لازم تراعو شئوون الفقراء شذا بالتاكيد نقدر نحافظ صحتنا وعلى سلامتنا دام عندنا عقول بنفس للصغار وش فايدة المعلمين؟ تكفون خلوا حضوري نبي,ar
anger,كلام يكون اجباري دحين تاخذه كانك السجن مدارس تطعيم ايش فييي؟؟ ايش موضوع الحرية الشخصية ؟؟؟؟؟ تناقض رهيببب الكلام ليش امس مو اجباري التطعيم ويومنا اجباري بلف ودوران تقدر تدخل اي مكان الا بالتطعيم اسمه اجباري يعني نعيش بسجن البيت نروح نتلقح والبزران عمر ١٢ ليش ياخذوا اللقاح تراهم بفترة نمووو تدخل مركبة كميائية اجسامهم,ar
anger,ليش حفلات الغناء مفتوح تباعد وحفلات الاعراس مغلقة تناقض عجيب,ar
anger,تراكم جننتونا يوم قرار دام الدعوة شهرين فقط خلوها حضوري ياخي مافينا نشتري اجهزة حقة منصة وبعدها نشتري مقاضي المدارس والله هلكنا,ar
anger,حسبي الله ونعم الوكيل عشان يبي بنته تروح المدرسه مافكر كبار السن الي عندي البيت اعمارهم فوق٨٠ عيالنا مايختلطون با احد المزرعه والا البيت بدت كرونا عشان جدانهم والان نضحي فيهم بلاش دراسه,ar
anger,اصابتهم نادرة فهمناها السوآل البشر ينقلون العدوى يصابوا اجيبوا يامتعلمين يابتوع المدارس,ar
anticipation,الله يحفظنا ويحفظ مملكتنا ويحفظ المسلمين مكروه اعرفها البدايه,ar
anticipation,الله يحفض اخواننا السعوديه الله يكفيكم شره وانشاء الله ماتشوفو شر,ar
anticipation,اللهم إني أعوذ البرص والجنون والجذام سيئ الأسقام,ar
anticipation,كانت ايام عصيبه الله يبعد الوباء والبلاء,ar
anticipation,الله يرفع الوباء يارب عنا وعن بلاد المسلمين,ar
anticipation,الجرعة الثالثه جايه,ar
anticipation,مرحبا بالمتحور الجديد اوميكرون فانتظار متحورون جدد ان شاء الله,ar
anticipation,ممكن شرح اصابة الاطفال بهاد الفيروس وكيف يمكن التعامل معهم ومدى تاثير هاد المرض عليهم,ar
anticipation,اخذته انا امس احس بصداع وحمى والم المفاصل وبرد داخل جسمي الفترة وتروح؟,ar
anticipation,اللقاح يخلص وقته يعني او يبقى العمر الجسم؟,ar
anticipation,السؤال تعود الحياه كانت كلامكم اي جرعه بالضبط خلوكم صريحين وواضحين,ar
anticipation,سيتوفر لقاح فايزر للجرعة الثانية؟,ar
anticipation,تعود الحياه لطبيعتها وبدون كمامة,ar
anticipation,يأها السعوديه مسموح للي اخذ جرعات سينوفارم اللقاح الصيني الدخول للمملكه,ar
anticipation,الجرعه الثالثه تحتاج حجز موعد اروح,ar
anticipation,سنعود الى الوضع الطبيعي بدون اشتراط ابراز توكلنا لإثبات اخذ اللقاح؟ وصلنا الحصانه المجتمعيه تعد الامور كنا موعودين؟,ar
anticipation,ممكن سؤال اللي اخذوا الجرعه الثانيه؟ متي يطلع محصن توكلنا؟,ar
anticipation,تنتهي كورونا اشتقت اعطس راحتي,ar
anticipation,اتوقع كورونا الناس بيكملون عالكمامه,ar
anticipation,وش بيطلع بتوكلنا الجرعه الثالثه ؟,ar
anticipation,تُصبح الجرعة الثانية كافية لجسدك؟,ar
anticipation,الله يبعد عننا كورونا ويشفي مرضى كورونا ويرحم موتى كورونا وجميع المسلمين يارب,ar
anticipation,اجراءات جديدة فرنسا للحد انتشار فيروس كورونا ماهي؟,ar
anticipation,حالياً داعي للهلع المتحور الجديد لفيروس كورونا السبب,ar
anticipation,دكتور، انا اربعة شهور ونصف تعافيت، زلت اعاني اعراض ضيق النفس والصداع وتنميل والام بالأطراف، أمل تختفي الاعراض تماما؟,ar
anticipation,ماهي الطرق البسيطة لمنع انتشار أماكن العمل؟,ar
anticipation,انقسام اوروبي حول استخدام اللقاح وترقب النتائج,ar
anticipation,جدل فرنسا حول الزامية التطعيم ضد فايروس كورونا,ar
anticipation,ارتفاع اصابات كورونا وترقب القرارات,ar
anticipation,ترقب فرنسا ظهور سلالة جديدة فايروس كورونا,ar
anticipation,ترقب لتمديد او انتهاء الاجراءات الاحترازيه السعوديه,ar
anticipation,متحورات كورونا ستكون كثيره الفتره المقبله,ar
anticipation,تلغي ٥٠٠ رحله جويه بسبب تفشي فايروس كورونا,ar
anticipation,الصحه تتوقع موجه رابعة لكورونا الاشهر المقبله,ar
anticipation,بدء تزايد اصابات كورونا افريقيا,ar
anticipation,وربي بكييت يارب تعدي هالأزمة خير ويجي رمضان والمساجد مليانه بالمصلين,ar
anticipation,نريد ان نتناسى كورونا اخراج المواطنيين حالة الترقب والخوف,ar
anticipation,إِنَّكَ مَيِّتٌ وَإِنَّهُمْ مَّيِّتُونَ كورونا مرض أصاب برامج التواصل البشر,ar
anticipation,ترقب عالمي للنتائج سباق لقاح كورونا يمر الإمارات,ar
anticipation,العالم يعيش حالة ترقب,ar
anticipation,دول أوروبية تخفف إجراءات العزل لديها وسط ترقب الدول الأكثر تضرراً فيروس كورونا,ar
anticipation,زمن الوباء قلق تباعد عزلة ترقب وتفاؤل بحذر,ar
anticipation,ترقب لكلمة ترمب واحتمال إعلان الطوارئ الوطنية بسبب كورونا,ar
anticipation,نتائج مبشرة ترقب مصر لدواء محلي لعلاج كورونا,ar
anticipation,مجرد فيروس ارعب العالم كله مابلك اذا أشرقت الشمس مغربها,ar
anticipation,تكون الحلقة الاخيرة لهذا المسلسل ملينا,ar
anticipation,بد حظر بسرعه,ar
anticipation,حنا زمان الابتلاءات الامراض الفتن رب العالمين الفرج منك انت القادر شيء الله يحمي بلدنا,ar
anticipation,مثير للقلق جرعات كرونا اللتي فائده مواطن محصن بكامل الجرعات,ar
anticipation,بدو اننا نخلص المتحورات الاطلاق وسيضهر متحور تلو الاخر,ar
anticipation,سمحتو وزارة الصحة تخلص كورنا الله يكفنا شرها ونبقى شلمين غانمين,ar
anticipation,شي يحمي تطورات الفايروس المزيد قادم وراح يكون صعب دلتا وغيرها,ar
anticipation,ستموت أعداد هائلة البشر باختلاف السلالات وها وصلنا الان الى الكرونا سبعه والفطر الاسود مقبل بالطريق,ar
anticipation,تحصنت بذي العزة، واعتصمت برب الملكوت ، وتوكلت الحي لايموت ، اللهم اصرف عنا الوباء ، وقنا شر الداء ، ونجنا الطعن والطاهون والبلاء ، بلطفك يالطيف ، انك شيء قدير,ar
anticipation,فيروس كورونا بيضعف يوم يوم هانت التزموا بالتعليمات قربت وهانت,ar
anticipation,يارب دكتور تعدى السنه ديه خير وتخلص ويخلص الفيروس معها خير يارب,ar
anticipation,خلاص وشك الانتهاء هاذا الفايروس وبينزاح بأذن الله تعالى,ar
anticipation,باذن الله سبحانه فايروس كورونا سيزول شعوب لعالم قريبا يالله,ar
anticipation,باذن الله الصيف يزول وباء كورونا يالله,ar
anticipation,حسنا تكون الاصابه خفيفه شديده بقوه الفايروس بضعف المناعه الفيروس أنواع ضعيفه وأخرى قويه الفايروس,ar
anticipation,دكتور الله يوفقكم اذا امكن سؤال القاح امن لاصحاب مرض الربو,ar
anticipation,عاجل العالم ترقب لإطلاق اختبار يميز كورونا الإنفلونزا,ar
anticipation,المفروض يقفلون المطارات خارج المملكة ويطبقون الحضر ينتشر,ar
anticipation,تخدم وزارة الصحة ذوي الإعاقة؟,ar
anticipation,اللهم ارفع عنا الوباء يارب,ar
anticipation,انا فيني كرونا وباقيلي يوم وتشافى انشالله الحمدالله حال المرض جاني خويي,ar
anticipation,وضعي حاليًا مرحلة ترقب اعراض كرونا,ar
anticipation,لعلم ألله العلي العظيم ننتظر ونشوف إيش نهاية قصة كورونا,ar
anticipation,يترقب السوريون المناطق الخاضعة لسيطرة المعارضة شمالي البلاد وصول اللقاح المضاد لفيروس كورونا، وتواصل الحكومة المؤقتة بشمالي البلاد مشاوراتها الدول المانحة لتأمين اللقاح بأعداد كافية,ar
anticipation,الله يكفيهم شر كرونا وشر اللقاح,ar
anticipation,التجربه الثالثه ياأستاذ يعطى الى الفايروس الان فقط اجسام مضادة المعركه بدئت الان يؤخذ الاجسام المضادة تنجح قتل الفايروس الحقيقي ام لاتنفع,ar
anticipation,الله يكفينا شره وشركم وزاره الصحه,ar
anticipation,السابقون اللاحقون الإجراءات قادمة فاستعدوا,ar
anticipation,متحمسة لليوم اللي نرجع وينتهي كورونا,ar
anticipation,تفشي الفيروس بهذه السرعة والحجم اوربا بالذات لوكان اللقاحات مفعول وقائي حقيقه سوال يطرح نفسه؟,ar
anticipation,شكرا دكتور زوجي عندو كورونا بنسبه واخذ علاج وعند ايام العزل خلاص كمل المدة ام,ar
anticipation,دكتور جزاك الله خيرا انا انسي الوجي واوديلوالاكل وبدون مالبس كمامه وحاليا عندي حكه وحركة البلعوم بهذي الحاله ايش اسوي,ar
anticipation,اذا الاكسجين عادي والا,ar
anticipation,عندي اعراض الكورونا والحمدلله خفيت حاسة الشم والتذوق لسة شوية بقالي اسبوع اقدر اخرج العزل متي ؟,ar
anticipation,دكتور انا مصاب بكورونا ولي يوم ومازالت الكحة موجودة خلاص اخرج العزل او لالازم تختفي؟,ar
anticipation,عندي شهادة الله فيروس جاء بذنوب ويذهب ان شاء الله بتوبة ووعد الله حق لاتقلق دنيا اقلق الاخرة,ar
anticipation,والله اتشوف تجمعات الناس صالات الزواج والاستراحات وعدم مبالاتهم بهذا المرض الخطير تتوقع حصول كارثة الله يستر الجاي,ar
anticipation,مقبلين كارثة بكل تعنيه الكلمة كثير المقيمين والمواطنين مستهترين رادع وبعد ٤ شوال ستظهر الكارثة الحقيقية,ar
anticipation,والله اني كنت متوقع,ar
anticipation,حظهم نطعم ونرتاح قلق فيروس كرونا نبى نطعم ندفع اهم شى حياة الانسان,ar
anticipation,الي يقول ابتعد التجمعات والبس الكمام وتعقيم الآيدي العلاج الكلام صحيح العالم يبحث علاج او تطعيم يخلصهم الوباء واحترازاته بالحل الجذري الناس تبحث تطعيم مظمون,ar
anticipation,باقي ٦ ايام علي حضر التجول الله يستر اتوقع يكون تمديد ٢١ اخري او حتي اشعار اخر,ar
anticipation,يتبع الفيروس الموجود الان يجميع الخصائص للفايروسات وكذلك خصائص البكترياء مدة بقائه واتوقع ان يطلق الجيل الثاني يكون اشد فتكا بدليل انه يروج انه تحور الفيروس وتطور يتبع,ar
anticipation,البرنامج ضغط مو طبيعي بينفجر هههههههههههههههههههه الله يسهل الامور,ar
anticipation,اتوقع ان مجهود وزارة الصحه سيكون هيائاً منبثاء,ar
anticipation,سمحت انا يوم اتوقع مسجله تابع وقال انتظار الموافقه,ar
anticipation,الله يطول عمر إيل سعود ويطول عمرك يادكتور عبد العالي نرجو الله منكم طالعو أهل المدن كلهم بيعدون أهل الديره والزحمه والباقايل زحمه بيتعدوا وينتشر الوبا متعافي والي تعبان,ar
anticipation,اتوقع ندرس تيمز,ar
anticipation,شهور اتعب حشان اجيب شهادة تعبت حشان اجيب ممتاز يعني سنه قادمه,ar
anticipation,اتوقع فتره يصير عقوبه لكل احد ياخذ لقاح لحين ممنوع دخول مراكز تجاريه والمستشفيات الا لمن اخذ لقاح بوركت جهودكم,ar
anticipation,انا واجهتني مشكلة وتواصلت اكثر مرات ويتم التبليغ الإشكال بدون حل برنامج اكثر رائع بد إيجاد حلول سريعة لأي اشكال,ar
anticipation,اتوقع بتكون الثالثة ثابتة يعني بنفنقش,ar
anticipation,يالله كانت ايام عجاف الحمد ربي ولك الشكر بوسع رحمتك وحنانك وثائقي معبر رائع جددددا حرك مشاعرنا اخ يارب عقبال ماتفتح الروضة الشريفة وتبتل عروقنا بريحتها الزكية والصلاة والسلام قرب خير البشر الصلاة والسلام,ar
anticipation,الله اخليك دكتور التعافي كرونا اعاني الارق المستمر الحل سيزول الوقت ام سأضطر الى المنومات فقد تعبت جدا اريد استعمال ادوية مخدرة لانني ابدأ دوام عملي الثامنة صباحا,ar
anticipation,السعودية تعلق العمره للمواطنين والمقيمين مؤقتا بسبب الفايروس,ar
anticipation,النهاية يجيك اهبل ويقول كورونا مؤامرة,ar
anticipation,انا قلقة ارتففاع الاسعار وزيادة البطالة وبعدنا الدين,ar
anticipation,نبغى تعليق دراسه,ar
anticipation,والله احسن شي انهم الدراسه تكون نهاية الترم للحفاظ الطلاب والطالبات والمعلمين والمعلمات,ar
anticipation,الأمل بقرب التوصل لقاح لفيروس كورونا يعززه اليوم إعلان جامعة أكسفورد نتائج التجارب السريرية للقاح تعمل عليه، انتظار المراحل الأخرى للتجارب بانتظار صدور النتائج اليوم,ar
anticipation,الله يكفينا شركم ٣٦ طالب الفصل والله خلوهم دوام مدمج حضوري وعن تحشرونهم اما المعلمين انتم ادرى ركزو التحصيل وليس غيره وياليت يستمر النظام خفت زحمه الشوارع,ar
anticipation,طيب وزارة الصحه تسجل مواعيد إلكترونية يروح موعده ياخذ اللقاح وترجع الدراسه حضوري بنسبة,ar
anticipation,الى تعليق يامعلم ترجع حضوري مسأله وقت فقط يتم اخذ اللقاح يرجعون الكل حضوري خلاص تكفي سنتين وأربع شهور انت بعدها تخرج يوم مكان تتجمع يون قالو حضوري صحت الاطفال,ar
anticipation,الغاء التعليم وعودة الدراسه حضوري اهم شي تخف التجمعات والحالات المنصه الزحمه تكثر مكان والتجمعات وش فايدة الدراسه,ar
anticipation,بُعد حضوري,ar
anticipation,السنة فصول ياليت تبدأ الدراسة الفعلية الفصل الثاني والثالث والفصل الاول يستكمل فية الجرعات ويكون تجريبي حضوري وعن لمن يرغب,ar
anticipation,اهم شي يرجعون حضوري يخصص ساعات او ايام كتعويض فات دروس,ar
anticipation,ياخي الغي التعليم الموظفين الشركات والموظفين الحكومين يداوم حضوري مافي الا خير,ar
anticipation,الأحد القادم الدراسة حضوري للمتوسطة الثانوية بإذن الله ١٠ ٣٠ ميلادي حضوري للإبتدائية الحمد لله رجوع الحياة طبيعتها نوم الليل دوام دراسة النهار عزاء لخونة الداخل,ar
anticipation,الاحد الجاي ان شاء الله الدراسه حضوري,ar
anticipation,خلوهم حضوري المراحل لأن يفتح المنصة ينام او يكشت او يسافر الحضوري نام بالفصل المدرس يصحيه ينبهه اذا كشت او سافر يعتبر غياب,ar
anticipation,الدراسه حضوري مهمه جدا عشان لااحد يزعجكم ولدي مااختبر ولدي ماراح ولدي ماقدر يدخل بسبب الانترنت الكل ياخذ جرعتين يداوم الاماكن الناس تداوم حضوري,ar
anticipation,معلمي طلاب الإبتدائي يون كثير بالتعليم لأنه ١٠ ٣٠ ميلادي يكون حضوري بإذن الله وصول المحصنين ٧٠٪ أيهما يسبق يكون التعليم حضوري,ar
anticipation,الدراسه حضوري انسب الابتدائي لان المناهج صعبا رح يفهمون اذا ضلت ان شالله يرجعو يدامون حضورين قريب,ar
anticipation,الدراسة حضوري افضل لجميع الطلاب وارجوا ان تكون حضوري بدل ضياع الوقت وعدم الفهم,ar
anticipation,نطالب الدراسه حضوري بنسبه,ar
anticipation,الدراسه حضوري افضل حل تخف التجمعات والزحمه الكل يكون حضوري بنسبه,ar
anticipation,اصلا يفهم وانت تبيه يختبر المدرسه تكون الدراسه دراسه واختبارات والا حضوري دراسه واختبارات,ar
anticipation,الناس إيش والبعض يطقطق الدراسة أني أبي الدراسة حضوري بد التعقل وعدم الاستعجال,ar
anticipation,طيب حال التعليم حضوري وضع التباعد باصات نقل الطلبه وتعلمون ان نقل الطلبه اغلبهم طريق باصات خاصه لايطبق التباعد ارا ان يكون التعليم تنتهي الجائحه لانهدم ماتم,ar
anticipation,نطالب بالدراسه حضوري والكل ياخذ اللقاح يكون فقط اذا حالات فقط,ar
anticipation,يارب يخلو الدراسه حضوري,ar
anticipation,باقي اسبوعين وتبدا الدراسه حضوري ويمكن,ar
anticipation,مدري ايش جابني دحين يمكن الدراسة حضوري,ar
anticipation,اتوقع الاختبارات النهائيه المدرسه,ar
anticipation,اتوقع ان فقط فترة الاختبارات بيجمعونا نختبر صعبة موضوع اختبار,ar
anticipation,انا اتوقع ان ندرس نت والاختبار نروح المدرسه ونختبر ونطلع علئ طول مافي كلام,ar
anticipation,اتوقع اسبوعين الاجازه,ar
anticipation,انا اشوف ان الحل العقلاني انهم يحطون درجات الترم الاول لأنه بتكون الاختبارات اتوقع ان الطلاب بيجيبون ادري احس ان المدرسين حقين النت مايعرفون زي المدرسين اللي المدرسه,ar
anticipation,وفروا اللقاح للجميع ورجعوا الدراسة حضوري,ar
anticipation,تكفون اخي طفشت الصح طوني حضوري تكفون الحكومه,ar
anticipation,مين الي يبغى حضوري زيي,ar
anticipation,اول انا افضل حضوري لنه نفهم اكثر اغلب المعلمات يدخلون الحصه يتكلمون الشبكات الطلاب الطالبات الشبكات عندهم مو كويسه احس المفروض يكون ترمين اذا اترام يأثر نفسيتنا نصير نكره المدارس الآباء للامهات تعب عليهم هاذا راي,ar
anticipation,والله نبي حضوري والله تكفون نطلبكم طلبت رجال والله ترم,ar
anticipation,الا الأن ماقرور قرار صارم انه حضوري انشالله,ar
anticipation,الله يخليكم ياوزارت التعليم خلو المدارس جميعها يدرسون وخلو الابتدائي يحضرون قلتم المتوصد وثنوي حضوري لماذا الابتدائي الله يحفضكم رجعو المدارس الله يخليكم والله يكفينا شر كورنا,ar
anticipation,الابتدائي حضوري ؟ اتمنى يكون حضوري الصف الاول والثاني والثالث ابتدائي لانه متعب ومافي فايده يفهمون الدروس لازم نشرح الدروس مره ثانيه والاختبارات ضروري تكون حضوري عشان المعلومه تثبت واذا اخطاء يتعلمون خطاهم ويحسنون مهاره الكتابه للطفل مو الاسئله اختيارات اعرف ان الصحه والسلامه اهم وجهة نظري لازم يكون يومين حضوري الاقل عشان يشوفون اذا الاطفال مركز حصص ال واذا مو مركز يسوون حصص اضافيه حضوريه عشان يساعدونه الفهم ويسوون اختبار مراجعه الدروس الي تم دراستها ايام الحضوري عشان يشوفون مستوى الطلاب وعشان يتعبون الاهل,ar
anticipation,الابتدائي حضوري حرام صغار مايتحملون كورونا قولو حضرووووري او ؟,ar
anticipation,قصدهم ان يكون شروط درسه يعني حضوري قلوه زمن,ar
anticipation,يعيال تكفون الابتدئي حضوري تكفون,ar
anticipation,زبدة الموضوع حضوري او تحمسونا بلأخير,ar
anticipation,بله نبي حضوري تكفى ابي اشوف اصدقاءي,ar
anticipation,والله مدرس نبي مدارس ابتدائية حضوري كلها,ar
anticipation,يارب السنه الجايه مابغى حضوري أسباب مقنعه تخليني ابغى خلو السنه الجايه,ar
anticipation,يارب يكون التعليم السنه القادمه ويارب اي احد يتمنى ان تكون حضوري فا انا اتمنى ان يأتيه الاسهال طول اجازة الصيف,ar
anticipation,,ur
anticipation,رب رب الفصل الثاني ولي عنده النت المدارس مفتوحه روح اختبر وروح سلم واجباتك عذر النت أولاً ثانياً الوزاره تعبت يوم سوت برامج وكل يوم تواجهه مشاكل تعبوا وطلعوا برنامج تعب نقدر خلالها الدراسه اكيد بخلون التعب الي واجهوه يروح لازم يستمر الدراسه ارفعوا تعليقِ,ar
anticipation,نبي اليوم تعليق ناري وازة تعليم قولو نريد اختبارات عبرو توتر أرجوكم,ar
anticipation,حضوري تكفووون شيء المدرسه ؟؟ حضوورري,ar
anticipation,طيب رجعوا الابتدائي حضوري المتوسط والثانوي يداومون يوم يوم حضوري ويوم اتمنى الرد,ar
anticipation,يقولن إنو صف حضوري صح غلط,ar
anticipation,نرجومن وزارة اتعليم تعود المدارس حضوري البتداي نرجو يارب,ar
anticipation,,ur
anticipation,نبغى حضوري,ar
anticipation,المتوسط حضوري,ar
anticipation,تكفون الا الرابعه الستون خلوه حضوري تكفون,ar
anticipation,قولو حضوري,ar
anticipation,يارب المدارس الابتدائية حضوري ويارب مافي ايجازه,ar
anticipation,ياررررب حضوري ياجماعة آخر سنة ابي اشوف المدرسة وصحباتي والله اشتقت,ar
anticipation,شباب الي صف اجمعة حضوري اتوقع انو فل فديو قال اجمعة انا ودي حضوري ولله ابتداي ماقل انو كلو الصفوف,ar
anticipation,رب العالمين ان المدرسه حضوري,ar
anticipation,أرجوا ان تعود الدراسة حضوري للابتدائي أقرب وقت لتعود حياتنا طبيعية أحسن,ar
anticipation,اهم شي حضوري يدخلون بشاشة تلفزيون او ثلاجة,ar
anticipation,السلام عليكم ورحمة الله الفيلم رائع ومؤثر جدا لخص أحداث شهور دقائق فنسأل الله العلي القدير يرفع الأمة الإسلامية والأمة جمعاء الوباء وأن يردنا مساجدنا سالمين غانمين وأن يحرمنا الصلاة الحرمين وأن يرد كيد الكائدين وحقد الحاقدين دولة التوحيد والسنة ولي ذالك والقادر أخوكم محمد الجزائر,ar
anticipation,اتمنى اعادة النظر عودة طلبة الابتدائي والله اغلب البيوت عندهم يعانون امراض مزمنه والاطفال ناقلين للمرض لصعوبة الزامهم بالالتزام ارجوك ياوزير التعليم والصحه ابنائنا امانه اعناقكم,ar
confusion,كانت اللقاحات تحمي الشخص الملقح، فلماذا يخاف الملقح؟؟ كانت تحمي جرعات ، فلماذا نثق بالرابعة ؟,ar
confusion,وش دراهم انها بتنتهي يعلمون الغيب؟ او مفتعله منهم كورونا؟ والله ماعرفنالهم للان,ar
confusion,افهم يتم اكتشاف السلاله الجديده الا يومين او عرفو ان اللقاحات يليق المده القصيره ؟؟؟ كيق تكون الابحات بهذه الدقة تعطي نتائج بهذه السرعة,ar
confusion,طيب احنا الحين فينا كورونا ومارحنا المستشفى عادي صح,ar
confusion,مافهمت يعني نروح عمرة بدون تصريح,ar
confusion,انا ماخذ جرعة اولى يومين وللحين ماجاني اي شي توكلنا رسالة؟,ar
confusion,وكيف نعرف اذا احد مصاب ومافي مقياس للحرارة؟,ar
confusion,عادي اتلقح ونا فيني كورونا؟؟؟؟ ليش بدون حاجه,ar
confusion,سؤال ليش يطلب مني التطبيق اشغل ال بلوتوث,ar
confusion,تفشى الفيروس بهذه السرعة الحجم اوروبا بالذات اللقاحات مفعول وقائي حقيقة سؤوال يطرح نفسه ؟؟,ar
confusion,العجيب الأمر الفيروس يتحور ليصبح أقوى ولم نسمع متحور أضعف,ar
confusion,,fa
confusion,قالو الأعراض بكرونا تختلف اعراض الانفلونزا,ar
confusion,يقول كلام مختلف كلياً كلام الاخر الحقيقة يعلمها الا الواحد الاحد,ar
confusion,موضوع كورونا عجيب غريب,ar
confusion,ملقحين باوروبا وعم بيموتوا بالكورونا؟,ar
confusion,مسلسل كورونا طويل جدا، نهاية وماهو الحل؟ عقاب الله او ابتلاء؟,ar
confusion,والله ضاعت علينا الحقيقة يوجد التقرير مدى تأثير اللقاح المدى البعيد يعني سنوات أخذه مضاعفات,ar
confusion,التهاب الحجنره يعتبر اعراض اللقاح ؟ لاني خذت التطعيم اليوم الي بعده خالطة امس فحصت النتيجه طولت الصراحه ماعرف اذا اللقاح ياني كورونا,ar
confusion,زلت مقتنع بالتطعيم,ar
confusion,وصف التطورات اليومية المرعب والمخيف والمقلق مفيد لأحد,ar
confusion,قلق توتر أحجز موعد أرجع أحذف,ar
confusion,التطعيم خير وحجج مقنعة فهي كافية ليبنى عليها حملات ترويج,ar
confusion,نعود لقواعد الإغلاق؟,ar
confusion,تحورات كورونا تثير الشك,ar
confusion,الله يعتق المسلمين منة شرة,ar
confusion,متحور دلتا مثير الشك بسبب سرعة انتشاره,ar
confusion,نتعامل نوبات الاكتئاب كورونا ؟,ar
confusion,لزيادة الترهيب تم رفع الحالات اليوم,ar
confusion,تنقاض كبير قلق تراجع التطعيمات الدول وبنفس الوقت الكميات المعززه الجرعات الحل,ar
confusion,أش التناقض سرعوا عملية التطعيم حنا متأكدين فاعلية اللقاحات؟؟؟؟,ar
confusion,تصريح متناقض خذوا التطعيم يكون فعال,ar
confusion,عرفوا ووصلوا لهذه الادلة والمتحور كمل شهر,ar
confusion,تم تطعيم أفريقيا بنسبة ٪ فقط ، واختفى فيروس كورونا عمليا,ar
confusion,كنت حيرة أمري بخصوص تلقيح إسرائيل شعبها بنسبة ولايوجد بينهم وفيات اثر اللقاح نسمع بقية الدول,ar
confusion,المنظمات العالمية حيرة بسبب كورونا وطرق تحديد أعراضه وسبل الوقاية ،,ar
confusion,فايروس كورونا هكرز يوقف وسائل التواصل الإجتماعي ويجعل العالم حيره,ar
confusion,استمرار القصف والخوف كورونا يعيش أهالي جبل الزاوية حيرة أمرهم جبل الزاوية، ريف ادلب ، سوريا,ar
confusion,بحة الصوت تعبتر أعراض الكورونا,ar
confusion,يادكتور زوجتي مصابة الفيروس وأنا مصاب ولله عجيب عائلتي اشخاص مصابين وانا لدي الفايروس,ar
confusion,والله العظيم احترنا نصدق مين ونكذب مين يارب احمينا وكفنا شر المرض اللهم ارادنا بشر اشغله نفسه وأجعل تدبيره تدميرا,ar
confusion,اللي يحير العقل الصين مصدر الوباء عدد الإصابات اقل بكثير الاصابات اوروبا وأمريكا شي يثير الشك والريبة,ar
confusion,دكتور يعني حالة الإصابة بكورونا ناخذ الدواء المناسب أغاب الاطباء لدينا يوصفون أزيثرومايسين,ar
confusion,دكتور يمكن للمصابين بكرونا أعراض نشر المرض المصابين بأعراض ؟؟,ar
confusion,دكتور المدة يصبح مريض كرونا ينقل العدوى ؟؟ يشفى بصفه نهائيه وتصبح نتيجة الفحص سلبيه ام خلال ايام فقط,ar
confusion,دكتور سمحت ماهو الدواء تنصحنا سمح الله اصبنا,ar
confusion,دكتور العلاج يضارب اللقاح,ar
confusion,ارجوك دكتور ارجوك جاوبني انا برضع واصبت بكرونا ممكن اخذ دواء ازيكس,ar
confusion,امور دكتور تفسد اللقاح غسل اعضاء الجسم لمدة يومين جزاك الله خير ؟,ar
confusion,لبعض يقول اي اخذ الجرعه الاولى اللقاح ، وبعد مده اصيب بزكام ورشح وعمل مسحه ، الطبيعي تكون الحاله ايجابيه ويقولون مصاب بكورونا لأن الفايرس موجود اللقاح اخذه اتكلم باالتحديد لقاح فايزر فهل اخذ مسحه اللقاح طبيعي تظهر الحاله ايجابيه ؟؟,ar
confusion,تعتبر الكحة الجافة بدون ارتفاع حرارة او ضيق تنفسي دليل للأصابه بكورونا,ar
confusion,ابي اعرف اخذ اللقاح والا ؟؟,ar
confusion,حس باعراض امس خالطت وحده الصباح يعني اليوم اليوم الثاني او الاول؟,ar
confusion,المنزل احد افراد اسرتي يعاني كورونا نتعامل معه؟؟,ar
confusion,الله يشفيك يارب عندي استفسار اخوي الشخص اذا اصيب كورونا وش يحدث تطبيق توكلنا الشخص محصن بعدها وكم يوم تاخذ فترة تعديل الحالة وهل لازم تعدلها تطمن توكلنا يغير حاله تاريخ المسحة الشفاء بإذن الله,ar
confusion,شالخرابيط تجي سلبيه والشخص مصاب؟ عندكم تخبط مو طبيعي,ar
confusion,رقم بلاغات التجمعات ؟ ببلغ,ar
confusion,اعراض كورونا الزكام لفترة طويلة لدرجة فقدت حاسة السم والتذوق؟ بدون اي اعراض اخرى؟,ar
confusion,طيب لقى علاج للكرونا اشاعات,ar
confusion,شباب وش رايكم باللقاح خدعه ام دواء اي شخص اخذا اللقاح ؟ بدون تجاوزات رجا حوار راقي رايك,ar
confusion,تفشى الفيروس بهذه السرعة الحجم اوروبا بالذات اللقاحات مفعول وقائي حقيقة سؤوال يطرح نفسه ؟؟,ar
confusion,لسؤال المطروح، فعالية اللقاحات؟؟؟ ٪ الألمان تلقوا اللقاح,ar
confusion,والسؤال المطروح ،لماذا للأطقم الطبية، لنقل موظفي قطاع الصحة يرفضون تلقي اللقاح؟؟,ar
confusion,شكرا دكتورنا المحترم لدي سؤال دام فحص المريض التعافي ان إيجابي فهو معدي فلماذا وجب اجراء مسحتين متتاليتين التعافي يمكن الاكتفاء بمسحة واحدة,ar
confusion,دكتور ياليت ترد انا صارلي اكثر ٧ ايام منحجره لانه فيني كرونا تاريخ ٩ الين الحين وتاريخ ١٩ اخلص الحجر اقدر اسافر واخالط الناس او اذا سويت المسحه وطلعت ايجابيه ؟,ar
confusion,دكتور انا اخذت اول جرعه مودرنا وبعدها بيومين سويت مسحه وطلعت نتيجتي ايجابيه وعزلت نفسي عندي سوال المفروض اخذ الجرعه الثانيه انا اعراضي كانت جد خفيفه,ar
confusion,دكتور شهر وعشرة أيام مازلت اعاني عدة أعراض يكون الشفاء تماما وكم تستغرق المدة؟ شكراً,ar
confusion,اذا اللقاح يمنع العدوى فما جدوى اللقاح اذن الوباء جديد الاطباء لذالك تجدهم حيرة تشخيص الفيروس واجبارية اللقاح فمنهم يؤيد اللقاح ومنهم يعارضه والناس حيرة بينهما,ar
confusion,تقسم بالله أفقه شيء ، هدا الضحك الدقون ، الأول قالو كورونا تقتل بالمائة البشر اللي كبير السن عندو امراض طيب، الان يموت رغم اللقاح الكبار اللي عندهم امراض، ارجوكم فهموني هدا الهبل العلم ان اللقاحات التقنية الجديدة قتلت شباب عمر الزهور بجلطات او اصحاب فقر الدم، تصيب عدد الناس بالشلل النصفي المؤقت اخد لقاحات جونسون استرازينيكا فايزر، اللقاحات الصينية اقل ضرر يبدو الله اعلم,ar
confusion,ان تلقت كثير الناس اللقاح ازدادت الإصابات ياترى ماالسبب,ar
confusion,وبدون سبب اصبح تنفسي ضيق جدا بدون اي اعراض توجد فالفيديو الا الاسهال ترا يمكن ان يكون كورونا العياذ بالله؟,ar
confusion,قررت أني اللقاح العيد ان شاء الله تنصحوني لقاح لقاح فايزر لقاح أسترازينكا ؟,ar
confusion,جماعه انا فيني ضيق تنفس بدايه يعني فيني كورونا,ar
confusion,ماعرفنا مره مايموت وخفيف ومره يموت ويخوف وخطير,ar
confusion,فى المنزل احد افراد اسرتي يعاني كورونا نتعامل معه,ar
confusion,ليش يكون امكانية تصنيع اللقاح لأي متحور موجودة بالممملكة؟ يعني امكانية تصنيع اللقاح لأي فيروس تحور ليش تصير موجودة بالممملكة؟,ar
confusion,يشاع اللقاح يسبب العقم صحيح إشاعة فقط أرجو الإجابة فضلكم,ar
confusion,ليش تحورات؟,ar
confusion,احس الجرعات هاذي مالها مفعول لان مفعول ماتنتشر,ar
confusion,اللقاح موجود لكل متحور وقبل ان يظهر,ar
confusion,يمكن ان يكون اللقاح سبب تحور الفيروس وان يصبح اشد عدوانية الله اعلم وحتى وان فلن نعلم ابدا,ar
confusion,,fa
confusion,ياخي يقولو انو لقاح كرونا يسبب امراض ويقتل سنه ويسبب التهاب بلقلب صدق هاذا؟,ar
confusion,كتور انا عانيت فيروس كورونا منذ٥ اشهر ولازلت اعاني المشكلة دكتور اني مضطرة اعمل عملية الكليةلاستخراج الحصوات وانا خاءفة اعملها جاوبني ارجوك دكتور اسرع وقت ممكن ارجوك دكتور وجزاك الله خير,ar
confusion,لسلام عليكم دكتور فظلك محتاجة تفسير لحالتي لديا خذران كامل الجسم استطيع المشي مشيا سليما استطيع صعود الدرج رغم اني اجريت الفحوصات وكلها سليمة وطبيب اجرى راديو قالي لقد اصبتي بالكورونا اشهر اريد تفسير حالتي,ar
confusion,السلام عليكم دكتور يعني ان الالتهاب خف لمريض كورونا العناية وعلى التنفس الصناعي ومريض سكر كانت نسبة الالتهاب ٥٥,ar
confusion,دكتور الاسهال حالة كورونا يأخد وقت طويل علما ان مدة تفوق يوم العدو ومكان عندي اسهال الامرة واحدة الربعة ايام الاخيرة عندي اسهال هاذي لس اعراض كورونا يادكتور او بسبب أخر,ar
confusion,دكتور ارجوك جاوب زوجي مصاب بكورنا بلدم يشافه بسرعه يارب السفاء,ar
confusion,يبقي السؤال يجب عنه احد ، اين اتى كورونا ولماذا,ar
confusion,دكتور سلام عليكم انا مصابه بفيروس كورونا ٧ ايام والان انا حجرت نفسي بغرفه احجر نفسي اختلط اولادي وبناتي,ar
confusion,انا كنت مصاب بكورونا والحمدلله كملت ٢٥ يوم يوم المسحه الإيجابية بقى عندي سعال خفيف وزي الثقل الصدر، ضيق تنفس ثقل الحين والآخر اعتبر متعافي ؟ وهل اقدر اخالط وأروح دوامي بدون اعدي حد علمًا بانه توجد عندنا مسحه ثانيه للتأكد اذا الفيروس موجود او أرجو وشكرا جزيلا دكتور,ar
confusion,فيروس كورونا يحير العلماء ويراوغ جديد ويقتل مصابيه بالتسلل لقلوبهم,ar
confusion,اوقات أشك مافي كورونا ووقات اقول كورونا لعبة مصطنعة ووقات اقول كورونا مرض خطير,ar
confusion,الله أكبر يوم يكتشفون أعراض جديده لهذا الوباء نسأل الله السلامه الندامه,ar
confusion,لاحول قوة الا بالله العلي العظيم يارب لطفك مرات تقولون بتلف فالرئة ومرات الكبد ومرات الدماغ وحاليا القلب الإعلام بحد ذاته فيروس مرعب,ar
confusion,كورونا رجعت مسرحية طويلة ومملة ،،,ar
confusion,ميكرون كرونا جيل جديد الله يخلف النهاية,ar
confusion,الانفلونزا العادية عندما تجيني با بتعب الام العضلات والمفاصل تعرف نميز اعراض الانفلونزا واعراض الكورونا؟,ar
confusion,المسحة تفرق الزكام لأن شخص سوا مسحة وهوفي حالة زكام وطلعت إيجابية رغم وجود اعراض,ar
confusion,متي ممكن اخذ الجرعة الثانية اللقاح اذا الشخص مخالط,ar
confusion,طبعا انا اخذت مايلزم فيتامينات ومعادن رغم ان تحاليلي كويسة واكيد بقولك اني كبيره السن عندي سكر ضغط موش عارفه ليش جاتني قوية رغم ان زوجي اكبر مني بكثير ولم توذيه,ar
confusion,يقال عدد سكان المانيا مليون نسمه والي اخذوا اللقاح مليون وكل يوم الف مصاب اشلون يعني ؟,ar
confusion,الطبيب اعطاني أكسارونت التعافي كورونا والطبيب قال أستخدمه لمدة شهر ونصف فهل يجب ان أجري تحليل فتره ماراي حضرتك ؟,ar
confusion,السلام عليكم دكتور اجريت تحليل اسبوع وطلع عندي كورونا وعزلت نفسي لحد الان لاتوجد عندي اي اعراض والحمدلله المده ابقي بالعزل ؟,ar
confusion,السلام عليكم سؤال مالاضرار خلفها كورونا الجسم,ar
confusion,متحور مكسموس الأخطر، يبقى السؤال جاءت كورونا المستفيد,ar
confusion,كورونا،متحور دلتا،متحور بعشرة،يعني اللقاح ينتهي، وماذا يفعل اللقاح لجسم الإنسان؟ وماذا سيقع للناس الملقحين المستقبل؟,ar
confusion,العام الماضي الاصابات بالالاف والوفيات قليله جدا اقل عام وفاة والان جت اللقاحات وكثرة الوفيات والاصابات اقل بكثير العام الماضي الفيروس تغير والا وش السالفه,ar
confusion,توقع خاطئ لأنه يمكن لأي دولة تطعم سكانها سنة او سنتين الا كانت الدول الصغيرة بعدد مليون ايضا يوجد ناس يرفضون التطعيم فكيف التصرف معهم؟,ar
confusion,لايوجد لقاح للزكام اما الانفلونزا فهو توقع لقاح سنوي يعني يتوقعون نوع التحور ويسوون اللقاح وانت وحضك والايدز مية سنه والكورونا حديث ولسا مو عارفين عنه شي ويقول اكتشفنالقاح,ar
confusion,الى الان يوجد لقات فعال بنسبة للكروناااااااا العالم حيرة,ar
confusion,لماذا درجة الحراره منخفضه جدا جدا الى الحد سؤال يثير الشكوك الا تكفي درجة حراره صفر او قريب لحفظ اللقاحات لماذا درجه,ar
confusion,٢ يوجد علاج ؟ اتوقع علاجه الخفاش نفسه فهو يملك المضاد,ar
confusion,تناقض كبير المتحدثة البيت الا بيض قالت مليون يومين قال با يدن مليون يعنى فى يومين مليون بداية اللقحات فقط مليون المتحدثة فى البيت الا بيض اكثر مصدقية,ar
confusion,التصريحات تناقض وجود اللقاحات وانه فايده ،، او انها جهات أهداف ضد جهات التنافس كعكه كرونا,ar
confusion,تناقض حديث متحدث وزاره الصحه والمتحدث بإسم صحه المدينه؟؟,ar
confusion,السؤال اقتنع المتشدد بأن وباء صنع البشر وليس عقاب الله عز وجل ؟ اقتنع بأن عقاب الله يدهب علاج او تطعيمه ؟ اقتنع بأن الصراخ والتهويل ازعجنا ماهو الا سبقه ازعاج ؟ اقتنع بأن الله رؤوف خلقه ان رحمته تسبق عذابه ؟ اقتنع بأن الاستغفار لايوجد عذاب وهذا وعد الله ؟ اتمنى,ar
confusion,كذابين ولما يصاب الجرعة الثانية يقولون نادراً هالحالة تصاب,ar
confusion,زمان سمعنا عنه الفيروس جديد واذا كانت الطمئنه فهذي مشكلة تطمن الناس يبلشون التحذير المخاطر واجب الي يقلك الناس ومدري ايش جاهل طيب اطمنك وتتختلط تنصاب,ar
confusion,اقول يقولون المتوفين بكارونا يوميا ويوم ويم وانا اشوف عكس بمنطقتي يوميا لايقل وفاة كارونا تناقض صريح,ar
confusion,الكمام السوبر الماركت اتوقع مطلوب لان يمكن مصابين مايدرون,ar
confusion,تناقض كبير كلام العالم الشيطاني يقول الدقيقة ان فيروس كوفيد يتنقل طريق الملامسة ينتقل طريق جهاز التنفس والتقرب الشخص المصاب بينما نرى دول العالم ان المتوفي جراء كوفيد يلف بلاستيك يوضع ورق الألومنيوم يوضع صندوق ويدفن احيانا بآلات الحفر فهل الميت يتنفس يتكلم ويصدر فمه رذاذ لعاب ؟؟ بربكم تعاملوننا أننا بشر ماشية حمير ؟؟ يصدق التناقضات ورائها شر محدق سيحل بالخراب والهلاك البشرية انتم معشر الماسونيين,ar
confusion,تناقض اول قالو مو اجباري اللحين اجباري تبونا نثق فيكم ونتم كذوبين مراح ناخذه ورزقنا الله وصحتنا واجسادنا ملكنا مو ملك لقرارتكم ماقول الله يرحم الملك عبد الله يخاف الله شعبه صدق,ar
confusion,دكتور أخذت جرعتين تطعيم سينوفارم وبالرغم اصيبت بكورونا الحمد لله قويه بدليل انني ادويه جسدي نحيل وبحس بالتعب مجهود وعظامي وجع مستمر,ar
confusion,اصبت شعبان بكرونا لحد الا شم رايحة القهوه رقم انا مانستعمل القهوه ابدن نشرب الشاي فقط حد عنده حل تعبت,ar
confusion,سلام عليكم امس اخذت لقاح كورونا قمت شوي وانا تعبان فيني حرار صداع وتكسر الجسم واحس القي ومالي الاكل احد خذ القاح ادري اضرار اكثر طبعا اخذ اللقاح يقول وش معه اسم اللقاح اللي خذيتها لقاح إكسفورد,ar
confusion,غريبه الفيروس يتشكل مره ناس اصابهم ولاظهرت عليهم اعراض الحرارة والعكس صحيح وفيه منهم أستمر الصداع معه فقط وغيرهم جفاف بالحلق والبعض ضيق تنفس فقط محير جدا الفيروس ؟,ar
confusion,تناقض بشكل كبير,ar
confusion,قدر الله اصيب الطالب او الطالبة بيغيب ويجلس بالبيت طيب ليش يجلس يدرس سليم بصحة وعافية,ar
confusion,مره اقل خطورة ومره اشد فتكاً ،،،، ياخي مين الي يصرح بهذي الامور ومين ينقل مين مدري احنا نعيش كوكب والا اكوان متعددة نفسي اعرف ومتأكد ان التصاريح السلبية والايجابية تعود لنفس الجهة,ar
confusion,ماعدنا نعرف الصادق الكذاب يحذر وواحد يهون وواحد يبشر وواحد ينذر,ar
confusion,بصراحه الواحد مو عارف انفلونزا عاديه او ميكرون اوكارونا هالاجواء البارده ماتفرق الانفلونزا العاديه وبين الكارونا,ar
confusion,والله حيرتونا مره تحذرون ومره تبشرون,ar
confusion,لماذا لايعملو المسحه المطارات مباشرة وليس مراكز عمل المسحه يوم ؟؟,ar
confusion,عجيب أمر البلد، نقاش حول مؤامرة كورونا خطة وزارة الصحة سلامة اللقاح، رفض فرضه، فريزرات,ar
confusion,استاذ دواء سيبروفلوكساسين مفيد ضد كورونا علما اني مشتبه حالتي وعند اخذ الدواء احس بالتعافي,ar
confusion,شكرا دكتور مر شهر اصابتني بكور ونا ظهر الفحص ايجابي رغم اختفاء الاعراض العمل,ar
confusion,المريض بصرع فائق يواصل التعليم ؟,ar
confusion,قلق قلق أولياء الأمور بيكنوا قلقين المدرسين قلقين الطلاب قلقين وضح معالي الوزير الآلية المتبعة لإكتشاف حالة داخل القاعة الدراسية؟ ستمر فرق ميدانية صحية الطلاب يوم؟,ar
confusion,مافهمت الابتدائي حضوري او,ar
confusion,ياجماعة انا عمري وداخل السنة اول متوسط يعني حضوري وعشان اروح حضوري لازم اخذ اللقاح وعشان اخذ اللقاح لازم يكون عمري ايش اسوي,ar
confusion,ضحكتني نعلم مرض بالفعل وهل شيء اسمه فيروس كورونا يكون فيروس اتوقع يصل لهذا المستوى,ar
confusion,,ur
confusion,بنهار المقطع الجرح يوم تعلقت الدراسة وسمعت الخبر يوم الاحد كنت اذاكر عندي اختبار يوم الاثنين ولمن سمعت الخبر وقروبات الجامعة عندي اتحرقت رسايل انهرت ادري ابكي كانت حالتي زي الهبلة والله استغفر الله صح انه حلو يخي ابغا ارجع حضوري وحشتني الجامعة والركض القاعات,ar
confusion,انا المشكله مدرسه اهليه يوم الخميس انقطع السحاب التنوره قلت لابوي يصلحه وتعبت يوم السبت وغبت الاحد بعدين سويت قطه صديقتي وابوي جاب شيبسين بعدها علقو دراسه وكنت اكل الشبس وانا كلي دموع اعرف احدد وضعي,ar
confusion,ياخي ليه نبي وناس الي تبغى حضوري مادري وش فيهم اقعد بالبر الحالي بليل اروح المدرسه,ar
confusion,المحلات المطاعم السفر هاذي الشخص مو إجبار طيب يمكن عايله مهتمين انفسهم مايطلعون يتخالطون واخر شي المدرسه حضوري إجباري تجيهم كورونا وش الفايده,ar
confusion,ليش تبون حضوري تكفى علموني,ar
confusion,وشو الحين بيكون وفيه حضوري يصير قررو ترم ترم حضوري نبي نص ونص,ar
confusion,الابتدائي حضوري بعدددددد؟؟؟؟؟,ar
confusion,قالت حضوري ماندري المنصة؟,ar
confusion,الابتدائي حضوري مدخله بجرعتين او بجرعه وحده ان عمري تكفين ردي,ar
confusion,طيب انا عمري١١وصف اول متوسط يعني بحضر حضوري ولا؟,ar
confusion,تكفين ردي المدارس الابتدائية حضوري او,ar
confusion,طيب لوسمحتي انا عمري ١١ سنة ورايحة اولى متوسط لاكن رحت اخذ القاح وقالو ان اقدر اخذه لان عمري ١٢ سنة يعني رح ادرس حضوري ؟ ردي بليززز,ar
confusion,طيب متوسط حضوري,ar
disgust,يعني تجارب اللقاح تعليق,ar
disgust,شكلهم يبغونا نتحور التطعيمات,ar
disgust,حبي طريقة اقناعك قديمة مارح اخد اللقاح احط الكمامة والحامي الله اصلا الكرونا لعبة خارجية ومؤامرة الله مارح ينسى اللي عملوه,ar
disgust,كانت وحده صارت ثنتين والحين ثالثه بكرا رابعه وخامسه وللأبد ومو اجباري فجأه غصب عنكم تاخذونها تتعطل حياتكم انتم تصادرون حريات البشر بالأجبار وبعد کل شوي طلعتوا اصدار جديد اللقاح,ar
disgust,وش التناقض ويقولون ان اللقاحات ماتفيد المرض,ar
disgust,سلالة الكذب هههههههه ومتحور الكذب ههههههههههههههههههه,ar
disgust,متحوور الفطر الأسود هههههههههههههههه,ar
disgust,,fa
disgust,ادا قمت باخد جرعة اللحقاح فستتحول الى مغنطيس,ar
disgust,التلقيح إستعمار تكنولوجي خطير جدا وقاتل وله علاقة بالتحكم إنتبهو رؤساء العرب شعب العالم,ar
disgust,القضاء البشر وليس الفيروس الوهمي انتبهو سمومهم,ar
disgust,كلام فاضي تم تطعيم مليونين شخص اصل ٤ ملايين ومازالت الوفيات والاصابات تنخفض,ar
disgust,وش الفايروس اللي يذبح جرعه جرعتين,ar
disgust,مو شغلك ذبحتونا بجرعتين وناويين تكملونها,ar
disgust,نحتاج جرعه ليا سنتين عايشه الحمدلله ولاجرعه اخذت ماشاءالله فكونا الجرعات نبغى نسافر بدون لقاح قرفنا,ar
disgust,ترى مهزله شقيتونا تجارب لقاح ماهي للمرض تصده بنموووت عادي لاعاد تجربون فينا ترى ندري انه الثالثه مو اخر شي نددددرررررري وتعببببببنا اللقاح,ar
disgust,اخي ازعجتونا خلاص التزمو والتزمو طفشت وانا لابس كمامه كاني لابس نقاب حرمة ليش ماتقولون اللقاح,ar
disgust,أخي ملينا التزم التزم التزم اكثر سنة نلتزم ماهي عيشة,ar
disgust,الحين اللي لعب وقال ان المرض الطاعون الاسود يخوي انفلونزا غثيتوا امنا,ar
disgust,ترى طفشنا هاللقاحات ماعاد باخذ لقاح,ar
disgust,اما ذبحتونا جرعات,ar
disgust,ليش الدمار الزايد باللقاح خلاص طفح الكيل هالتجارب الفاشلة المضره,ar
disgust,ماسالفتهم الا اللقاح خلاص يكفي خلونا نعيش حياتنا طبيعيه,ar
disgust,ذبحتونا باللقاحات فكونا وتسلم مناعتنا خلقنا الله احسن تقويم,ar
disgust,خلاااص فكوووونا توكلنا واللقاحات هلكتونا بالموضوع,ar
disgust,شكل سالفة مطوله طلعنا حفره طحنا ضحضيرة خلاص وقفوا الرعب ذَا نفسيتنا تعبت سنتين وداخلين ارحموا الناس,ar
disgust,صرعتونا بالمتحورات،مرة امريكي مرة افريقي مرة هندي حول قوة بالله العلي العظيم,ar
disgust,مستشفى يغلق النفس,ar
disgust,مهزله ، اصبحت الفيروسات مصدر مصادر الدخل للدول ، شهر يصدر تحديث للنظام,ar
disgust,يمعودين توني اخذت اللقاح الثاني يعني يجي مرض جديد ناخذ لقاح عز الله يبست اجسامنا,ar
disgust,للأسف فاتنا العرس مبروك لكلا الفيروسين,ar
disgust,ناس بتصدق هالمسخره؟,ar
disgust,,fa
disgust,اطلعو روسنا الاعراض جدا خفيفة فكونا هالمسئلة,ar
disgust,ينتهى امتحان كورونا واخواتها,ar
disgust,انا قررت احمل تطبيق ضد الفيروسات,ar
disgust,مهزلة، اصبحت الفيروسات مصدر مصادر الدخل للدول، شهر يصدر تحديث للنظام,ar
disgust,مهزلة فيروس تافه صنع البشر,ar
disgust,مسلسل كورونا وحلقاته الطويلة انتاج واخراج امريكي لازالوا مستمرين تمثيل المهزلة,ar
disgust,لقاح كذبي ماله فايده وكلام وهرج واجد وتناقضات لاتعد تحصى الى,ar
disgust,تصريحات تسد النفسسس,ar
disgust,التحورات أوهام أدمغتكم فقط، كفى لعبًا بعواطف الآباء والأمهات وإثارة القلق والهلع فيهم,ar
disgust,المقصود إثارة جو الرعب والفزع والاضطراب النفسي؟,ar
disgust,اول مره حياتي اشوف شخص متناقض كلامه الكثر,ar
disgust,اللقاح تخويف مبالغ وإما إجبار,ar
disgust,افهم ليش التخويف,ar
disgust,الله منافقين ورعاة الابادة البشرية,ar
disgust,الهدف الفلم كامل يبونك تاخذ جرعه ثالثه الخ,ar
disgust,كنا نقول قلة الوعي علاقة بالتعليم ،، والله العظيم اللي معاه ماجستير مدراء اقسام انصدمت قلة الوعي كورونا اللي موجود والاستهتار,ar
disgust,بدأ الكذب والدجل الناس,ar
disgust,عطونا الآخر بتوصلون وماهو المطلوب,ar
disgust,يعنى ذبحتونا بالقاح الفاضى دام مالها داعى اعتقونا ايه فايدته طيب,ar
disgust,ياخي انا مو فاهرني الغرب معروف بكذبه,ar
disgust,خلاص اشغلتونا باالكرونا,ar
disgust,الكرونا حلقة بالضبط والله زهقنا ربنا يحفظنا جميعا,ar
disgust,لله يفكنا الفيروس العالم فيروس الي فيروس مره جنون بقر ومره دجاج وووووو خلونا الله وفكونا الاخبارهذه ياخذ يومه يرحم والديكم وخاصة انت ياوزير الصحه خلاص طفشنا كرهنا انفسنا هالا خبار وووو,ar
disgust,ياعيال يخلص كورونا ؟؟,ar
disgust,لاحول توهم مسجلين حاله,ar
disgust,غثيتنا,ar
disgust,استغفرالله ماخلصنا شي جابو شي وش هاذي البليه,ar
disgust,دخلنا بدون يمناك عدمناك الي يقطع اللحم بيده للحين صامل,ar
disgust,ملينا وحنا نعقم يدي صارت يد ضب نطلع بدون كمام وقفاز يارب ارفع عنا البلاء والوباء ياارحم الراحمين,ar
disgust,ياليت الكمامه تلبس باستمرار ناس يحتاجونه صراحه الكمامه ريحتنا الروايح وربحتنا الاسنان وشفاه المدخنين يعني صراحه الكمامه نعمه يجيك يعطس يكح ماحط ايده منديل بعضهم تهاون بنظافه بشكل فضيع,ar
disgust,اللقاح لايمنع الاصابة انتوا ليش تحبوا تخلونا بخوف وعقدة النقصان يصيبنا احباط,ar
disgust,استجابه مناعيه وانا بغيت اموت وكل اسبووع زكمه,ar
disgust,مرة يقولون انهم سيطروا,ar
disgust,قال أنها فعالة كفاكم كذبا البشر,ar
disgust,يموتو بسبب كورونا ،بل بسبب اللقاح، كفاكم تضليلا ستحاسبون امام آلله,ar
disgust,حسبي الله ونعم الوكيل الصين وأكلهم المقرف,ar
disgust,خلاص اشغلتونا باالكرونا,ar
disgust,باقي ينتجون طعام لكورونا,ar
disgust,تعبنا والله مانزال كورونا الأب حتي يخرج أحفاده ينهكوننا بالزيارات المفاجئة,ar
disgust,لسه كرونا كرونا كرونا ملللللت اصبحت مشهورة اكتر جاستن بيبر,ar
disgust,يعععع كورونا ليش فيروس كورونا,ar
disgust,احس بحالة اشمئزاز شي مدري وش قاعد يهبب فيا كورونا,ar
disgust,هههههه الله ينتقم منكم قل خيرا او اصمت,ar
disgust,كذبو مافيكم لقاح ماراح اخذو عيش بالغابة,ar
disgust,كفاكم كذب العباد أشد خطراً كورونا والمتحور صنع المكروبات أخطر مكروب عرفه التاربخ,ar
disgust,دكتوره انتي فككتي اللقاح بنفسك وعرفتي مكوناته ؟؟؟ جايه تنقلي تصريحات المنظمات الامريكيه,ar
disgust,وباء صحيح الموضوع بالغوا الناس كثير زيادة اللزوم,ar
disgust,الله يفكنا الفيروس العالم فيروس الي فيروس مره جنون بقر ومره دجاج وووووو خلونا الله وفكونا الاخبارهذه ياخذ يومه يرحم والديكم وخاصة انت ياوزير الصحه خلاص طفشنا كرهنا انفسنا هالا خبار وووو,ar
disgust,ينتهي الناس تفكر ليش الوباء حصل اصلآ ويش سببه,ar
disgust,الوباء ينتهي القضاء البشر,ar
disgust,حبيت كورونا لانو طلع شخص محترم,ar
disgust,الله يديمك أخي كورونا,ar
disgust,كله كذب كذب يصيبنا ماكتبه الله اول كارونا ارتدي حتاكمامه كله كذب كذب,ar
disgust,الكرونا حلقه بالظبط والله زهقنا ربنا يحفظنا جميعا,ar
disgust,بالفعل الهواتف الذكية فترة يجددو عم يقدروا يحققو هدفهم بقتل اكبر عدد يصير حرب عالمية بتوقف كورونا حدا رح يتذكرها,ar
disgust,وبعدى كرونا فقط بيوت الله واماكن الذكر اما الاسواق والجامعات والاماكن العامه يوجد غيري,ar
disgust,الله يحفظنا كورونا البشرية,ar
disgust,المصيبة والطامة الكبرى فيروس ملتصق بحياتك ألعن كورونا لاتستطيع الخلاص بخلعه وفراقه محكمة شرعية وهذا مايجب تقوم إمرأة يتواجد حياتها الكائن الخبيث المؤذي,ar
disgust,شر البلية مايضحك مرأة اظن الغرب يقال جابت توائم وسمتهم فيروس وواحد كورونا ومصورينها عاشو سيعانون اسمهم ويضحكون عليهم الناس ويقولون انتم وباء,ar
disgust,اشغلتونا وجبتو الصداع والقلق,ar
disgust,شيء م، الم التصريح المخجل الم يذهب مواطنون للعلاج دول، مستواهم فكيف تتوقع علاج جيد، التعليم، ننظر للأسفل,ar
disgust,قرفتونا ههههه قال مكعبات ثلج,ar
disgust,صاحب القرار متعمد ياخر الاعلان عنه وهذا يدل نفسيه مريضه,ar
disgust,تناقض عجيب,ar
disgust,الي يخاف عياله مسوي خايف عليهم الحضوري ماخلا مول سوق مكان الا وراح,ar
disgust,حريم السلطان وخرفان خليفة العجم مقهورين هههههههه لسا شفتوا حاجة خرفان العصملي عملاء خونه انتم سبب دمار بلدانكم همج,ar
disgust,المذيع مستهتر المفروض يترك مايك جنب ويسكر فمه ويطفي سيارة لان سيارة يخرج حرارة للاخرين الى برى سيارة ويفتح الباب ويخرج يذهب الى غرفة مستشفى ويستلقي سرير اخذ العينة ويذهب الغرفة تكون معقمه وتكون لمرض كورونا وتعقيمها دوريا ولاحظت شغله ممرضة سعودية مفروض تلبس قفازات وكمام انا ماني عارف ليش الاستهتار اخذ عينه,ar
disgust,احس اني تعبت سماع الموتمر يوم تستطيع التحمل,ar
disgust,ليه العالم كلهم اخذو التلقيح خلوها ياخي اكثر العوايل عددهم اكبر الخمسين بكثير وش فايدة اللقاح شلنا كمام التقينا او عزا ؟,ar
disgust,,fa
disgust,العالم اسوأ قبل، الحين الناس صارت مجنونة ومافي استيعاب انا العمل عندي موظفين قليلين ادب ومافي احترام للناس فعلاً الزمن مايسوى ولاريال وصلنا الحين ماتقدمنا مارجعنا اسوأ,ar
disgust,شغلتهم يمنعون الناس الدوام المولات شغلتهم بعص,ar
disgust,اشغلتونا بالدراسه الطلاب مافهمو وهم يدرسون وأنتم تقولون اضرب درجات النصف الاول بي٢ ونجح الطلاب وانهو الدراسه وخلو للسنه القادمه,ar
disgust,القرار صحيح توقيته الاختبارات باسبوع يراعي الجانب الاستعداد للطالب النفسى ويدل انه اتخذه ملم بالتربيه فجاءة الى حضورى بد الاستعداد النفسى لطالب الله يعينهم,ar
disgust,المخجل نشوف الطلاب الدول المجاورة بقية الدول يدرسون حضوري تسيب فوضى فراغ,ar
disgust,يخلون الدراسه حضوري والاختبارات عندنا بالبيت عشان نراقبهم لايغشون وبالمرة نريح ابمعلمين والمعلملت شوي,ar
disgust,كائنات ماودها تختفي كرونا ولذلك شادين حيلهم يبون الدراسة حضوري ان مت عندهم عيال انهم حاقدين عالمجتمع والبلد فالدراسة الحل الوحيد الله للقضاء كرونا وصحة عيالنا مو لعبة,ar
disgust,اكبر خطا الروضه والابتدائي اهم مرحلتين للتاسيس تكون لابد اخذ اللقاح للكل وتكون حضوري,ar
disgust,الى معروف القرار صدر وزارة التعليم قالو المعلمين والمعلمات يداوم حضوري يعني لاتسوي ذكي تداوم حضوري لاتسوي ذكي تجيب عذر تداوم حضوري,ar
disgust,البديهي داشر مبسوط بتعطل الدراسة,ar
disgust,حمدلله والشكر المفروض تكونوا خايفين لأنه الوضع والمرض مكان والدليل لأنه حطوا تعليق دراسه مو عشان الناس تضحك ومدري ايش خايفين عليكم,ar
disgust,لاشرح مكيفات حمامات نظيفه لاسجاد نظيف ومشاكل وسماجه ومدرسين منفسين يعني والله افضل يقدر اطالب يشتهد ويجيب نسب ٩٠ حضوري يجيب ٦٥,ar
disgust,يوم كلام عنده كلمة وحدة مرة ثمن حضوري يخربط بالأنظمة يجيب انظمة جديدة,ar
disgust,يارب تصير محد يبيها حضوري النواحي الصحع البنات المعلمات الكل والله انا شايفه اغلبهم الاكثر يبيها ناحيه الراحه وكل الحالتين بندرس احلى ياخي ابدا مافيه امان غثى والله يوم اصحى الصباح,ar
disgust,ماادري كثرت التطبيقات المفروض مافيه اي تطبيق الا للضروره مثلا مستشفى تعبان او عندك دوام اما غيرها خرابيط تصريح للرياضه وتصريح مادري ايش مالها داعي فكو الحظر وكلن يتحمل مسؤلية نفسه رائي,ar
fear,فيروس يرى بالعين المجردة يرعب اقوى دول العالم,ar
fear,المعلومات الأولية متحور أوميكرون صنفته منظمة الصحة العالمية بمستويات مثير للقلق,ar
fear,يستمر مسلسل الخوف التهويل اغلب المتوفين الوباء نتيجة نقص المناعة الي سببها الخوف الشديد سببه التهويل الاعلامي الكبير المتكرر,ar
fear,يالهوي المنظر يرعب حال الناس اللي الموقف بجد الموضوع دا عايز حد مسوال يظبط مسار المستشفيات حرام كدا الاعداد بتزبد بسبب الاستهطار بتاع البشر,ar
fear,الصباح لكل مصابي فيروس كورونا يشعر بأي مراحل اكتئاب يلجأ لطبيب نفسي للعلاج,ar
fear,الناس يعانون اضطرابات القلق او الهلع يشكون الاعراض تشبه اعراض الإصابة بفيروس كورونا,ar
fear,والله الاكتئاب الأرق بسبب الحجر المنزلي,ar
fear,لقاحات تتكلم الم تتلقح الشعوب بأكثر جرعتين الفيروس انتشر بسرعة اذن مافائدة اللقاحات ان تكن تحمي,ar
fear,الله يستر ياااارب,ar
fear,بداية التوتر والقلق حصل العام الماضي نسأل الله السلامة,ar
fear,الله يستر مايجي لسعوديه انا بكره بشتري كمامات ودسوس الله يستر,ar
fear,العامل النفسي والتوتر ترجعك توسوس وتتحسس للأمراض,ar
fear,انا بكره باخذ القاح اني خايف مره,ar
fear,جائحة كورونا أدت زيادة حالات القلق والاضطراب والاكتئاب بشكل كبيرة,ar
fear,ترهيب اجل المسارعة اخذ اللقاح,ar
fear,فيروس كورونا يواصل التسارع أغلب مناطق العالم,ar
fear,أميركا قلقة للغاية تحورات كورونا,ar
fear,وزيرة الخزانة الأميركية واشنطن قلقة جدا,ar
fear,نواجه ارتفاعاً مقلقاً الإصابات بكورونا,ar
fear,الإصابات بفيروس كورونا يتضاعف بشكل مقلق,ar
fear,خايف امي كبيره سن,ar
fear,وتيرة انتقال كورونا أوروبا حاليا مقلقة للغاية,ar
fear,لاااا الله يستر بدت ترجع كورونل,ar
fear,مابغى أخاف خلاص يكفي خوف كورونا للحين ماراح مني,ar
fear,حياتنا مو لعبه بكلمه وحده تقرر حياتنا موت ترا,ar
fear,اللقاح كانوا الناس يصابون بكورونا الوهمية يبقون الحجر، ينتهي الأمر ويعيش شخص حياته خوف تهويل,ar
fear,جاء كورونا ليعتبر الناس ليعودوا الى الله الم يجعلهم كورونا حالة قلق وحالة خوف وعزله الم يجعلهم ينسون المال والولد غنيهم والفقير فتوقفت المصانع والترفيه والسيارات والرحلات الجوية والاجتماعات والمشاريع والخطط,ar
fear,التهويل المرافق اوميكرون يمت احد الان اصبح يحكمه خوف الحكومات الغربيه خاصه أوربا الغربيه اللوم حدث بداية كورونا,ar
fear,موة خوف الله ياخذ كورونا,ar
fear,الخوف تزاحم الناس فى منافذ بيع المواد الغذائية فى فترة السماح,ar
fear,خبر التعليق بالامر المفرح كثر ماهو مقلق اسأل الله يكشف عنا الوباء والبلاء استودعنا الله انفسنا وذرياتنا والمسلمين والمسلمات,ar
fear,والله شي يخوف صراحه الله يبعد عنا الأمراض,ar
fear,قرار مخييف ياربي تجيرنا ياربي اناء وجهك والمملكه وجهك هالمرض ياربي,ar
fear,يارب لطفك ٣ أسابيع كانت حاله وحدة يعني شهر وصلنا ١٢٠٠ يارب لطفك,ar
fear,ولله خفت كرونا كرونا يمه فدوه اطلعون,ar
fear,دكتور الله يخليك اذا وصلت الحاله لضيق النفس ونزول الدم النف خطوره,ar
fear,انا فيني صداع وفيني حرارة خفيفه الله يسترررر,ar
fear,قلقه ارتفاع الاسعار وزيادة البطاله وبعدنا الدين كرونا فلن يصيبنا كتبه الله,ar
fear,المثير للقلق جرعات كرونا اللتي فائده مواطن محصن بكامل الجرعات يسافر ويرجع مصاب خلاص تعودنا الموضوع بلاش خرط علينا أصبنا بكرونا وتعافينا والحمدلله,ar
fear,,fa
fear,الله يستر,ar
fear,توها سجلت اول حالة الله يحفظنا مواطن قادم ايران,ar
fear,تكفون حظر كامل مازالوا ربعنا منتشرين الشوارع النهار اخاف يعدونا,ar
fear,تكفوووون ياوزاره الصحة اخاف زوجي ينقل المرض انه مايجلس البيت ابدا ابدا كله برا ويختلط العمال حسبي الله,ar
fear,انا خايفه اللقاح لانه يقولون انه تضر الي عندهم حساسيه صدق او كذب يصلح اخاذ لقاح وعمري,ar
fear,منظمة الرعب العالميه يوم متحور جديد ورعب جديد يارب انك نتقم منهم يارب حسبنا الله ونعم الوكيل فيهم لاحول ولاقوة الابالله فيهم يارب متحور الحقيقي الفقر اعوذبالله الفقر والبطاله تدمير نفسيات وراء الاعلام,ar
fear,كابوس كورونا يزال يطارد الناس سترك ياااااااااارب اللهم احفظ أمة محمد وابعد عنهم البلاء,ar
fear,انا اخدت الجرعة الأولى اليوم احسسست بحرارة جسمي تعب وهن فقط سينوفارم انا خايفة أنه يسبب العقم البويضات كنت لازم جسمي لأ نه زوجي يعمل مجال الصحة خوفا بناتي,ar
fear,يخلص هالكابوس,ar
fear,اناخايفه كرونا الله يكفينا شرنا,ar
fear,انا امي مزكمه مسخنه انا طول الوقت ابكي اتمنى يكون كورونا امي رح تكشف الدكتور ادعو يكون كورونا,ar
fear,كملنا اكثر ٧ اشهر واحس نسيت الحياه كورونا صراحه جزء حياتي,ar
fear,يااخوان معي سكر والحمدالله وابغي لقاح كرونا مرضت بمرض نفسي خوف وقلق ولااستطيع اخذ اللقاح احس بخوف شديد دعواتكم الله يفرج ماانا,ar
fear,جماعة الخير الله يعطيكم تتمنون محتاجاكم انا اليوم بدي اعمل لقاح ومناعتي كتير ضعيفة فيدوني الله يخليكم الله يخليكم خايفة ومتورترة,ar
fear,دعواتكم لامي وابوي ولي جدا خايفه ومتضايقه,ar
fear,يمممه الله يستر الله يستر الله يستر يارب احمينا بسم الله علينا والله جاتني قشعريره خاييفه,ar
fear,اللهم احفظ بلدي وأهلي واحفظني يارب اللهم احفظ البلدان وصرف عنا المرض ياارب,ar
fear,انا مرعوبة المناعة عندي ضعيفة,ar
fear,يارب اصرف عنا البلاء الطف عليناا بلطفك أرحم الراحمين انك انت شيء قدي,ar
fear,ادعولي بكره باخذ اللقاح شجعوني,ar
fear,وربي فيني خوف مو طبيعي اهلي تم تشخيصي قليل بالفايروس وانا عندي ربو الله يستر ويلطف ويرحم يااارب لطفك,ar
fear,بسم الله الرحمن الرحيم حول قوة بالله حسبي الله ونعم الوكيل فيهم والله صعيبة بزاف وخطيرة ياسبحان الله بعيد شر,ar
fear,تلاعبات تخويف إعلامي مخطط لأجل ربح الشركات إقناع الملقحين باللقاح الإحتجاجات الأخيرة ضحك الدقون حسبنا الله الوكيل نفوض أمرنا لله,ar
fear,يقول العالم خطر، علينا الحذر الحيطة,ar
fear,تُسجل الدول عودة لارتفاع أعداد الإصابات بفيروس كورونا وسط خشية موجة ثانية لانتشار الفيروس وفي مقابل خوف حدّة الموجة,ar
fear,يواجه الكثيرون فوبيا لقاح كورونا رُهابَ الخوف اللقاح بشكل عام اذ يرون أنه يتم اختبارُه بشكل معدلاتُ رفض ِ التطيعم الولايات المتحدة وبريطانيا اقتربت,ar
fear,اكتفينا كرونا مانبي ميكرون,ar
fear,جالسه اصيح,ar
fear,الله يحمي السعوديه ويحفظ شعبها هذول اليهود اللي مايخافون الله اللي فرضو علينا اللقاحات تضرنا تنفعنا تمنع الإصابة بالمرض وهم يعرفون وكذبو علينا مره الجرعات التنشيطية وأعادو كذبتهم وراح يستمرون الكذب حساب صحتنا عليهم الله مايستحقون,ar
fear,حسبي الله ونعم الوكيل كورونا بنموت,ar
fear,الله يخوفون كورونا طيب مافيه احد مخلد وجه الارض ماهذا الاستخفاف حسبنا الله ونعم الوكيل حسبنا الله ونعم الوكيل حسبنا الله ونعم الوكيل,ar
fear,الله يستر أوميكرون ولد كورونا,ar
fear,انا انصبت بالعدوى ابويا الله يرحمه توفى ١٥ يوم وانا طولت لتعافيت لسا تجيني حمى شديدة وشعري بيتساقط الله يبعدها عنا ويشافينا ويعافينا,ar
fear,متحور سيعطونا جرعة جديدة محالة,ar
fear,اللهم اصرف عنا الوباء، بلطفك لطيف إنك شيء قدير اللهم احفظني انا وياكم كورونا وباقي الامراض امين يارب العالمين,ar
fear,اخاف ان اكمل بقية حياتي بالكورونا حقيقة كرهنا الفيروس,ar
fear,لقاح مميت الله يستر خلونا بدون لقاح احسن,ar
fear,رعب,ar
fear,اقسم بالله العظيم مرض قاتل احذرو,ar
fear,وتساهم الخدمة حماية المراجعين خطر العدوى داخل المستشفى يعني المستشفى الوباء شي مرعب,ar
fear,بآخر الخبر ماله ضرر استخدمته امريكا وهي تشوف شعبها الكثير منهم مات ومصابين بكورونا,ar
fear,الفيديو المقطع الثاني غرفة العناية المركزة مرعب تسمع اصوات اجهزة الانعاش والقلب يارب ارحمنا وابعد عنا الوباء واصرفه بلادنا الطاهره وعن شعبنا السعودي العظيم اللهم أمين,ar
fear,بسم الله توكلت الله اعراضك جدآ مخيفة وخاصة الصداع الاغمى اللهم احفظني واحمي داء وبلاء سر مكروة حفظك يارب,ar
fear,كورونا مصيبة يلعب بالاعصاب اكتئاب وحاسة شم,ar
fear,اتوقع ٩٩٪ صارت عنده هلوسه افضل حل للاكياس مايحطهم العامل بكيس تاخذ كيس نظيف وتحط الكيسس الأول بالكيس الثاني ولاجيت البيت تطلع الكيس الأول الكيس الثاني وتقعد تفرك الأغراض لين تفرج,ar
fear,الله يجيرنا والله ان ال الاطفال المفروض نتأهب الان مو ننتظر يجي اتوقع وقت الغبار مشكله اكبر وانتشاره بيكون اسرع الله يكفينا الشر,ar
fear,لازم الاسم صعب يخاف الفيروس,ar
fear,سلسلة أمراض مرعبة نسأل الله اللطف والسلامة,ar
fear,خذيته جتني حراره يومين وراحة،، لاكن مشكلة الم برقبتي عيت تروح,ar
fear,الله يشفيك تعليق انا مصاب الان تعليق يوم تعبت فضلك,ar
fear,بالذات للي فيهم الأمراض البس كمامه ضع مسافة بينك وبين الآخرين أطفال شفهم بعيد لايقربون وغسل اليدين تحمل لحد ماينتهي الكورونا فطر أسود,ar
fear,اعتقد والله اعلم كرونا والفطر الاسود الموتان العضيمان ذكرهم الحبيب المصطفى لاينطق الهوى الا وحي يوحى والله اعلم يكون وباء الله عباده لعلهم يرجعون,ar
fear,سم قاتل يجب الحذر قريبتي لقحت فخرجت جسمها حبوب كثيرة والتهاب الجلد وهي وضع حرج ادعو بالشفاء احذروا اخوتي,ar
fear,اعرف معايا أوروبا سليم جدا اللقاح يوم مات,ar
fear,خايف المسح,ar
fear,والله اني خايف خشمي,ar
fear,الي خايف يوم الجمعه لايك,ar
fear,والله شي صراحه الله يبعد عنا الأمراض,ar
fear,مسحة الانف لازم العود هذاك يلف فالخشم ٣٦٠ درجة والله صعب,ar
fear,عدد الوفيات قليل جدااا الان يوم,ar
fear,عندي يوم الاحد موعد والله خايف ومتردد,ar
fear,والله الصراحة اني خايف اللقاح مراح اخذ اللقاح,ar
fear,والله انه خبر مي احس,ar
fear,انا اقعد فالبيت والله الموضوع بدأ,ar
fear,والله انا خايف كروان او كورونا,ar
fear,الله يستر ترا انا مو ان انا خايف كرونا,ar
fear,الوضع اكثر التجار يسبحون فلوسهم المشاريع العملاقه,ar
fear,ايش قالو وزارة الصحه اول اصاب كورونا الدول الكبيره وماقدرو يسيطرو قالو الزمو بيوتكم تطلعون لان احنا ماراح نقدر نسيطر المرض زوجي المستشفى الماليه يقول يكلف المريض الواحد فقط الجهاز حق التنفس الف للاسف الناس استهترت والاجانب خافو الذهاب للمستشفى بسبب مخالفة الاقامه زاااد المرض وانتشاره اكثر شي مكه والمدينه والرياض لانها المدن اتوقع العماله الاجانب اكثر لان الاصابات بالميه للاجانب الله يعديها خير ويوقف العدد لهذا الحد لانه انتشر انتشار فضيييع الله يجيرنا ويكفينا,ar
fear,انا خايف اتزوج ويطلع اسمه كارونه,ar
fear,أسمع كلمة الموجه الثاني تجيني ام الركب عشان كورونا,ar
fear,مخالط مصاب كورونا ليومين ومابقى مكان مارحت معه طقتني الركب، العلم ان جتني كورونا,ar
fear,أخاف كورونا تحديثاتها أخاف الأغلاق التام للدول أنهيار الأقتصادات العالمية تنتج عنها الحروب الكوارث,ar
fear,شي تتمناه لان اتمنى ان كورونا ومتحوراتها تروح ونرجع اوضاعنا الطبيعية بدون خوف بدون بدون غم,ar
fear,والله عرفنا نقسم همنا واهاتنا ياويلنا غلاء معيشة ويا ويلنا متحورات كرونا وياويلنا تحقيق الامن لاولادنا مالينا غيرك رب العباد يالطيف ألطف بحالنا الضعيف,ar
fear,والله جد علقو المدارس حنا خايفين اولادناا,ar
fear,والله جد علقو المدارس حنا خايفين اولادناا,ar
fear,عودة المدارس ستسبب كارثة اتمنى ان تكون فلن نخاطر بابنائنا ابدا,ar
fear,الطلبة خطر اذا التعليم حضوري ظهور المتحور دلتا وانتقالة السريع الناس,ar
fear,تكون حضوري صح بتطبيق التباعد اما بأخذ اللقاح انصح وبقوه,ar
fear,اشتغلو اهل المكتبات واهل النقل ومحلات المراييل اقول بيعوضني ابن المصاب بالسكر والربو اذا اصبحت الدراسة حضوري اغامر بابنائي يجلسون البيت الى ان ياتي العلاج,ar
fear,جبلي اللوكيشن الحمدلله كنت خايف المدارس لان تجمع لايوصف,ar
fear,الله ياخذكم ترجعونها حضوري عدنا بنموت,ar
fear,خايف أروح المدرسة ويعدوني وهذا يخليها حضوري؟؟,ar
fear,يالله تكفون مانبيها حضوري الحين انا سبيت ناس وحالفين يصفقوني تكفون اا خلوها,ar
fear,تكفي يالوزير الابتدائي خلهم حضوري اذا درسوا ٣ الى٧ اليوم كامل بيضيع,ar
fear,اللهم احفظ بلاد الحرمين الشريفين شر والله والله ان يما سمعت خبر ان اسعار البترول ادمرت السعوديه والله شان مقيم بالعكس شان خايف مصر لان السعوديه ومصر تحيا مصر والسعودية وكل الدول العربيه,ar
fear,ويبغون الدراسة حضورية ماعندنا استعداد نخاطر باطفالنا,ar
fear,اولا الحالات تزدادكل يوم وأطفالنا امانه ولن نخليهم يدرسون حضوريا ابدا حتي يزول الوباء,ar
fear,الله يستر نتمنى ان تكون الدراسة البعض خوف شديد الوباء,ar
happiness,الله يبشرك الخير وجزاك الله خيرا,ar
happiness,الحمدلله نعمة العافية يارب زوال الوباء الى الابد يارب,ar
happiness,الحمدالله كملت الجرعتين والله يعز دولتنا والحمدالله بدون نعرف السبب واثقين بدولتنا,ar
happiness,الله يحفظك يابلد الخير والمحبه بلدي المملكه العربية السعودية,ar
happiness,الحمدلله يارب ان شاءالله يروح باسرع وقت,ar
happiness,فضل ربي وكرمه علينا,ar
happiness,الحمدلله كملت الجرعتين والله يعز دولتنا والحمدلله بدون نعرف السبب واثقين بدولتنا,ar
happiness,الحمدلله جرعتين ثالثة بإذن الله باخذها,ar
happiness,اليوم الحمدلله اخذت الجرعه الثانيه,ar
happiness,الوزير يجرب اللقاح نفسه جزاه الله خير عشان الناس يتشجعون ويدرأ مخاوفهم,ar
happiness,افضل وزير صحه العالم,ar
happiness,الحمدلله ماجتني كورونا مكرونا مناعة طبيعية لله الفضل والمنة,ar
happiness,وزارة الصحة تبذل جهود جبارة الحد انتشار هالفيروس فليبارك الله الجهود,ar
happiness,والله ماعمري شفت الشعب السعودي ملتزم اكثر الايام,ar
happiness,دولة عظيمة تحب شعبها الله يحفظهم,ar
happiness,ماني راعية كمامة فرحت ماعاد كمامة الحمدلله,ar
happiness,الحمد الله والشكر لله فعلا انخفاض الاصابه بالكارونا خف واجد وملحوظ وان شاء الله ترجع الحياه اول واحسن,ar
happiness,الحمد الله اخذته مافيني الصحة العافية,ar
happiness,الصحة تسجيل حالة تعافي ليصبح إجمالي عدد الحالات المتعافية حالة ولله الحمد,ar
happiness,بفضل الله جرعة لقاح كورونا كوفيد تم إعطائها عبر موقع للتطعيم كافة مناطق المملكة,ar
happiness,لله الحمد والشكر,ar
happiness,الحمدلله والشكر اعراضه خفيفة,ar
happiness,الحمد لله عافانا ابتلى غيرنا وفضلها كثير خلق تفضيلا,ar
happiness,الحمدلله نتيجة الفحص سلبية وماعندي شي,ar
happiness,بالنسبه احلا ايام كانت إيام الحظر حسيت بالأمان اكثر وكل شي يوصلني لعندي والمكياج ارتاح وجهي,ar
happiness,توي اخذته انا كنت خايف الابرة انهم يضربوها حاده بالنهايه والله ماحسيت الحمدلله صح الم ظهري حمدلله بسيط ويدي مافي قوة بسيطه لاتشيلو لانها ضروري بالتقاديم العسكرية الله يوفقنا وياكم يارب,ar
happiness,عدد الوفيات تناقص الحمدلله,ar
happiness,الحمدلله عافانا تعافيت كورونا,ar
happiness,اخيرا اخذت الجدعتين,ar
happiness,الاصابات تتناقص ياربي الحمد,ar
happiness,احلى شي الحجر,ar
happiness,,fa
happiness,ياربي الحمد الى الان مااصابتنا كورونا,ar
happiness,خلصت حجر اخيراا,ar
happiness,اعتقد ان كلنا فرحانين بالحجر,ar
happiness,ويتوقع خبراء الأمراض المعدية يصبح أوميكرون النهاية المتغير السائد لكوفيد ، وذلك نظراً لزيادة قابليته للانتقال، أخبار جيدة الصدد أعلنت شركة فايزر الجرعة المعززة الثالثة لقاحها يمكنها التغلب أوميكرون,ar
happiness,وأشارت أنه الرغم الدراسات المعملية تظهر المتغير الجديد يقلل الحماية يوفرها اللقاح بأكثر ضعفاً الأشخاص حصلوا جرعتين كاملتين، الجرعة الثالثة تعزز مستويات الأجسام المضادة مرة أخرى كانت,ar
happiness,الأكيد ان الأزمة ستمضي,ar
happiness,وسط ترقب عالمي وسباق الزمن، أوكسفورد تعلن نجاح تجارب لقاح كورونا كوفيد ،,ar
happiness,عدم المعرفة عبء كبير عشته الأيام الماضية ظل شبح كورونا حيرة وألم وربما وهم وبُعد عملي وأسرتي وهاهو الفرج يقترب,ar
happiness,الحمد لله ، أخبار مفرحة كورونا ، نسأل الله زوال الوباء وأن يحفظ عمان وأهلها سوء,ar
happiness,عاجل ترامب عبر تويتر يؤكد تواجد أخبار مفرحة لقاح لفيروس كورونا أخبار عظيمة حول اللقاحات,ar
happiness,الحمد والمنة لله أخبار مفرحة فايروس كورونا جعله الله ضعيف صبرنا البلاء فرضه الله سبحانه الأرض وهاهو رب العالمين يكافئنا صبرنا لقوله سبحانه وبشر الصابرين,ar
happiness,اخبار مفرحه فيروس كورونا ان علاج الملاريا يعالجه بنسبة,ar
happiness,كفو كورونا اشكرر امك يشيخ تصدق انهم عطونا إجازه سبوعين,ar
happiness,فخر اني كنت ابطال كوفيد احد الممرضين الواقفين الخط الاول كورونا وكانت يد وبصمه حربنا كوفيد,ar
happiness,لحمدلله حمدًا كثيرًا طيبًا مُباركًا خنقتني العبرة، لامس قلبّي فيلم رائع جدًا، وجهد واضح تُشكرون,ar
happiness,المفروض متحدث الصحه خلاص يتحدث يحط المقطع يبرد قلبه,ar
happiness,والله الربيعه وده يفقع كف الرجال تعب شعب مايعرف يقول,ar
happiness,رفع راسك وانت سعودي عظيمه يالسعوديه ورحيمه وبشهادة العالم اجمع حفظ الله بلادي الوباء وجميع المسلمين دائما سباقه وفي المراكز الاولى شتى المجالات حفظ الله الوطن وحفظ الله الملك سلمان وولي العهد محمد بن سلمان لهذا الوطن وحفظ الله القائمين جميعا ردع الوباء,ar
happiness,عز وفخر,ar
happiness,بتنفرج كرونا قال وزيرالصحة كرونا بتروح خلاص يس يس يس يس,ar
happiness,شعور جميل جداً يوصف كوني البلد الرائع يصعب وصفه كوني سعودية احساسي بالفخر يزداد يومًا تلو الآخر,ar
happiness,لحمد لله السلامة الله يعز حكومة المملكة العربية السعودية وينصرهم ويحق الفخر وجزاهم خير الجزاء وزرة الصحة والعاملين,ar
happiness,لحمد لله دائما وأبدا اللهم احفظ اهلينا وكل نحب واحفظ المسلمين والمسلمات وشافي وعافي مريض وابعد عننا الوباء آمممييينننن,ar
happiness,لحمدلله والشكر اعراضه خفيفة,ar
happiness,حمد الله أخذت القاح والأعراض بسيطة جدا,ar
happiness,مشكورين مملكه الانسانيه فعلا اللقاح مجاني للمواطن والمقيم,ar
happiness,الحمدلله مرره فرحانه اخذت اللقاح باسرع وقت شكرا مملكتنا الغالية,ar
happiness,احسن حاجة فى كرونا انوا مفيش مدارس,ar
happiness,فعلا مرحلة صعبه الافراد الصغير والكبير الغني والضعيف الكل يشكر التزامة الله يجعلها اخر الاوبئة وحفظ الله وطنا,ar
happiness,بحياتي انسى ازمة كورونا علمتنا اشياء كثير ومستحيل احد عاصرها حتظل باله راسخه ايام كانت صعبه وحلوه ومليئه بالاشياء اللي اعتدناها كانت فترة صعبه بفضل الله تخطيناها,ar
happiness,يسعد ام الاخبار الي كذ,ar
happiness,افضل دول العالم مواجهة كورونا,ar
happiness,انا مصاب فضل الله جهودكم الحمد الله صرت أحسن الله يقويكم,ar
happiness,انا جاتني مرتين والحمدلله عدت خير,ar
happiness,شكرا قلوبنا لحكومتنا الرشيده وبخاصة القطاع الصحي انقذوا الله شعبنا انتشار كرونا وسيطروا اتو باللقاح,ar
happiness,انا صابتني كرونا والحمد لله والشكر لله وزاره الصحه اهتمامهم الكبير َ للمواطنين َ وبذات مرضى كرونا,ar
happiness,الحمدلله حكومتنا ماقصرت شعبها الله يجزيهم خير ويكفينا شر الحاسدين,ar
happiness,انا مصاب بكورونا فرحت,ar
happiness,الحمدلله بابا اتعافى كورونا ضمن الحالات الحرجة اللهم الحمد ولك الشكر اتعافى وخرج المستشفى,ar
happiness,ياربي الحمد الحمدالله سلمتك ابوي,ar
happiness,حتية تقدير وحب لكل اطباء ولدكتورات انحاء لعالم جهودكم لجباره انقاض وسعاف لمصابين مرضى فايروس كورونا عاشو الاطباء الابطال,ar
happiness,الله يحفظ المملكة الله اول ماصار الفايروس بالصين كنت خارج المملكه ورجعت للمملكه الاغلاق اول مارجعت دخولي تم فحصي تصير الاغلاق التام ربي تحفظ هاذي البلاد شر,ar
happiness,الحمد لله تخفيف الاحترازات عقبال باقى دول العالم وعقبال مانسمع عدد الحالات صفر فى السعوديه وانتهاء جائحة كورونا دول العالم وترجع الحياه لطبيعتها وتفتح السعوديه ابوابها للجميع والمقيمين والمعتمرين,ar
happiness,الف الف مبروك جزاكم الله خيرًا ورحم الله توفى الفايروس وشكرا لحكومتنا جهودها الجبارة,ar
happiness,طبعا القرار مرحب ،، منظر يحزن القلب جدا ،، اللهم تبعد المؤمنين اللقاء لقربك ، وصلى ،، اللهم أنشر الصحة الشفاء مكة والمدينة وفي مكان المملكة العربية السعودية ، واحفظ أهلها شر وداء ،، وحرسها بعينك تنام,ar
happiness,الله يعطيكم الف الف عافيه شعب اصيل حكومه رشيده نظيفه الله يطول عمركم,ar
happiness,التصرف السليم سبب انخفاض الحلات المملكه جهود جبارة,ar
happiness,تحياتي للحكومه السعوديه اخوكم ناجي الكميم ولاهتمامكم,ar
happiness,انا صابتني كرونا والحمد لله والشكر لله وزاره الصحه اهتمامهم الكبير َ للمواطنين َ وبذات مرضى كرونا,ar
happiness,جزاكم الله خير دولة عظيمة تحب شعبها الله يحفظهم,ar
happiness,نشكره اذا الوزير فوالله انني الحظت تطور الي الاحسن,ar
happiness,شكرا وزارة الصحة الله يعطيكم العافية اهتمام منقطع النظير الدولة وتكاليف باهضة سخرتها الدولة لصحة المواطن,ar
happiness,شكراً وزارة الصحة جهودها القضاء فايروس كورونا,ar
happiness,الله يريح بالك يادكتور,ar
happiness,حمدلله ان بريطانيا علقت رحلات الصين اخرقت القواعد,ar
happiness,اخذت فايزر قسم بالله ولااي حاجة حتي يدي ماوجعتني عضلاتي عورتني,ar
happiness,اخذنا اللقاح والحمدلله احنا بخير,ar
happiness,الحمدالله جتنا اصابه بدايتها لنهايتها الله يديم الصحة والعافيه للجميع,ar
happiness,حلو الحمدالله اني طعمت ابنائي,ar
happiness,تعليق اكثر رائع فعلاً الحقيقه,ar
happiness,الله يعطيكم العافية جهودكم نتشرف امام العالم اجمع فعلاً نجاح المملكة إدارة ازمة الجائحة مميزاً وعظيماً,ar
happiness,السميط ههههههه الله يسعدك اضحكتني قلبي,ar
happiness,ياسلام كلام جميل الله يسعدك ويكفيك شر الامراض والمسلمين,ar
happiness,هاااااااا الاخبار القلب الاقل نخرج حالة الهلع وال والانتظار,ar
happiness,أخذت اللقاح ولم أشعر بأي عارض نسأل الله السلامه,ar
happiness,أخذته وانا مصاب بالتصلب ممتاز جدا وحسيت بتحسن الحمد لله,ar
happiness,رائع تحليل عقلي سليم واتفق معاك باراي برافوا,ar
happiness,مثلك الدينا بلد التعليقات اللي تقلل حكومتنا اقولهم السعوديه حربها الفايرس فقط الدول تقاتل جبهه واحده الا السعوديه حرب الفايرس وجنود الحدود يحمون الوطن اعداء متربصين يستنو فرصه علشان يهجمو جنودها بتوفيق الله المرصاد الله يحميك ياوطني ويعزك يعز الله يقويهم لخدمة دينك افتخر اني سعوديه الله اللي عزنا لحد,ar
happiness,كفووو الله يوفقكم ويقويكم مستهتر وعاصي للقوانين,ar
happiness,,fa
happiness,كورونا اظهر امور كثير فشلت حكومات الغرب خاصتآ حكومات الدول الكبرى وتدعي القوه والانسانيه واغلبهم فشلو حقوق الانسان بينما دول الخليج وخاصتآ السعوديه اذهلت العالم بمجهودها لمواطنيها بشكل فائق رائع ودقيق الله يعزهم وعزنا بالله وسنة نبينا محمد صلى الله وسلم,ar
happiness,والله ياجماعه احس دمعتي بتنزل تأثرت الحمدلله يارب اني سعودية وانا فخورة بمملكتي وحكومتي الله يعزها ويرفع شانها ويحميها شر ويخلي انا ملكنا وولي عهده وشعبنا المختار اتوقع وقت كورونا ورا العالم مين السعوديه الي ياما تكلموا بالسوء عنها السعوديه تحمي شعبها شي الدولة العظمى الحمدلله يارب,ar
happiness,الحمدلله نعمة السعوديه وعلى حكامنا المسلمين جعلوا ازمة الوباء استراحه البيوت ووناسه والخير للسماء ولم ولن ومستحيل يجوع الشعب او الوافدين والكل مبسوط ومرتاح اما الدول المتقدمه الرهيبه اخر همهم شيء يقولون انسان,ar
happiness,ماشاء الله التنظيم بمطار الملك عبدالعزيز اكثر رائع وسريعين,ar
happiness,عيني كلامك مريح جداً رائع,ar
happiness,دكتور رائع كلامه مفهوم وموزون بدقة طال الله عمرك حفظك مكروه شكرا كتيرا نصائحك,ar
happiness,أكلك شي ترا أني صفي كلنة عناقنة بعضنة البعض وبجيت صف لمة شفن بعضنة كثيررررررررررررررررررررررررررة,ar
happiness,,fa
happiness,اشوف ان قرار المنظومة جداً رائع وبخصوص اللي ماعندهم نت شركة فتحته مجاني فقط للمنظومة واللي يقولوا انهم يالله يفهمون قرب شلون الحمدلله عقلك كامل شي مانت حمار عشان ماتفهم الا يكون فيك شي حاجه ثانية وماتوقع يكون فيك شي دامك جاي تصيح,ar
happiness,حوار رائع الاستاذ متميز والضيفه الاستاذة ابتسام متميزه ولبقه,ar
happiness,,fa
happiness,,fa
happiness,تطبيق اكثر رائع وسريع عطاني تصريح لمدة ساعة داخل الحي يوم العيد,ar
happiness,تطبيق رائع,ar
happiness,فيلم رائع وجهد جبار,ar
happiness,إبداع وإخراج رائع ماشاء الله تبارك الله,ar
happiness,فيديو رائع بكل ماتعنيه الكلمة رغم ماحواه صور مؤلمة وعبارات مؤثرة ولكنه أجاد التعبير روح مسلم تهفو نفسه بيوت الله شك العالم امتلأ بالصور المؤلمة حينها صورة إغلاق أبواب المسجد النبوي آنذاك تربعت عرشها فلم يخطر ببال يأتي يوم المسلمين يستطيعون دخول بيوت الله وأن يقصون مقدساتهم بلا حول للعالمين قوة اللهم الحمد إحسانك بإن رددتنا بيوتك وشكر الله سعي بذل جهداً العناية ببيوت الله والحرمين الشريفين شكراً جزيلاً غدقاً مدراراً روعة الفيلم أثار شجوننا وأسال مدامعنا وروعة انتقاء الجائزة تقييمه وكأنكم تقولون أصدقكم تعبيراً وشعوراً ومحبة لمسجد رسول الله صلى الله وسلم أحقكم باختياره لزيارته اللهم بلغنا وكل محب ومشتاق,ar
happiness,فيلم رائع جدا تظهر مامرينا الايام الماضية ال العميق لخلو المسجد النبوي الشريف المصليين والشوق الشديد للحضور والصلاة خاصه رمضان,ar
happiness,فيلم وثائقى اكثر رائع عبر يدور بأفئدتنا وسَكَب الدموع منا لفراقنا طيبة الخير وسجل ماحدث اجراءات احترازية لولاها ماتم افتتاحه فى الوقت فيارب الحمد,ar
happiness,جزاكم الله خيرًا رائع,ar
happiness,رائع جدا ماشاءالله لاقوة الا بالله,ar
happiness,بجد فيلم رائع,ar
happiness,الله اكبر الله اكبر الله اكبر اله الا الله الله اكبر الله اكبر ولله الحمد الإلقاء رائع,ar
happiness,اللهم الحمد والشكر فيلم وثائقي رائع ومخرج بإخراج جميل ومؤثر ومعبر ومعيش للحظة الحمد الحمد الحمد,ar
happiness,اللهم الحمد وثائقي رائع تشكرون,ar
happiness,فيديو رائع جدا وجميل شكرا قناة,ar
happiness,رائع حلو كتير,ar
happiness,وثائقي رائع اهنيكم,ar
happiness,,ur
happiness,شكرا وثائقي رائع,ar
happiness,فيديو رائع وجميل جداً جداً جداً شكرا قناة النشر,ar
happiness,فيلم وثائقي رائع وجميل جداً اشكركم قناة النشر,ar
happiness,,ur
happiness,,ur
happiness,,ur
happiness,مقطع اكثر رائع,ar
happiness,فيلم جميل وتوثيق رائع للمرحلة الصعبة اللي مرينا وجهود دولتنا العظيمة مواجهه الجائحة مشكورين,ar
happiness,نحمد الله نعمه الكثيره، ومنها نعمة توفر اللقاحات، بلدان كثيرة يتمنون جزء اللقاحات المتوفرة المملكه,ar
happiness,عمل مثالي لوزارة الصحه,ar
happiness,عمل مثالي لوزارة الصحة تحياتي وتقديري,ar
happiness,يسعد الله رح نعطل الدراسة والنجاح مضمون,ar
happiness,مبسوطط الاختبارات,ar
happiness,خر اني كنت ابطال كوفيد احد الممرضين الواقفين الخط الاول كورونا وكانت يد وبصمه حربنا كوفيد مرحلة مؤلمه وآلمتني عندما ارى زملائي بالعمل يتساقطون تلوا الاخر اصابتهم بكوفيد شفاهم الله جميعا,ar
happiness,شفيكم منفسين احلا اجازة يرجال الله يكفينا شره,ar
happiness,كفو الغاء وعودة الدراسه حضوري بنسبه,ar
happiness,كفو نشكر وزارة التعليم ووزارة الصحه ون جميعا بعودة الدراسه حضوري عشان لايشغلونا الولد مااختبر الولد مادخل منصه حضوري يداوم زيه زي الناس الآخرين,ar
happiness,كفو ياوزارة التعليم استعجلو نبي الدراسه حضوري بنسبه لابد عودة الحياه الطبيعيه وعودة المعلمين والمعلمات وأعضاء هيئة التدريس بنسبه,ar
happiness,كفو الي نبيه ماعاد عذر نبي نسبه الحضور الكل ياخذ جرعتين ويداوم حضوري,ar
happiness,الف مبروك عودة الدراسه حضوري عقبال النسبه,ar
happiness,كفو المفروض التعليم حضوري للكل ياخذ اللقاح الغو التعليم,ar
happiness,نشكر قرار الدراسه حضوري لايتغير الابتدائي والروضة جيبو اللقاح المسموح بعدها الكل يداوم حضوري نبي النسبه,ar
happiness,كفو ايوه غياب الي ماياخذ ليه راسك ريشه كلنا اخذنا اللقاح داومنا حضوري,ar
happiness,الف مبروك عودة الدراسه حضوري الي ماخذ الجرعتين وزراة الصحه تسجل موعد يروح ياخذها يصير نسبه الحضور,ar
happiness,حضوري حضوري حضوري طفشنا التعليم يسمن يغني جوع,ar
happiness,الحمدلله اللي الابتدائي والله لوكانت حضوري ماخليتهم يدرسون السنه الصغار ينسون امر التباعدمع اللعب ولايدركون خطورة المرض الله يكفينا شره ويحفظ ابناءنا جميعا أمين,ar
happiness,الف مبروك للمعلمين والمعلمات والطلاب والطالبات الدراسه حضوري,ar
happiness,نبارك لوزارة التعليم الانجاز الكبير الدراسه حضوري نشكر وزارة الصحه القرار الموفق,ar
happiness,كفو افضل قرار الكل يرجعون حضوري خلي الدلع ينتهي المفروض تكون شهر فقط مثله اي موظف اخر,ar
happiness,العام الماضي والسنوات الماضيه ولدي مضاربات الطلاب واتنفس الصعداء اذا جاء يوم ماتضاربو وجا كورونا وفكني وجع الراس وانا مرتاح نفسيا ولدي عندي والتعليم الجميع الي يدبر الكون,ar
happiness,الحمد لله اليوم كنت والدتي مركز التطعيم الحقيقه التنظيم والخدمه شي رائع ومتقدم جدا اماكن الاستراحه التطعيم مزوده بالماء والعصير والخدمة راقيه جدا شكرا للحكومه ووزارة الصحه وكل العاملين المراكز يبذلوه للزوار الله يوفقكم,ar
happiness,بخصوص أنني فالاجازة ويقولون الفصل الثاني حضوري,ar
happiness,انا اول علقو المدارس انا واختي حيضين الأخبار وكن ندعي ويوم علقو معمرن وانمن اكون مشهوره,ar
happiness,كنت مزبطة نظامي المدرسة وهذا شي نادر ضبطه وأنا كمان الأبلة كانت طلعتني رحلة يوم الأربعاء وكنت وقتها أسوي راجع السوق أمي عشان ضبط النظام بعدين وحنان رايحين نجيب حاجة السوق أمي قلها قاعد قاعد جوالها بعدين قالت فاتن ايش الدراسة كنا كانت عندي لكل محل مر شهر شهرين طفشنا قلت تجعل مدرسة,ar
happiness,انا اكثر مبسوط عشان المدرس حقي طلب ولي امري وبعد ساعات علقو المدارس هههههههه,ar
happiness,مو حلو الدراسه الحمدلله انو انا درست حضوري دحين حضوري صعب ونت مدري ايش ٧ ساعات سماعات اذنك صارت دائريه ولله قوقل مو مقصر معاهم انتو فاهمين اش قصدي مو معناته التطور ماله دخل طيب المدرسه اش مقصره معاكم مو البيت وربي بسبب اغلب الفصل يقولو جانا اكتئاب يوم ندرس البيت,ar
happiness,التعليم افضل الحضوري يكون للابد افضل لانو ساعدني وساعد ناس واجد اشياء ماتقدر نسويها حضوري صحيح الاحيان يكون كسل الطلاب اوماعندهم نت وجهة نضري انو احسن,ar
happiness,لأ حول قوة الا بالله العلي العظيم تعليق الدراسة ويتسلم راتبه نسأل الله السلامة والعافية,ar
happiness,هههههه شاء الله حضوري تخرجنا يارب الحمد,ar
happiness,الحمدلله حترجع المدرسة حضوري واخيرا مرة متحمسة والله,ar
happiness,الحمدلله يارب حضوري الحمدلله يارب كريم الحمدلله الحمدلله الحمدلله,ar
happiness,قسم بالله يعلقه دراسه وقته كنت اذاكر رياضيات تفسير وقته جاء ابوي وقالي بنات علقو دراسه والله وقته مو طبيعي قعد ارقص كثر,ar
happiness,انا خايف مستانس خايف عشان المرض عندنا الباحة ومستانس عشان علقو الدراسة شوي اختي تعطس,ar
happiness,اخيراً حضوري بدون غش,ar
happiness,يس حضوري شكرا الله يعطيك العافية الحمداالله بكيت مرات,ar
happiness,انا الحماس ان الدراسه حضوري ضميت اخواني وغفصتهم الهههههههههه,ar
happiness,الحمدلله انها حضوري لانه يعني امهات حرام يالله يدفعون حق المدرسه خليتوها طيب عندي سوال يمكن الام او الاب عندهم فلوس الجوال او الايباد او النت عشان يدرسون ترا حرام الحمدالله حضوري,ar
happiness,اههه ونااسسه الحمدلله يارب الحمدلله اسجد شكر لله للحمدلله يارب انها بترجع حضوري,ar
happiness,الله اكبر الحمدالله رب الحمد الحمدالله اخيرا نرجع حضوري,ar
happiness,كفو نبي نسبه الحضور بسبب الدراسه حضوري الحالات نزلت,ar
happiness,عمل رائع جدا بارك الله فيك,ar
happiness,عمل وثائقي رائع باركك الله جهودكم,ar
happiness,قلبي وعيني تدمع تعلق الصلاة الحرمين فأتى البشارة الله بان يفتح باب الحرمين ويرجع المصلين فتنهار الدموع بهذه البشاره فلك الحمد يالله النعم الفيديو جدا رائع عشنا معه الحرمين بعدما خلت المصلين والان فتحت للمصلين اللهم الحمد,ar
happiness,الله أكبر الله أكبر ولله الحمد عمل اكثر رائع جزيتم خيرا حراس الحرمين الشريفين,ar
happiness,الحمد ربنا حقاً عمل رائع,ar
happiness,ماشاء الله عمل رائع,ar
happiness,عمل رائع تشرفت بمشاركتي العمل يوثق بالفعل مرحلة صعبة,ar
neutral,التحليلات الشخصية تختلف الاثباتات والابحاث الطبية وهذا الفيروس زال مراحلة الاولى الانتشار السريع العالم توجد معلومات مؤكدة الاثار الصحية لهذا الفيروس المدى المتوسط أوالبعيد,ar
optimism,وأشارت منظمةالصحةالعالمية أدلة مبكرة بيونتك وفايزر فعالية لقاحهما ضد أوميكرون,ar
optimism,الله الحامي اللقاح نفسه يرك الا وقد كتبه الله,ar
optimism,ازمة وراح تروح سلام موطني حفظك الله شر الحساد والاحقاد,ar
optimism,قريباً شاء الله ستختفي الكمامة وتشرق الإبتسامة الواثقون بالله قولوا يارب,ar
optimism,ازمه وتفرج أنشاء ألله ادعاء هوا العباده ادعو الله ان يرفع عنا وعنكم وعن المسلمين الوبا يارب العالمين,ar
optimism,لاداعي للرهبه والرعب يقول الصلاة والسلام بشرو ولاتنفروا التعليق فقط للوقايه ولحفظ ارواحنا لايوجد مايجعلنا نحزن او نتشائم اللهم احفظنا واحفظ بلادنا سوء ومكروه,ar
optimism,سيبدأ الڤايروس بالإنحسار بإذن الله وسنستقبل رمضان مبتهجين مطمئنين بإذن الله إجراءات احترازية فقط نهج الأنبياء بشروا ولاتنفروا,ar
optimism,أملنا الله كبير الحامي الناقذ القادر يوقف المفسدين ويجعل كيدهم نحورهم,ar
optimism,فالله خير حافظا أرحم الراحمين صدق الله العظيم,ar
optimism,نسأل الله العفو والعافيه الوباء رب العالمين,ar
optimism,يخوفنا الوباء بجميع تحوراته نخاف الله رب العالمين خير الحافظين ارحم الراحمين,ar
optimism,ان شاء الله تكون كورونا واخواتها مجرد سحابة صيف وتزول كوكبنا الجميل بقوة الله تعالى,ar
optimism,يصيبنا كتبه الله,ar
optimism,شهر الحمدلله آخر مرحلة مر سيمر اللهم الحمد,ar
optimism,بينتهي قريب خلال ايام ان شاءالله الله وواثقين بالله ليش ثلاثه شهرين تفاءلو والله اذا قال لشي فيكون,ar
optimism,انا جاتني كارونة وستمريت الاكل السمك ايدام البر وفيتامين والنفسية أهم شيء، واهم شيء نغسية المريض والحمد انا الحين بخير وصحة وعافية,ar
optimism,انا اخدت اللقاح الحمد لله الاعمار الله وليش القاح السبب,ar
optimism,تصير الايام حدث وذكرى لاينسى وبترجعون تبحثون الخبر وتورون الجيل القادم المهم اذكرو الله وادعولي,ar
optimism,تاريخ ، وقت حضر التجول ، وقت وباء كورونا، فقط تذكرو ستمضي الأيام سيزول الوباء ، وتفتح ابواب المساج ، ويأتي رمضان وسنسمع تراتيل القرآن سيأتي الخير سينتهي آلم ، وتعود الحي اه لسابق عهدها فقط ثقوا آمنوا توبوا صلوا،أسال الله العظيم بأن يعم علينا بالامن وبالصحه والعافيه,ar
optimism,أزمت كورونا ستصبح جزء التاريخ وقصة يتداولها جيل جيل علّموا أولادكم بأن السعودية باعت شئ وشرتنا,ar
optimism,ستختفي الكمامة وتظهر الإبتسامة قولو ان شاء الله,ar
optimism,انشاء الله سينتهي المرض ويكتشفون علاج يارب يحفظ العالم المرض,ar
optimism,الله موجود اقوى اي قوة سطح الارض,ar
optimism,لله يكفينا وياكم ياجماعة والمسلمين فايروس كورونا وترجع حياتنا كانت وترجع مساجدنا ويرجع شي,ar
optimism,أزمت كورونا ستصبح جزء التاريخ وقصة يتداولها جيل جيل علّموا أولادكم بأن السعودية باعت شئ وشرتنا,ar
optimism,أملنا الله كبير الحامي الناقذ وهوالقادر ان يوقف المفسدين ويجعل كيدهم نحورهم,ar
optimism,أغلب الحالات المحيطة الفترة الأخيرة بسيطة بفضل الله وبتتحسن بسرعة حتي كبار السن وأصحاب الأمراض المزمنة زي مابيقولوا وآخرهم حالة كانت معانا البيت وبفضل الله اتحسنت سريعاً حتي حالة كورونا الكل بيبقا جالس معاها وعادي والحمدلله,ar
optimism,ان شاءالله نخلص الوباء للابد,ar
optimism,للهم ابعدنا الأمراض وارفع عنا الوباء والبلاء وانزل علينا السكينة والطمأنينة والشفاء ورضاك ومغفرتك وجود كرمك وعزك وعفوك وغفرانك وتوفيقك سبحانك وحدك القادر شىء,ar
optimism,شكرا دكتور؛ نرجوا الله تعالى يرفع عنا الوباء والبلاء,ar
optimism,أزمة كورونا ستصبح جزء التاريخ وقصة يتداولها جيل جيل علّموا أولادكم بأن السعودية باعت شئ وشرتنا,ar
optimism,الله يكفينا وياكم ياجماعة والمسلمين فايروس كورونا وترجع حياتنا كانت وترجع مساجدنا ويرجع شي,ar
optimism,ممارسة الرياضة الجرعة الأكثر تأثيراً مكافحة وباء كورونا وأي متحوّر جديد ناتج عنه,ar
optimism,اللي حفظنا المتحورات اللي فاتت قادر انه يحفظنا الفيروس الله يحفظنا احنا وجميع المسلمين يارب العالمين,ar
optimism,افضل لقاح بسم الله يضر اسمه شيء الأرض السماء السميع العليم,ar
optimism,وجه مبتسم عيون مبتسمةاليوم اخذت الجرعه الثالثه فايزر والله يحفظ الجميع,ar
optimism,عقبال المساجدد والحرمين يارب,ar
optimism,إنكشفت اللعبة ابتسم فرزقك مقسوم وقدرك محسوم واحوال الدنيا والله تستحق الهموم لانها يدي الحي القيوم الكورونا غيرها تزيد تنقص أعمارنا رب جليل يعلم مفاتيح الغيب,ar
optimism,للداء رب كبير عظيم يعجزه شيىء,ar
optimism,النظام الصحي السعودية أقوى الأنظمة الصحية العالم برافو لكل المسؤولين جهود الدولة لمواجهة الوباء,ar
optimism,ايمانا اقوي اي متحور ونتمني للأمة الاسلامية الصحة التامة والتكافل مجتمعاتها وقت توقف الانشطة اليومية رفقا باخوتهم الضعفاء والالتزام بمعايير الصحة اجل سلامة المجتمع ونتوكل علي الله فهو خير وكيل,ar
optimism,ياجماعة ناس خايفة تاخد اللقاح لان بخافو يطلع مضر للصحة مو منيح تخافو انا اهلي كتير اصدقاء بعرفهم اخدناه شي يعني خدوه,ar
optimism,الحمدلله ، يارب ارفع عنا الوباء,ar
optimism,لاتنسون الكمامه لسلامتكم والمعقم والله يكفينا الفايروس,ar
optimism,نقول انه كورونا انتهى,ar
optimism,عندما تنخفض مناعتك الجرعة التنشيطية ترفع لحمايتك,ar
optimism,سينتهي هدا الوباء وتكون الإصابات والوفيات العدد اللي معايا لايك وقولوا يارب هدا شعاري الموت,ar
optimism,منظمة الصحة العالمية داعي للذعر أوميكرون,ar
optimism,جماعة تفائلوا بالخير تجدوه احنا ايام مباركة اكثروا الدعاء ثقوا بالله,ar
optimism,المتحور الجديد لايشكل خطرا كبير,ar
optimism,العالم اصبح متشائم وسائل الإعلام اصبحت تحبط الناس توكلوا ربكم وواجه الصعاب,ar
optimism,محد يعرف ربنا ايش كاتب استهدوا بالله,ar
optimism,التحصين التحصين,ar
optimism,يخوفكم فايروس امنوا بالله,ar
optimism,محد بيموت الا بيومه,ar
optimism,التطعيم خير وحجج مقنعة,ar
optimism,فيروس كورونا يشهد متحورات جديدة تدعو للقلق,ar
optimism,يوجد المملكة تفشيات مقلقة انتشار كورونا المتحور,ar
optimism,وجدت دراسات جديدة الجرعات المعززة لقاح فايزر المضاد لكورونا تجعل المطعمين استعداداً للتغلب بشكل فعَال متغيرات دلتا أوميكرون,ar
optimism,لموسيقى حياة متطوعين يعزفون ويغنون مستشفى الحريري بيروت للتخفيف مرضى الكورونا,ar
optimism,أرجوكم يَكْفِي أمسيات عَن كورونا أمسيات عَن الأوبئة تقارير عَن كورونا أمسيات عَن الأوبئة عَلَى مَرِّ الْعُصُورِ نُرِيد جُرْعَة تَفَاؤُلٌ,ar
optimism,اصبت اليوم بفايروس كورونا أسأل الله الشفاء والعافية ولجميع المرضى والله يرحم مات يارب,ar
optimism,ربي يحفظ العالم العربي المرض الفيروس كورونا تيأس فقد جرت العادةْ آخر مفْتاح سلسلَة المفاتيٍح هُو يفتَح البابْ,ar
optimism,الحمدلله حال يارب عجل بالفرج,ar
optimism,اح يكون مرجع جميل جداً لجيل المستقبل اذا تشوفوني انا الحين اشوفه وانا بأخر سنه ثانوي يوم الاربعاء الساعه ٦ ٣٣ صباحاً ٢٠ ٢ ١٤٤٢ ان شاءالله نرجع نشوفه واحنا بخير وسعاده وينتهي الوباء وترجع الحياه لمجراها تحياتي جيل المستقبل اختكم شهد,ar
optimism,اللي أخطر كورونا أننا اكتشفنا مواطنين يسافرون إيران رغم قطع العلاقات ودخول بلادنا مواجهة معه علي الأصعدة رب ضارة نافعة,ar
optimism,يخي عقوبة يخي وطريقة اعلامكم للحدث تخيف اكثر اي فيروس وش بيك تنهجي للكون رب ينجيه وان اراد قال للشيء فيكون والحمد لله اللهم نرجوك ميتة نقابلك وانت راض عنا دمتم سالمين,ar
optimism,الف طبيب وممرض بريطانيا كانت الإصابات كثيره بينهم وبعد اللقاح مضت فتره الوقت ولم يصب منهم وهذا دليل واضح وملموس فكيف للمشككين,ar
optimism,قريبآ ستذهب الكمامة وتظهر الابتسامة اين الواثقون بالله,ar
optimism,فيروس كورونا خوف موجة ثانية وأمل بتراجع حدّتها,ar
optimism,اكييد لكل شيء حكمة والله خلقه شؤون,ar
optimism,ونعم بالله وباقداره وشكرا دكتور فعلا الرعب سيطر علينا,ar
optimism,نصيحة لله مصاب كورونا ياخذ عصير برتقالة واحدة عصير ليمونة واحدة حبات ثوم يخلط جيدا بالخلاط يشرب تكرر الامر او مرات يوميا وستجدون نتائج مذهلة خلال يومين انصبت بكورونا وكان وضعي صعب جدا جربتها والحمدلله,ar
optimism,الحمد لله اني لقحت وملتزم دائماً بالكمامة اطلع لأقرب مكان اتمنى الكل ان يأخذ الاجرائات الوقائية لحماية محبينه يهتم لأمرهم المرض الخطير,ar
optimism,الموت والحياة العزيز الجبار وَلِكُلِّ أُمَّةٍ أَجَلٌ ۖ فَإِذَا جَاءَ أَجَلُهُمْ لَا يَسْتَأْخِرُونَ سَاعَةً ۖ وَلَا يَسْتَقْدِمُونَ,ar
optimism,قل لان يصيبنا الا ماكتب الله ورحمة الله وسعت شي اعتقادي ان الفايروس هوا الله علينا بسبب كثرة الذنوب والمعاصي الفتره الاخيره رجعنا الى الله واكثرنا الاستغفار والتوبه سيرحمنا الله,ar
optimism,التقرير تهويل؛ شفت مئات المصابين تعافوا، ونقابلهم دوما وهم بخير والحمد لله، ولم يتغير عليهم شيء، بحمد الله نجا الموت فهو بخير الحمد الله,ar
optimism,الغبار تناوله رئيس وزراء بريطانيا اصيب بكورونا وادخلوه العنايه باردة الله العقار انقذه الموت حوالي اشهر,ar
optimism,اقول الموت والرب وهؤلاء سلنحق الحواري يوم منهم يفرقع طقاعة ربعة ومستقيدي بربرة الحافظ الله والتوكل ولن يصيبنا الا ماكتب الله عام ولله الحمد الامور تحسن يارب,ar
optimism,ال بالخير توجيه النبي صلى الله وسلم ، للظن خير الله ابشروا بالخير ابشروا بالفرج ابشروا يسعدكم تمسكوا بطاعة الله واتقوا الله يجعل مخرجا,ar
optimism,أسأل الله الليلة المُباركة باسمه الأعظم جلال والإكرام يغفر ولكم ولوالدينا وأبناؤنا حق علينا جميعا وأن يسعدنا الدارين ويألف قلوبنا,ar
optimism,اتوقع الافضل دا التقرير,ar
optimism,والله انة هلع للبشرية وليعرف الجميع ان الحافظ الله تؤكلوا الله الامور بخير انشاء الله بسم الله لايضر اسمة شئي الارض السماء السميع العليم مرات ومع صور المعؤذات وعدم متابعتهم,ar
optimism,بشروا ولاتنفروا استبشروا خيرا الله خلق الداء وخلق معه الدواء,ar
optimism,الوقاية خيرا العلاج ممتاز,ar
optimism,القرفه تقضي اعتى الفيروسات صابتني سنوات انفلونزا الخنازير اسبوع فكت السخونة الكحه شربتها الله كانها غمه نقشعت بعدها ذكرها استشاري سوداني بمستشفى العزل قال انسى الفيروس معها,ar
optimism,مجرب واخذت فايزر ليش خايف كمل وتحصن بالباقية,ar
optimism,خذ اللقاح عزيزي اذا تثق بالعلماء فبمن ستثق اللقاح يحميك الاصابه يحميك الموت وتفاقم وضعك وايضا فوتشي عضو لجنة مكافحة كورونا البيت الابيض صرّح انه طبيعي ولم يتم تصنيعه او تكون طفرة وراثية انا كنت منخدعه بالمؤمرات قررت افتح عقلي وابحث وان شاء الله ناخذ اللقاح,ar
optimism,الحمد لله عملت فحص الم خفيف وراح بسرعة مايحتاج توتر بسيط ان شاء الله,ar
optimism,تخافون الفايروس وماتدرون ان التوكل الله ومايصيبك الا إلي كاتبه الله ومايخاف الي متهاون بصلاته واكل حقوق الناس انا متوكل الله وماني خايف لامن كرونا ولامن غيرها,ar
optimism,مستغرب التعليقات خايف اللقاح استخر ربك وفكنا شرك تبي دولة تقتل شعب الدولة تبي شعب تعتز الحكومة ماتعطي شي ضار لمواطينيها قُل لَّن يُصِيبَنَا إِلَّا مَا كَتَبَ اللَّهُ لَنَا هُوَ مَوْلَانَا ۚ وَعَلَى اللَّهِ فَلْيَتَوَكَّلِ الْمُؤْمِنُونَ,ar
optimism,ماشاء الله عنك دكتور والله تعبت هالفترة احترامي الك ولصدقك ولحضورك وانت نجم بكورونا وغير كورونا الله يقويك وتطلع عالتلفزيون وتقول لقد سيطرنا الوباء بفضل الله وبفضل حكمة الإدارة الطبية والحكومة السعودية تحياتي الكم فوفو السورية,ar
optimism,اللقاح كثير شي كورنا لازم ياخد للقاح عشان تحمو نفسهم كورنا بعدين صير عنده عراض خفيفه لأيام تروح,ar
optimism,لماذا العنوان لماذا التهويل انا مرضت شفيت اسبوع,ar
optimism,بارك الله جهود معالي الشيخ وزير الشؤون الإسلامية ، فعلا قرار ممتاز رائع ، الدخول يكون لمن استكمل الجرعتين,ar
optimism,يوم توحيد المملكه ان شاء الله الامور تفرج جائحه تزول باذن الله تعالى والايام القادمه ان شاء الله وسرور الكره الارضيه والامه الاسلاميه نعيش محبه وسعاده,ar
optimism,اولا اسأل الله ان يرفع الغمة العالم الإسلامي وعن الإنسانية جميعا ثانيا اتمنى ان تكون حكومات العالم العربي فهمت الدرس تماما بأن تحولنا شعوب مستهلكة شعب لديه اكتفاء ذاتي أساسيات الحياه القمح والخضار والفاكهة والألبان واللحوم وصلنا لهذه المرحله فنحن بألف خير قلق وارزقنا رب العباد نقطه أخيرة للتنبيه دمرت سوريا والعراق نظرا لوصولهم لمرحلة الاكتفاء الذاتي وبدؤوا مرحلة التصنيع ومنعت السعودية أمريكا عهد المغفور الملك فهد بن عبدالعزيز تصدير القمح السعودي حينما ينافس قمح أمريكا العالم الأوطان تبني الداخل وليس الخارج حمى الله السعودية والعالم العربي والإسلامي شر,ar
optimism,الله يرفع الوباء الجميع وثائقي رائع جزاكم الله خيرا,ar
optimism,اللهم صل وسلم نبينا محمد وعلى آله وصحبه أجمعين الله يرفع عننا الوباء والبلاء وثائقي رائع أبدعتم,ar
optimism,فيلم وثائقي رائع ومميز يصف الحال اثناء جائحة كورنا حمانا الله واياكم,ar
optimism,فيديو رائع يجسد مشاعرنا بصدق فليبق للاجيال القادمة علها تعرف قدر المسجد العظيم وقيمة البركات يغمرنا جزاكم الله خيرا,ar
optimism,فيديو رائع يجسد مشاعرنا بصدق فليبق للاجيال القادمة علها تعرف قدر المسجد العظيم وقيمة البركات يغمرنا جزاكم الله خيرا,ar
optimism,شاء الله تبارك الله فيلم توثيقي تاريخي رائع للأحداث شاء الله يرفع الله البلاء قريبا نتذكر الأيام نحمد الله أنعم بع علينا جزاكم الله خيرا,ar
optimism,فلم رائع جدا تم اخراجه بشكل ممتاز وان شاء الله ربنا يكتب زيارة المسجد النبوي الشريف قريبا,ar
optimism,نص ساعه كأنها دقايق المده كانت اطول والله يحفضنا ويحفظ مملكتنا وحكامنا والله يرفع الوباء شكرا الفديو الاكثر رائع,ar
optimism,إنتاج رائع وفعلًا مرحلة صعب والحمدلله الوضع تحسن شاءالله يجي اليوم اللي نقول كورونا راحت,ar
optimism,انا ولله الحمد استقبل يوم مراجع ولم اصب بالفايرس اصحابي اصيبوا وانا ولله الحمد,ar
optimism,تفاؤل الحقيل جائحة كورونا بأنها اعطيت اكبر حجمها والعودة للحياة الطبيعية,ar
optimism,بحول الله وقوته تعود الحياة كانت فالله قادر شيء والله حافظ لهذه البلاد بجهود الدولة المشرفة الأكثر رائعة وبتعاون المواطن والمقيم ستعود الحياة لطبيعتها,ar
optimism,ياناس انتم تقولوا فيروس كورنا بيجي السعوديه جاه وتقول بيجي الناس متدرون الله قدر شي باثانيه ياناس احمد ربكم حن كلن بنموت مومن فيروس ماحد يموت يومه ان الحمدلله نحمد الله ونشكره والي يقولوا علقوا الدراسة حرم ولله حرم ناس يبون يتعلم يبون ينجحا ولله حرم رسالة لللملك سلمان ارحوا ان تنشرا هدي ارساله الي يشوفه ينشره جعنه ذمتكم,ar
optimism,انا متأكده ان الملك سلمان حفظه الله خادم الحرمين الشريفين الامير محمد بن سلمان بيعرفون يتصرفون بهاذا الموضوع ومارح ينتشر بالسعوديه ان شاء الله,ar
optimism,ناس تخافون الله معانا مصاب اكثر شخص الله يشفيهم ويعافيهم ويقومهم بالسلامة متوفى اكثر شخص ربي يرحمهم ويغفر ويسكنهم فسيح جناتهم انتم كنتم تكرهون الحياة فأدعوا الله يرفع عنا الوباء يسعدنا الحياة ينسينا الهم الحزن اللهم أفرج الهم الحزن لمن قال أمين,ar
optimism,رغم الوباء الحياة تستمر الحمد لله,ar
optimism,لحمدالله حال انا عندي تفاءل الحج بعدت ايام يروح كورونا الزم بيتك,ar
optimism,قل يصيبنا الا ماكتب الله شكرا للطاقة الايجابية اللتي تمدنا فالخوف اكبر مدمر لمنعاتنا سعيدة لكوني وجدت هده القناة بصدفة,ar
optimism,واخيرااا بدينا نرجع للحياه الطبيعيه,ar
optimism,البطل الناطق الرسمي لوزارة الصحة عبدالله السند يوم دوام رسمي الصحة,ar
optimism,رب ضارة نافعة كورونا خلال العامين الدراسية بسبب متابعة زوجتي لأولادها أصبحت زوجتي ثقافتها عالية جدآ شكرا لمنصة مدرسي وأصبحت صحة اولادي جيدة الكورونا بسبب ذهابهم للمدرسة كانو يمرضون التهاب اللوز والحمى والتهاب الرئتين وهناك الأمراض المعدية والأمراض المعوية والتسمم الغذائي وهناك مشكلة زحمة السير والحوادث منصة مدرسي تشكرون عليها عمل جبار ونجح المملكة العربية السعودية,ar
optimism,تتمثل رؤية وزارة الصحة تحقيق الصحة بمفهومها الشامل المستويات للفرد والأسرة والمجتمع العمل مساعدة المسنين والأشخاص ذوي الإعاقة يمكنهم,ar
optimism,التعليم ناجح واللي يبي يغش يغش حضوري او,ar
optimism,الدراسه حضوري تعود الطالب النوم بدري وداعا للكسل والنوم,ar
optimism,عندنا الحالات بالباحة والأمور طيبة وجاهزين لأي عدد الطلاب والطالبات انتهينا الوباء بفضل الله الطريق والتعليم حضوري عودة للتعليم أبد,ar
optimism,التعليم اثبت نجاحه اغلب الطلاب لديه الجراءه المناقشة ولانجحد جهد المعلمين دور كبير تنميه الثقه بالطالب ومعلمي اسلوبهم رائع شرح الماده الشكر ام طلاب متوسط,ar
optimism,اي نبي شي حضوري ونبي لبس البنات والاولاد زي لبس المدرسه حق الكوريين نبي الاختبارات تكون ضعن عشان كورونا احم احم الاختبارات اللي الباقي حضوري لوسمحتم يعني,ar
optimism,خبر حلو قالو الي يبى يدرس ولي يبى حضوري يدرس حضروي شرايكم,ar
optimism,نبي الشتاء والصيف حضوري فكروا والله صدق فكرة حلوة,ar
optimism,ان شاء الله حضوري,ar
optimism,فيلم وثائقي رائع ومؤثر جزاكم الله خيرا مترجمة متخصصة الترجمة الدينية ووالله أتمنى يكون شرف ترجمة العمل المبارك شاء الله اللغة الإسبانية وفقنا الله وإياكم يحب ويرضى,ar
optimism,عمل رائع يجسد مشاعرنا بصدق فليبق للاجيال القادمة علها تعرف قدر المسجد العظيم وقيمة البركات يغمرنا جزاكم الله خيرا اللهم لاتحرمنا مسجد نبيك محمد صلى الله وسلم واجمعنا جنات النعيم واحسن خاتمتنا بمدينتك ومسجدك ودفنً ببقيع الغرقد,ar
optimism,الرجل الكبير ايجابي رغم الظروف الله يحفظه ويطول بعمره الطاعة عمل رائع,ar
pessimism,اذاً اللقاح عدمه فلن يعطي مناعه اقوى مناعة الجسم الاصابه,ar
pessimism,خلاص فليتوها قولو انكم بتموتونا وخلاص,ar
pessimism,واضحه وصريحه ٬ بداية بيرجع الحظر,ar
pessimism,الفيروس القادم اومكرون اوبايدون الاشد فتكا بعده شي جين بيغون بعدو اوبوتيون الاشدو رعبا اوماسونيون,ar
pessimism,,fa
pessimism,قلنا اللقاااااااااح فااااااااااشل,ar
pessimism,ان اللقاح السبب,ar
pessimism,نصدق اليهود والنصارىٰ وكيف نثق وهم صنعو هاللقاحات,ar
pessimism,اللقاح خطر مميت,ar
pessimism,اللقاح مفعول,ar
pessimism,عكس يضر البشر شوفو طبقو تجارب للقاحات ماتو البشر,ar
pessimism,لقاح لايمنع العدوه مامنه فايده,ar
pessimism,والله يجي فايروس كورونا الجديد,ar
pessimism,امس اخذت اللقاح اكسفورد والله اني اتمنى الموت اليوم بكرة,ar
pessimism,تعريف كورونا ؛ عباره فايروس مفخخ، ضهر ولأول مره مدينه ووهان الصينيه وفي السنه المشؤمه,ar
pessimism,الجرعه الثالثه ماظن صحه,ar
pessimism,خلاص الحين اللي اخذ القاح زي اللي مااخذه جاء متحور جديد يقول للعالم انا اعلمكم الشغل النظيف,ar
pessimism,ناقصين نفسيات مانبي حظر,ar
pessimism,احس بيجي حظر,ar
pessimism,يارجال والله نموت احسن قروشنا حق الصحه احجرنا وانفكينا ورجعنا زودتوها,ar
pessimism,التطعيمات دي تحمي الفيرس ، المانيا مطعمة عدد كبير جدا شعبها وبالرغم عدد الإصابات والوفيات عالي جدا الله,ar
pessimism,افا تكون سنة مو حلوة استغفرالله,ar
pessimism,فيروس كورونا أصبحنا أصناف عدة، ومتحورات شتى، ولقاحات متنوعة وغير ناجعة وزاد يقيني بالمؤامرة ضد البشرية,ar
pessimism,لقاحات تتكلم الم تتلقح الشعوب بأكثر جرعتين الفيروس انتشر بسرعة اذن مافائدة اللقاحات ان تكن تحمي,ar
pessimism,مسلسل كورونا واخواته ولقاحاته طويل الامد اليوم جرعة ثالثة وغداً رابعة وخامسة والحبل عالجرار,ar
pessimism,و٨٠ بالميه الشعب ماخذ اللقاح اجل اللقاح,ar
pessimism,اتمنى ايام الحجر ترجع اللي مثلي لايك,ar
pessimism,يبون المتحول ينتشر وبعدين يقولون الوضع,ar
pessimism,هالجرعات كثر موت الفجاة,ar
pessimism,اللقاحات نسبة الاعاقات بترتفع والامراض المزمنه والمتلازمات,ar
pessimism,إنتهت حروب الأسلحة وجاءت حرب الفيروسات فهي حرب عالمية ثالثة الله يجيب الخير,ar
pessimism,نهايت انسان الموت وهذه الدنيا نهايتها الزوال سواء اليوم او,ar
pessimism,,fa
pessimism,اللقاحين الى اعطوني، شكلك فايده، اححه,ar
pessimism,التطعيم السام الوباء,ar
pessimism,نتمنى ان يصل الفيروس لانها ستكون حالة استشهاد جماعي,ar
pessimism,يتعافى العالم الا ٥ سنوات,ar
pessimism,انا اقول انه سابقتها المتحورين انتم امام ٤ موجات اخرى اخر موجه اعضمهم انها الشيء الرهيب يقف العالم كله عاجز امامه,ar
pessimism,طول البشر مبقوش يخافو الله ربنا هيزيدنا وباء لوباء ليوم الساعه العظيم,ar
pessimism,حسبي الله ونعم الوكيل سنة ٢٠٢٠ كورونا وسنة ٢٠٢١ كورونا والحين كورونا الجديد يدل انو يوم القيامة اقتربت,ar
pessimism,مفيش كرونا اصلا,ar
pessimism,كلامها صحيح فيروس كورونا صناعة صينية والصين تتحكم بالفيروس,ar
pessimism,اصحوا عالم عدد وفيات كورونا اقل اي مرض تاني العالم مهتم فينا وبحياتنا انقذوا الناس اللي بتموت إفريقيا الأمراض واوقفوا الحروب وتصنيع الأسلحة,ar
pessimism,اللقاحات خطيرة لانها سلاح بيولوجية تنتج سلالات جديدة وتفتك بصحة البشر,ar
pessimism,اللقاحات مامنها فائدة الي جابت الأمراض,ar
pessimism,نصيحه نصيحه شباب وبنات لاحد ياخذ اللقاح كورونا يسبب للموت خلال سنتين والدليل نظريه المليار الذهبي قريبا يصير شي,ar
pessimism,واللقاح لايمنع العدوى يمنع الاصابه والدول مسؤله عنك المضاعفات او الاثار الجانبيه,ar
pessimism,شكلها النهايه ياشباب,ar
pessimism,الواضح اننا بنموت,ar
pessimism,اخر اللحضات,ar
pessimism,الصين الدعوة لتخزين الغذاء والمواد الضرورية,ar
pessimism,الظاهر اننا بنودع,ar
pessimism,شكلها الحلقه الاخيره,ar
pessimism,ننتظر الزومبي,ar
pessimism,صلاتكم صلاتكم بكره تشرق الشمس المغرب,ar
pessimism,الوفيات تتزايد الله يرحمنا,ar
pessimism,شخصياً بديت أخطط أعمل لمن تجيني كورونا ممكن تسموه تشاؤم بالمعطيات,ar
pessimism,البشر عندهم مرض اسمه تشاؤم ويسببو للناس إحباط,ar
pessimism,مغير الاحوال منظمة الصحة العالمية طول ازمة كورونا ماقالت شي نافع كله تشاؤم واحباط,ar
pessimism,اتمنى اقرأ خبرا مبشرا بالخير مدير منظمة الصحة العالمية كورونا وجدت اخباره تشاؤم تشاؤم,ar
pessimism,التايم لاين عندي مؤسف حقيقة، مليان تشاؤم بسبب أخبار سلالة كورونا الجديدة,ar
pessimism,مراسل العربية ببروكسل نور الدين الفريضي تشاؤم مستوى تفشي كورونا بلجيكا واتجاه علان الحجر الصحي العام,ar
pessimism,تصدقون اللي مسافرين يقولون ماندري كورونا الا حزت المسحه حق السفر،،،،,ar
pessimism,التايم لاين كله كورونا تشاؤم سنة ٢٠٢٠ ملّقت,ar
pessimism,اللقاحات الوباء اذا أخذنا التطعيم سنهلك وتزيد نسبة الإصابات بنسبه كبيره اللقاح فيروس والأخرى تكون مضادات,ar
pessimism,مصيبة دكتور شاخذ اموت الفايروس,ar
pessimism,لله يشفيني فيروس كورونا أعرف موعد موتي إقترب الكلمة الاخيرة أتمنى حياة سعيدة لأمي أحبها شيء الكون,ar
pessimism,الي فلينها اهل الابل محد يكلمهم الي مبسوطين والباقي حجز منزلي,ar
pessimism,الاعلان لحاله كورونا,ar
pessimism,بشركم قفلنا الإستراحة اليوم، آخر دق بلوت اليوم بيته ، مين قفل الإستراحة؟؟,ar
pessimism,فيروس كورونا وصل للعرب طبعاً داعي للخوف لأننا العرب متفوقون عالمياً الرعاية الصحية,ar
pessimism,نهاية العالم والسلام عليكم,ar
pessimism,شكلي وانا عندي كورونا وقاعدة ارقص,ar
pessimism,اعرف أشخاص أصبحوا مرضي ضغط الدم والسكري النوع الثاني وكذالك مرض سكري أصبحوا نوع الفيروس لعين حتي شفي يبقي يعاني الي الابد عليكم بالوقاية حتي صغار السن دكتور مشكور مواضيعك متميزة وممتازة,ar
pessimism,اللقاح متاح المستحيل السيطرة,ar
pessimism,اذا سيطرت يظهر مره مرات مالم يسيطر كافة الكره الارضية والسلاح الوحيد اللقاح الفعال,ar
pessimism,يعني اللقاح فائدة ترجى ، ربما السبب، لأن انجلترا اكتر الدول الملقحة لشعبها,ar
pessimism,اللقاحات كلها آمنة تقي الفيروس الوقاية خير العلاج,ar
pessimism,للاسف معدلات الموت ازدياد وتقترب حاجز المئة يوميا,ar
pessimism,للأسف تنتهي الجائحة قريباً ربما تأخذ سنوات الله يأمن الجميع ويشفي مريض,ar
pessimism,والله انها علامات نهايتنا اتقو الله اتقو الله,ar
pessimism,الفيروس يأتي وقت,ar
pessimism,دعائكم يااخوتي انا اصبت بكورونا أيام وانا المستشفى بغرفة العزل والله اني الالم اصبحت اطلب الموت الله عز وجل واللهِ تعباااااان دعواتكم ولجميع مرضى المسلمين جزاكم الله خير اخوكم سوريا الحرة,ar
pessimism,الوضع خطير الله المستعان,ar
pessimism,للقاح خطر مميت,ar
pessimism,هههههه اللقاح لايقضي الفيروس ولايمنع الاصابه مرة اخرى صرحت الشركه المنتجه لهذا اللقاح وانها مسؤوله آثاره الجسم يعني لقاح قلته,ar
pessimism,ظهر إبن كورونا والآن بإنتظار حفيده,ar
pessimism,العالم كله والاطباء العلماء يستطيعو توقيف البلاء,ar
pessimism,واضح اننا قاعدين كورونا ليوم الدين لاحول ولاقوة الا بالله,ar
pessimism,والله لنصير حقل تجارب ورة الكورونا,ar
pessimism,كذبة جديدة المتحورات تنتهي,ar
pessimism,انشالله موجة ثانية وثالثة ورابعة اللهم امين يارب العالمين,ar
pessimism,الواحد لمن انصاب زكام موسميه خلاض يكون مرض كاروناء ونسجل اصابه حاله كاروناء,ar
pessimism,والله خذيت القاح اجباري بسبب الامتحانات,ar
pessimism,احنا نخلص كورونا,ar
pessimism,كورونا منا وفينا، يصير يزورنا بنفس الشكل لازم يغير هندامه وشكله الأمر طبيعي عزيزي,ar
pessimism,صرعتونا بالمتحورات،مرة امريكي مرة افريقي مرة هندي حول قوة بالله العلي العظيم,ar
pessimism,كثرة التحورات لهذا الفيروس وقت قصير يثير الشكوك الفيروس حيواني المنشأ تم تكيفه للبشر بالقصد خرج السيطرة,ar
pessimism,اللقاحات الوباء اذا أخذنا التطعيم سنهلك وتزيد نسبة الإصابات نسبة كبيرة اللقاح فيروس والأخرى تكون مضادات,ar
pessimism,اللقاح كانوا يقولون فعالا بعدها قالوا الجرعة التانية تقضي الڤيروس عندما تقضي البشرية جعلوا الثالثة تقضي علينا نهائيا,ar
pessimism,والله العظيم المسألة تتجلى أنه ينتظر حتي تضعف مناعته باخد اللقاح المضاد والبتالي يقظي علي الإنسان اللهم لطفك ربي,ar
pessimism,رح نخلص كرونا حسبي الله ونعم الوكيل علي الي سبب الوباء للعالم,ar
pessimism,يبدو اننا نخلص المتحورات الاطلاق وسيضهر متحور تلو الاخر,ar
pessimism,الموت رحمه نموت ونرتاح هموم الدنيا,ar
pessimism,ممتاز نتطمن الحين يعني اللقاح يتفاعل باجسامنا ومابنحتاج للتحنيط بتبقى اجسامنا محفوظة قرون كلها اسبوع تعذيب عقب اللقاح وعقبها راحة ابدية الحفرة,ar
pessimism,دخان نار قالوه اللي قالوه الاهم ادرى وابخص بلا تلقيح بلا تطعيم افضل الموت بكورنا او اي مرض او حادث الموت بلقاحتكم,ar
pessimism,يعني ٩٢ وكم تبون يعيش اللقاح يؤكد ان اللقاح قاتل لذوي الاعمار الكبيرة,ar
pessimism,ههههههههه اعراض اللقاح اكثر بكثير اعراض كارونا الصراحة كارونا ارحم اللقاح اليوم ١٢ اعراض بكرة اضف عرض اضافي الا الموت,ar
pessimism,الاعراض كلها مقدمات لسكرات الموت الداعي لاخذه المصاىب والالام,ar
pessimism,انا مشكلتي مو باللقاح مشكلتي وشلون يفهمون ان الموت حق,ar
pessimism,عمرة وانتهى وليست مسألة سخرية أستهزاء كثير أخذوا جرعتين وأصيبوا بكورنا وماتوا اللي يشوفكم يقول اللقاح لقاح الخلود الابدي ؟؟؟ خافوا الله لاي علينا,ar
pessimism,اتوقع ان عدد الاصابات ستتوقف الرقم ستتجاوزه يمكن ان تحصي خالطو ؟ والمرض يبقى كامن يوم تخرج الاعراض شخص مصاب ينقل لشخص وهذا الشخص ان يكتشف اصابته ينقل لغيره,ar
pessimism,اتوقع ناس شغاله تتطور بهذا الفيروس والنسخه الجاي بتكون برو او برو ماكس والعلم الله,ar
pessimism,منظمة الصحه العالميه اثبتت فشلها بهذه الازمه بشهادة الجميع والى الان يسودها الارتباك والتناقض وادارة الازمه,ar
pessimism,الله يخارجنا قربنا نخرج مصيبه جت الثانيه الوضع يخارج والمشكله لازال الناس مستهتر وينكت,ar
pessimism,كداب كداب كداب اللقاح قاتل يخفف شي,ar
pessimism,والله انه خايف يسوي نفسه,ar
pessimism,ليش وجع الراس نجحوهم اعطوهم اجازه لان الفيروس ناوي يطلع يوم تزيد حالات,ar
pessimism,العقوبه انننا وصلنا ٢٠٢٠ ووضعنا تعبان مابعده عقوبه,ar
pessimism,يووو تعبت نفسيا شكله معد امل يلاقون علاج الله يكون بالعون يارب العالمين ويشافي مريض يارب,ar
pessimism,,fa
pessimism,تمزح صح قول امزححححح خلاص تعبت ابي اتمشى ابي اتمشى ابي اشوف صديقاتي ابي اتمشى احتاج اكسجيننن اقدر اغش,ar
pessimism,معذرة اثق منظمة الصحة العالميه التابعة للامم المتحدة عايش عادي والله واست خايف البعبع كرونا,ar
pessimism,اتوقع هيك وصلل لكل دول العالم عالم لقي علاج او لقاح الله يستر,ar
pessimism,كورونا للعقم لدي الصينيين والله اعلم ان الدراسة اعلاه صحيحة وممكن ينشرون العقم العالم,ar
pessimism,ينتشر الفايروس نفتك المدارس الي تجيب المرض,ar
pessimism,كورونا مؤامرة وحرب العالمية الثالثة,ar
pessimism,الحياة كلها حروب وفيروسات وامراض,ar
pessimism,وش رايك تعلقون دارسة حالة كرونا جاية إيران وحنا ناكله تونا عز شباب ليش ماتعلقون دراسة مرض خطير,ar
pessimism,دليل أنهم يريدون منع الحج العمرة يدل صناع الفيروس نية خبيثة,ar
pessimism,اللقاحات مؤامرة حقيقة لتقليص الساكنة العالمية,ar
pessimism,كوفيد تنهار دول وانظمة اقتصاديا بسبب المرض او تكون وشك الافلاس لانها ستمر اكبر ازمة مالية واقتصادية تحسد عليها,ar
pessimism,العودة للمدرسة وبدء الدراسة الوقت وهذة الأوضاع تشبه انتحار جماعي يجب تأجيل الدراسة انحسار المرض اكتشاف علاج,ar
pessimism,حضوري ٣ فصول,ar
pessimism,ياخي انا طالب الثنوي ماهمني الجوال شي ابيها اذا يبونها حضوري لزم يكون ترتيب منسق مهب يجي بداية الدونات يلا بدينا الان غلط حبيبنا المفروض يتم توزيع الكتب المدارس,ar
pessimism,اكثر الي يبغون الدراسة حضوري اصحاب الباصات والجموس ماهمهم المرض الطلاب المجتمع بكامله يبغون دراهم وبس,ar
pessimism,أعلنت وزارة التعليم صدرو الموافقة السامية عودة التعليم حضوريا المعلمين والمعلمات وأعضاء هيئة التدريس والفئات المستهدفة الطلبة الي يعارض يقول مابودي عيالي وبنتي ويهايط الاخير حضوري,ar
pessimism,الى تعليق يتسجل غياب ويتاخر سنه وزارة الداخلية قالت ماتدخل اي منشاه الا ماخذ اللقاح مسوي ماتبي عيالك ياخذونه الدراسه مستمره حضوري مراح تتوقف,ar
pessimism,الي مايبي عياله ياخذ اللقاح يداوم حضوري يخرجهم التجمعات والمولات وعند اقاربهم يوم قالو الدراسه حضوري جالس يصيح,ar
pessimism,صدر القرار والدراسه حضوري لاتحاول انت تدور عذر مدام ماعندك تقرير طبي معفي اللقاح تاخذه تتسجل غياب لاتنسى جرعتين,ar
pessimism,الدراسه حضوري والي مايبغى عياله يدامون عادي خلهم البيت ويعيدون السنه انت واولادك غيابهم نفسهم والدراسه حضوري خشومكم,ar
pessimism,وش التخبط الكل ياخذ جرعتين يداوم حضوري الي يجيه كرونا يتقفل الفصل ويتعقم بالكامل بشكل يومي يداومون بعدها الدراسه مستمرة,ar
pessimism,ويبقى المعلم مشتت مابين حضوري وعن خليتوه زي الابتدائي,ar
pessimism,تبي عيالنا وبناتنا يدرسون حضوري عشان الموجه الثانية تبدا قدر الله سيما ان اختلاط الطلاب الفصول ينقل العدوى وبوقت كبير ساعات اليوم مو زي انت برا الهواء الطلق,ar
pessimism,اجلو الدراسة ياناس والله ماحن ناقصين امراض لاسمح الله صارت حضوري الدراسة سيحدث مشاكل وكوارث والنظام الصحي سينهار مليون طالب واغلبهم شباب يهمهم المرض مغامر وسينقلوه الى عوائلهم,ar
pessimism,انا مرضت شفيت وبعد الشفاء رجعت مرضت تاني مرة احس بوجع صدري والله تعبت الحياة صارت حياتي الجحيم,ar
pessimism,قراركم ان تعليم حضوري بيودينا ورا شمس لأن الحالات بترتفع وتزيد وكلنا نصير موعرضين لكورونا,ar
pessimism,حبيبي رجعوه حضوري يعني الحالات بتزيد فا الافضل,ar
sadness,مدير الصحة العالمية علّمنا كورونا مأمن,ar
sadness,ياخي تكفون طالبكم شوفو حل كورونا يموت ناس ابرياء مسلمين تكفون شوفو حل يالله انك تعدي موضوع كورونا عاجل اجل يارب,ar
sadness,تكفه ذكرني ايام حجر الله يرحم ولدينك ايام ذكريات هوم يحزنون اشتاقت اروح عمره وناس احبهوم اشتقتلهوم,ar
sadness,يارب طال الوباء وعجز الأطباء وقل الدواء وعجزت الحلول حلول السماء فأصرف عنا الوباء برحمتك أرحم الراحمين الشفاء العاجل بحق محمد,ar
sadness,انا تطعمت وسحبوا علي مانزلت صحتي اني تطعمت ايش اسوي,ar
sadness,يارب أرفع عنا الوباء والبلاء,ar
sadness,اللهم أجرنا الاوبئه ماظهر بطن,ar
sadness,اللهم رب الناس اذهب الباس اشفي انت الشافي المعافي اللهم شفاء يغادر سقما,ar
sadness,للأسف صرنا الرشح العادي والتهاب الحلق والصداع نخاف ونفكره كورونا وسواس صاب الناس ورا الكورونا والحديث عنها باستمرار,ar
sadness,أدعو لجدي بالعناية المركزة وفيه كورونا يارب احد يافرد صمد اشفيه,ar
sadness,انا تعبت وهذي الاولى وامي تعبت مرا ليش ناخذ شي يتعبنا كورونا اتعبتنا,ar
sadness,وامي توفت كورونا الله يرحمهم ويجعل مثواهم الجنة,ar
sadness,امي ماتت الجرعة الاولى ماتحملتها وعمرها ٥٦ وعندها ربو وسكر وضغط,ar
sadness,والله امي سوت عمليه قلب اخذ اللقاح بشهور وهي اصلا تشتكي القلب ابدا,ar
sadness,انا اخذت الجرعتين والحين يقولون اني مصاب,ar
sadness,تعبت اللقاح ندمت,ar
sadness,يعني الان الى بيسافر لازم ياخذ اللقاح,ar
sadness,يكفي جرعتين والله تعبنا,ar
sadness,يؤلمني ان ابي تعرض لمثل الموقف بسبب اصابته بالكوفيد،ويؤلمني اكثر انني فقدته للأبد،الله يرحمه,ar
sadness,خلال الشهرين الماضية المصابين بفيروس كورونا كوفيد المملكة يأخذوا اللقاح، أخذوا جرعة واحدة فقط,ar
sadness,انا تعبت وهذي الاولى وامي تعبت مرا ليش ناخد شي يتعبنا كورونا اتعبتنا,ar
sadness,انا صرت مكتئبه مافي جرعه السعاده,ar
sadness,وربي خلاص والله تعبنا اول جرعه لين يومك ونحن تعبنين,ar
sadness,حياتي كلها بالنص وقفت الجرعه الثانيه الله كريم,ar
sadness,وأمي غاليتي ماتت بسبب الفايري قضاء الله وقدره,ar
sadness,اللهم رب الناس أذهب البأس اشفِ الشافي شفاء شفاؤك ، شفاء يغادر سقما,ar
sadness,كلام صحيح كورونا الوضع المادية النفسي صعبة للغاية,ar
sadness,الله يشفي يعافي شخص مريض,ar
sadness,انا مصابه الان الله يشفيني ويشفي الجميع,ar
sadness,ناقصنا ، حول قوة الا بالله العلي العظيم,ar
sadness,ايش الاخبار ضيقت صدورنا,ar
sadness,جدي توفى بسببه,ar
sadness,خايفه عيالي ماعلى نفسي خوف,ar
sadness,كاني ناقص هموم انا,ar
sadness,توفى جارنا التطعيم حسبنا الله ونعم الوكيل,ar
sadness,ابوي بالعنايه ادعوله,ar
sadness,اللهم انت الشافي المعافي والحمد لله حال اشتد وجع فايروس كورونا,ar
sadness,دعواتكم لامي الله يسعدكم,ar
sadness,التلاعب بالارقام حسبي ربي وكفى,ar
sadness,شعور خوف وقلق عشناه الاجبار اللقاح اسأل الله ان تعيشة اضعاف مضاعفه وتعرف انه جزاء مافعلته,ar
sadness,صوات الصراخ الوجع يلي طالعة مشفى المجتهد بتحرق القلب,ar
sadness,وزارة الصحة تفصح حالة محزنة عدم مسافة آمنة تجمع أسري تسبب بإصابة الجدة ودخولها العناية المركزة,ar
sadness,أخبار محزنه نتلقاها اليوم لفقد عدد الممارسين الصحيين وأطباء اصابتهم بفيروس كورونا نسأل الله الرحمة وأن يسكنهم فسيح جناته وأن يرحم موتى المسلمين الوقت الحالي يتطلب الجميع اخذ الاجراءات الوقائية فليس بعيد الإصابة,ar
sadness,آية سنة ممرضة مصرية هول رأت وفيات بسبب كورونا انصدمت وانكمشت زواية داخل احدى المستشفيات وفِي وطني البعض يقول البس الكمامة ولن التزم بالإجراءات لان الحكومة لاتدفع الرواتب الغوغائي يعلم فقدنا اعزاء قلوبنا بسبب كوفيد١٩ وكأن الفيروس راتب,ar
sadness,تعب ومرض ألم وفقد حزن شديد عمَّ مجتمعنا خلال جائحة كورونا,ar
sadness,كورونا يخطف زهرة شبابنا، هدى حسن عطوي ترحل، تترك الاهل حالة حزن وصدمة،,ar
sadness,وليس آلخوف يُصيبنآ آلضُّر إنمآ آلخوف يؤذي أحبآباً لنآ فيؤذينآ,ar
sadness,اخبار محزنه ووفيات بالجمله بسبب كورونا وصلتني اخبار صادمه موت اصدقاء واسرهم صنعاء انا لله وانا اليه راجعون,ar
sadness,اخبار فيروس كورونا محزنة كبرى ايطاليا بسبب كورونا عشرات التوابيت ليلة واحدة الكنائس امتلات بالتوابيت,ar
sadness,دي موجه حزن موجه كورونا,ar
sadness,لالتزام والوعي شئ جميل الى انه المناظر محزنة ونتمنى ان تمر الازمة خير,ar
sadness,المنضر يبكي يارب الاوضاع ماكانت,ar
sadness,يعني رح نرجع للمدرسه رب با غفور رحيم نرجع للمدرسه بدون شر يجينا الفيروس الجديد انا اشتقت للمدرسه وكل شي,ar
sadness,ياربي نخلص المسلسل اللهم اجعلنا جناح رحمتك فأحفظنا واحفظ أولادنا جميعا,ar
sadness,اللهم إصرف بيوتنا المرض والهموم والأحزان عليها بالسكينة والستر والامان,ar
sadness,اللهم احفظنا شر,ar
sadness,نطالب مدرسة,ar
sadness,اخوي قبس اهلي العيد باقي اقل اسبوع وماراح نعيد احبابنا كله اختلط بناس نقل الفايروس,ar
sadness,تعلمنا هالفيروس انو ايامنا العاديه ابدآ ماكانت ايام عاديه نما كانت نعمه الله سبحانه وتعال يارب يرجع العالم واحسن امراض اووباء وربي اشتقت لاايمنا الوباءالي جالس يدمر العالم,ar
sadness,جميل ومؤلم آن الله يجعلها أيام تنذكر وماتنعاد,ar
sadness,الله يرحمك جدتي حفيظة رغم صعوبة الموقف والم الفقد الا اني لحظة ازيد عشق وحب وتمسك وفخر بوطني عرفت اننا شعب نعمل بصمت ونظهر وقت اللزوم قلب ونطبق ماتعلمنا وتربينا شكرا ملكنا الغالي ،شكرا ولي عهدنا البطل ،شكرا وزرائنا الافاضل المحترفين ،شكرا لكل مواطن ومقيم البلد الغالي وفي وقت حكومات العالم تبرأت شعوبها واستخدمت معهم الخطابات القاسية يظهر ابو سلمان ويقول اننا تعلمنا الازمة الكثير ومقبلين خير اي قوة وفخر اتحدث اخيرا الشكر الوثائقي الممتع بشاركه مكان وبكل فخر والله يرزقني اللي ببالي واكون عضو فعال بلدي,ar
sadness,الله يعدي هالأزمة يارب ويرفع البلاء,ar
sadness,اه قلبي اصعب سنه اللهم ارحم موتانا واشفي مرضانا اللهم الحمد كنا وعلى سنكون اللهم اعتراض حكمك فيديو جميل بيبقى ذكرى مر السنين الأربعاء ٧ ابريل ٢٠٢١,ar
sadness,ياجماعه انا امي تعبانه جدا حرارتها عاليه وجسمها كلو وجعها انا بنت وحيده ومعنديش حد امي ادعوهلها ربنا يشفيها ونبي مليش غرها,ar
sadness,اللهم اشفيني واشفي مريض يعاني ويتألم اللهم استجب لدعائي مجيب,ar
sadness,اللهم شافي امي الوباء يارب وارحمنا برحمتك أرحم الراحمين الله,ar
sadness,يارب يشافي ابويه المرض فدوه ادعوله,ar
sadness,يارب شافي مريض واقضي حاجة محتاج يارب اتمنى الجميع يدعون لأبوي لأن مريض,ar
sadness,امي توفت اسبوعين بالكورونا ادعولها بالرحمة والمغفرة وان يجعل مرضها ميزان حسناتها,ar
sadness,اللهم اشفي أبي واخوتي الاثنين وجميع مرضى المسلمين وغير المسلمين الكورونا آمين,ar
sadness,ادعولنه اني وعائلتي نطيب هلمرض بسرعه فدوه دعواتكم مستجابه,ar
sadness,اللهم بحق اسماء الحسنى ابعد شعوب لعالم وباء كورونا وشافي لمصابين ونفرح العيد دونه يالله,ar
sadness,مات شعور الإستغراب شيء متوقع اللهم ابعد عنا الوباء وكل قال امين,ar
sadness,طال الوباء وعجز الأطباء وبقيت حلول السماء اللهم أصرف عنا داء يارب العالمين,ar
sadness,أطلب منكم الدعاء لوالدي مصاب بكورونا غرفة الإنعاش الدعوة بظهر الغيب مستجابة جزاكم الله خيرا,ar
sadness,والله حرام سنة وكرونا معنا,ar
sadness,اليوم اثبتت اصابتي,ar
sadness,هدا العالم اصبحت الحقيقة منعدمة احد نتق بالله الأحد القديم فنتدرع الله سبحانه تعالى المنجي سوء وحسبي الله ونعم الوكيل,ar
sadness,اللقاح أدهى وأمر الفيروس نفسة نسأل الله السلامة واللطف والشفاء لمرضنا,ar
sadness,حسبي الله ونعم الوكيل يصيرلي شهر المرض,ar
sadness,ربنا ينتقم منهم انا مرضت بيه وشفت ايام وشهورا عصيبة لانى مريضة بحساسية وضعف مناعة الأساس وكنت وشك الموت بسبب مضاعفاته وحتى أتلقى العلاج واتفقت مامعى مال فى العلاج أفلست تماما حسبنا الله ونعم الوكيل,ar
sadness,حسبي الله ونعم الوكيل سنة ٢٠٢٠ كورونا وسنة ٢٠٢١ كورونا والحين كورونا الجديد يدل انو يوم القيامه اقتربت,ar
sadness,حنا قلنا خلاص تهنينا,ar
sadness,معاكم شخص مصاب بلكورونا الحجر الله يشفينا دعواتكم,ar
sadness,تنتهي هده المسرحية لقد تعبنا ومللنا دعو البشر يعيشو بسلام,ar
sadness,ياعيال يخلص كورونا,ar
sadness,يعور القلب الله يطلعه بالسلامه كورونا الله يبعده عنا وعنكم,ar
sadness,ادعو لوالدي بالشفاء كورونا بالمستشفى وحالتو صعبه جدا ادعولو,ar
sadness,دعواتكم لأمي تكفون تكفون حالته امي ماتت امس ادعولها بالرحمه والمغفرة,ar
sadness,امي التنفس الصناعي الرئة توقفت عندها كورونا دعواتكم بالشفاء العاجل تكفون,ar
sadness,الفراق الجزء الأصعب دائما الموت الحجر أحباء فيروس كورونا يسجل مشاهد حزينة لحالات فقدت عزيز لديها وأخرى فرحة بالشفاء الوباء,ar
sadness,اللهم ارحم متوفي بالكورونا واشفي مريض وأرفعه عنا عاجلا آجلا اللهم نطمع رحمتك البلاء والوباء,ar
sadness,العالم ينتظر شتاءً قاسياً موجة كورونا الثانية وذوو الضحايا يحتفظون بذكرياتهم مليون ضحية للفيروس,ar
sadness,منهم خرج ولم يعد ومنهم حالت الأبواب الموصدة بينه وبين أحبابه الموت والحجر قصص حزينة يرويها كورونا,ar
sadness,لاحول ولاقوه الابالله العلي العظيم,ar
sadness,بكرا بيطلع فحص كورونا داعتكم تكفون وانا ترا مره تعبانه,ar
sadness,الله يكفينا شرها اخذت امي واخوي وابو عيالي,ar
sadness,ناس كثيره استهانت كرونا والان التراب الله يرحم موتانه وموتى المسلمين اجمعين,ar
sadness,لاحول قوة الا بالله العلي العظيم خبر جدا نقول الا الرحمة والمغفرة تتنزل وان تكون صالحا تقيا حياتك ومماتك,ar
sadness,وربي زيك اخذت استرسنكا شف الموت والعذاب عمرى سنه خلاني ابكي حسبي الله ونعم الوكيل,ar
sadness,الله يشفي مريض اخي تعبان الفيروس اثارةجداسئيه ضيق تنفس تعب شديدوتعب نفسي يارب خلصه الاثار,ar
sadness,الفيروس مو سهل ويتطور والبعض يرفض لبس الكمامه للأسف,ar
sadness,كروونا ومازالت تحصد الغالين قلوبنا ان لله وان اليه راجعون انتهلوا فراق مؤلم,ar
sadness,انا تعبت اقسم بالله,ar
sadness,هالجهاز شهرين الله يرحم امي رحمة واسعة عنده ويغفرلها وجميع موتى المسلمين ويجمعني معها الفردوس الأعلى الجنة حسبي الله ونعم الوكيل كرونا اشتقت لأمي يارب صبرني تعبت مااقدر فراقها,ar
sadness,اللهم احفظ السعودية واهلها وزوارها سوء لإن المشهد مؤلم بجد,ar
sadness,والله منظر,ar
sadness,الله يظن ان الطواف امام الكعبة سيتوقف يوما منظر مؤلم يارب نسالك العافية المرض ولكل المسلمين,ar
sadness,منضر حسبي الله ونعم الوكيل اللهم اتوسل بسمك الاعظم ان تحفظ المسلمين وبلاد المسلمين الوباء,ar
sadness,شي انه منظر يقطع القلب الم يستطيع المؤمنين زيارة بيت الله الحرام اللهم ابعد عنا المرض وعن نحب,ar
sadness,قصة مأساوية لأسرة جدة توفي أفرادها بالكامل إصابتهم بـ كورونا فيديو رسالة لكل مستهتر,ar
sadness,والله تعبت حياه ني يتيم وفقيو وحالتي ماديه ضعيفه جد ولست اعمل بسسب فيروس تعرفو قررت افتح قناه يوتيوب مصدر لعائلتي والي الله يوفقكم ومحتاج مشتركين امانه لحد تجاهل تعليقي حط لايك ورفع تعليق تعرفو واسف هانك ناس تنسخ تعليقي ومايصدقني نستكرام الله يوفقكم ويتقبل صايمكم اتمنه مساعدتي شتراك شكرا اخواني المسلمين,ar
sadness,الان تعبان حرارة وعظامي ودايخ اريد اطلع احصل طعام ولااستطعت بسب الجرعة والله,ar
sadness,اصبت بكورونا اشهر وعندي ارهاق شدييييد وانسداد الشهية واكتئاب الأحيان والله تعبت ادعولي بالشفاء,ar
sadness,جزاك الله خير دكتور انا أصبت الكارونا ضلت معاي أشهر ارجح تمت الإصابة مرة انا مريضة سكر عمري أعاني الان متلازمة كارونا أعراض غريبة وجع العيوان التهاب الاذن الم الكلي وجع العضلات الغير عادي آلام حادة الظهر مفاجئ الم الاصابع تيبس الفك ادعوا الشفاء,ar
sadness,تشنجات عضليه طفح جلدي وحكه أنفي الداخل وحكه سقف حلقي العضلات المحيطه بالقفص الصدري تؤلمني جدا مفاصل أصابع اليدين وأصابع القدمين متشنجه بشكل مؤلم جدا أسعل لإخراج البلغم بصعوبه أحس بالراحة عندما أعطس علماً أني مريض سرطان ليمفاوي وقد تم إستئصال الطحال مني ومازلت أتألم ربي يشفي الجميع شكرا دكتور وجزاكم الله كلّ الخير,ar
sadness,تعبت حيل,ar
sadness,استغفر الله العظيم خبر وليس,ar
sadness,طيب انا ولدي تعبان وافتر دكتور الى دكتور,ar
sadness,ااه ياطيبه الطيبه اهه يامدينة حبيبنا اه حالك الوباء المونتاج رائع رائع جددددااااا التعليق والفيديو والتصوير شكرا جهودكم اللي تبذلونها لجل بيت الله الحمد,ar
sadness,جسار شيء مؤلم ينساه احد عاشه او سيعرفه زمن مغير الاحوال,ar
sadness,جدا شي الفيروس,ar
sadness,والله والله صادق كلامي وربنا العالم بظروفي محمود رقمي كنت شغال فية مطعم الاسكندريه وتعبت وبتعالج القلب والضغط ونفسي أعيش حياتي زي حد ومحتاج مساعدتكم ممكن تساعدوني متجوز وعندي بنت واحدة وعايش الأرياف الفلاحين وظروفي ربنا العالم بظروفي قاعد الشغل شأن تعبان ربنا يوفقك يارب العلاج غالي ومحتاج مساعدتكم ممكن تساعدوني ربنا يوفقك يارب العالمين ربنا يكرمك يارب العالمين,ar
sadness,لاحول ولاقوة الابالله المشكلة الحرجة ارتفعت,ar
sadness,حرام عليكم ساعات لابسين الكمام ومكتومين وكارهين حياتهم انظام عندكم كرهنموهم التعليم,ar
sadness,اكثر مايوجع القلب ويحز بالنفس شكل الحرم بدون زوار ومعتمرين,ar
sadness,ليش مافتحت المدارس يجي متحور جديد والله شي ميدخل العقل ذنب الطلاب اللي مجاي تدرس,ar
sadness,تكفى الله يدخلك الجنه انك تخلي المدرسه الابتدائيه والامتوسط قرب تكفى الله يدخلك الجنه رب الدعوة الك خليت المدرسه الابتدائيه والامتوسط قرب,ar
sadness,الكورونا خلتنا نحب الحياه اللى كنا طايقين نعيش بقى حلمنا اننا نرجع لحياتنا الطبيعيه,ar
sadness,حرام تضيع سنة عمر الطالب بسبب التحصين والحل يكمل بعدوالحمدلله العام الماضي حقق نجاح باهراما حضوريا الكل خايف ابنائة الاصابة بالمرض لان طرق الوقاية صعبة بالتجمعات الاطفال لابد حل,ar
sadness,شيئ ان نرى الحرم المكي فارغ يطوف حوله رحمتك رب اللهم ارفع ومقتك عنا تحرمنا بيتك وزيارته,ar
sadness,هاي قصتي حزينه الله عليكم اقرو قصتي حقيقه اقسم بالله حط لايك لاتقره امانه ني شاب عربي عمري ولدي متوفي اوماعندي احد وامي مريضه واني تعبت كلش وحياه صعبه جد تعرفو بسسب فيروس وحظر اني ماكو عمل حظر قررت افتح قناه عائلتي اني اخواكن عربي لاتسب تابع نستكرام وشاهد حالتي مايصدق نستا وتمنه ااشترك وسف هانك ناس تنسخ قصتي وتقولن كذب والله اكذب حط لايك ورفع تعليق,ar
sadness,هاي قصتي حزينه والله تعبت امانه تغلس حط لايك لاتقره انا شاب عمري سنه وابوي شهيد حرب وعندي اخوان اصغار وامي مريضه تكدر تشتغل كاعدين ابيت اجار حته فلوس ايجار مطلوبين اهواي ردت ساعد اهلي عمل محد يقبل اعمل عندو وبعدين ابن جيرانه كالي افتح قناة يوتيوب وتحصل وطاني جهازه وفتحت قناة تكون عائلتي امانه تقره اشترك ولله متخسر شي ميصدق نستا اتمنه تشترك,ar
sadness,ياربي حتي الجزاءر تقف الدراسة انا تعبان اريد العطلة بشدة,ar
sadness,ملابس حضوري مصارعه صح عبر بعد٠,ar
sadness,احس الكل يوم جابو الدراسه الكل مكتئب وتحسون ناقصكم شي والله يقهر تخيلو ان مانخرج كثير شهرين نطلع اشوف انو افضل الدراسه حضوري افضل احس مكتومه احس اني مكتئبه,ar
sadness,تكفون نبي دراسه أفضل بمليون مرره ياخي دراسه حضوري مغثثثثه ماشفنا الا تنمر ومضاربت الحقد ماهي بحالهه تبغوننا ندرس حضوري فكونا حضوري خلوه أريحلنا,ar
sadness,,fa
sadness,ابغا اروح المدرسه خلوه ابتدائي حضوري,ar
sadness,ياربي ابغى حضوري,ar
sadness,مانبي حضوريي يارب يلغونه ياربب يلغونن حضوري,ar
sadness,مين زعلان زي انا والله امس شوي وأبكي انا وصديقاتي تعبنا والنهار واليل مانام نص ساعه وتسمع جعفر يقول ياولدي يابنتي الدوام علي اختبار يوم الاثنين والأربعاء تعبت الخميس الماضي الين الاحد ايام تعبنا اناو صديقاتي عندنا استعراض يوم الاربعاء ليش كرونا ابعدو عنا فكونا شركوم والنهايه اقلوكم السلامه,ar
sadness,تكفى انا عمري ثمنيه صغيره ودي يرجع حضوري تكفى انا تعبت نفسيتي حتا صرت اضرب نفسي جبتو الكتمه او التعاسه اذا انت وزير التعليم رجعو المدرسه بطير اذا مارجع تكفى,ar
sadness,قصتي ساعدوني اامانه فقير ويتيم ني شاب عربي عمري ولدي متوفي اوماعندي احد وامي مريضه واني تعبت كلش وحياه صعبه جد تعرفو بسسب فيروس وحظر اني ماكو عمل حظر قررت افتح قناه عائلتي اني اخواكن عربي نستكرام ميصدقني امانه شترك,ar
surprise,حول قوة الا بالله ماخلصنا مرض جاء شي احسن مايقفلون شي الي يموت يموت والي يعيش يعيش,ar
surprise,والله غريبة انا اعيش السعودية وزارة الصحة تأتي الى منزلك ليه الكذب ؟,ar
surprise,نجهز الكيرم,ar
surprise,توكلنا,ar
surprise,وش فيهم كنهم يتجهزون لشي جديد علمونا عادي ترا تعودنا,ar
surprise,كارونا صامله تقضي علينا,ar
surprise,سبب وجود المتحورات والحالات ارتفاع,ar
surprise,كنا نتمنى اللقاح يقضي المرض لانلاحظ تأثير,ar
surprise,بريطانيا أعلنت روسيا والمانيا وايران وامريكا وفرنسا دواء الى الان يوجد شي,ar
surprise,تعبت الجرعة الثانية اكثر تعبي الاصابة بالفايروس نفسه,ar
surprise,يوم اخذت اللقاح وانا اجوع زي المجنون شسالفة ترا اخذت جرعتين وكلهم فايزر النهاية اجوع زي المجنون,ar
surprise,اخذت جرعتين وانصبت بغيت اموت خرابيط اللقاح,ar
surprise,مو اساس كنتم تقولون خذو جرعتين تخفف الاعراض اثناء الاصابه ونها نافعه وش تغير الحين,ar
surprise,عساس مو إجباري اخذ اللقاح طلع غصب نأخذها,ar
surprise,الموضوع اجباري الناس تفهم شي بعدين اللي مايبي مايبي ليه تعاملوهم فجاه بتميز,ar
surprise,شعب غريب لاهو اللي اخذ اللقاح ولاهو اللي التزم ايش تبي,ar
surprise,كلنا ملتزمين الحمدلله يوم قرب رمضان ارتفعت الحالات,ar
surprise,ياخي سنه وأنتم نصائح بوقت الحظز خلصنا الاصابات شوف حل يعني وش الحاله,ar
surprise,الاعداد ترتفع وتقريبا ملايين اخذو اللقاح,ar
surprise,لقول صدق كورونا جديده انتشرت اشاعه,ar
surprise,تصريح صادم لمنظمة الصحة العالمية فيروس كورونا موجود ليبقى معنا للأبد,ar
surprise,خبر صادم المتعافون كورونا يصابون مرة أخرى بالفيروس,ar
surprise,متحور مرعب العالم يعود إغلاق المطارات جديد,ar
surprise,خبر صادم كورونا سيبقى لسبع سنوات العالم,ar
surprise,الصحة العالمية تواصل إطلاق التصريحات الصادمة جائحة كورونا تكون الأخيرة,ar
surprise,وسط تفاقم أزمة كورونا أميركا فاوتشي يحذر إصابة يوميا ويشكك إمكان توفير لقاح بداية,ar
surprise,خبر صادم متحور دلتا يصيب تلقوا لقاح فيروس كورونا,ar
surprise,موجة جديدة فيروس كورونا ومتحوراته تضرب العالم وروسيا المقدمة سجلت عدداً قياسياً جديداً للوفيات بسبب الفيروس خلال الساعات الأربع والعشرين الماضية,ar
surprise,تختلف الاعراض يوم يوم,ar
surprise,كورونا باق للابد,ar
surprise,اول مصاب بالسلالة الجديده كورونا امريكا,ar
surprise,اكتشاف جديد يقضي كورونا خلال ساعات,ar
surprise,اصابة امام عاشور بكورونا,ar
surprise,فيروس كورونا ينتقل عبر البراز,ar
surprise,كورونا خطر يعانون نقص الوزن,ar
surprise,سيكون التطعيم عام,ar
surprise,الاصابه بكورونا تعطي الجسم المناعه,ar
surprise,يمكن الاصابه بكورونا مرتين,ar
surprise,الاصابه بكورونا اخذ اللقاح الثاني,ar
surprise,صديقي اول البارحة اتكلم معاه، مصاب كورونا وارسلي بصمة قال شوية صرت احسن، جائني خبر وفاته؟,ar
surprise,احتمالية غلق جديد لمواجهة تحورات كورونا مستشار الرئيس يفجر مفاجأة,ar
surprise,ذروة الموجة الرابعة صحة النواب تفجر مفاجأة كورونا,ar
surprise,حملات فاكسين مكثفة، استعد العالم لموسم إجازات مختلف سابقه,ar
surprise,أخبار كورونا صدمة جديدة للملقحين ضد كوفيد بسبب متحور أوميكرون,ar
surprise,يقال شخص فى قرية اشتبه بإصابته كورونا جاء الاسعاف لأخذه،يقول سائق الأسعاف,ar
surprise,مانغالا اصابته بفيروس كورونا يكن لدي أعراض ، كنت كالمعتاد,ar
surprise,محنة كورونا محنة عظيمة خطيرة مسبوقة تكسر غرور الإنسان القرن الواحد,ar
surprise,عاجل وزير الصحة صدمت بتسجيل اصابة كورونا الزرقاء,ar
surprise,الاتصال الاهل انصدمت بأصابة امي بفايروس كورونا ، ارجوا منكم الدعاء دعوة الغريب مستجابة الحمد لله دائماً وابد,ar
surprise,اتوقع بأن يوما تأتي كورونا لنا، شي جميل,ar
surprise,اول مره اشوف الرياض فاضيه,ar
surprise,مو متخيلة الى اتخطينا المرحلة الحمدلله حال,ar
surprise,الله شي غريب الي عشانه فيلم الله يعيده ويحفظ امننا واماننا وبلادنا ويرحم موتانا,ar
surprise,ياوزارة الصحه الصيدليات ومحلات التجهيزات الطبيه رفعت أسعار الكمامات والمعقمات ،,ar
surprise,الحالات ماارتفعت اليوم غرررريبه شاء الله تنخفضض وينفك الحظر اتوقع يصير مرض موسمي ويتنقال الناس يزيد الطين بله الله يستر توقعاتي كذاا,ar
surprise,عجيب أمر الإنسان يخاف كورونا يخاف خالقه,ar
surprise,والله ماادري اصف انا اي نسبه قفل مخي,ar
surprise,مصدوم,ar
surprise,الله انتشار المرض سريع وغريب جداً نسال الله ان يعافينا ويشفي مرضى المسلمين,ar
surprise,أليس غريب ان يظهر الفيروس بالصين وبذات الظروف,ar
surprise,ازدياد اعداد المصابين بسبب سلالات جديدة الفايروس ظهرت بريطانيا,ar
surprise,اوف لسع ماخلص كورونا,ar
surprise,معناه اللقاح مافي منو فايدة لنشوف اخرتها,ar
surprise,انا تلقيت الجرعه الثانية وماعندي مرض وكنت غنموت تدخل الطاقم اللي عتقوني بالاسعافات الاوليه,ar
surprise,اخذت اللقاح فايزر جرعة واحدة وصحتي انهارت حصلت معي الأمراض,ar
surprise,عام الصحة تعلن إصابة بفيروس كورونا الجديد لمواطن قادم إيران,ar
surprise,وصول دفعة لقاح كورونا السعودية ووزير الصحة يعرض عينة,ar
surprise,هههه فيروس يتكلم لايك حطووولي,ar
surprise,الصدق ماتوقعت انه كرونا انصدمت قوة الأعراض مرررره,ar
surprise,اخر شي توقعته انه ممكن كرونا يصيب احد عايلتي قسم بالله انصدمت,ar
surprise,جد امس طلعت طلعه نطلعها كرونا ونرجع مبسووطين رجعت امس للبيت وانا ماصدقت ارجع للبيت مرا فرق الطلعه وبعد كرونا انصدمت نفسي,ar
surprise,ماجا كرونا المملكه انصدمت القوه الشرائيه لان الناس قامت تصرف بالسعوديه وماودهم يفتحون الجسر,ar
surprise,كشفت مفاجأة حول مشاركة باحثين أميركيين الدراسة صحيفة التيلغراف البريطانية علماء معهد ووهان للفيروسات الصيني كانوا ينوون تسريب أنواع محدَّثة فيروسات كورونا بمجموعات الخفافيش,ar
surprise,الفيروس مرة يكشف حقائق جديدة والأهم أنه أعاد الإنسان حجمه الطبيعي الضعف,ar
surprise,والله صدمه ان الصين السبب,ar
surprise,مفاجأة كورونا موبايلك أخطر عدو ينقل الفيروس,ar
surprise,ياخي اذا الفيروس ليه ماله لقاح او علاج ؟,ar
surprise,اذا التحورات موجوده رغم اللقاحات بالعالم لماذا اللقاحات اذن ؟,ar
surprise,السؤال متي سينتهي التلقيح اجل المتحورات المستجدة فان كورونا مضت الزمن الغابر وتركت ابناءها المتحوررات دليتا والفا وغاما ذلد بسبب ترخيص التلقيح الفيروس كورونا الوهمي,ar
surprise,كورونا للقاح يزيد المرض يقلله,ar
surprise,ياكثر الي اعرفهم اخذوه وماتوا تم الاعلان عنهم والى نجو فترة الله يكون بعونهم قال مافي اعراض قال,ar
surprise,كنت اسال نفسي ليش الون الازرق برا الان عرفت,ar
surprise,مدري تتفقون معي فترة الحجر نفسيتي تعدلت وصارت حلوه,ar
surprise,شاء الله يصنعوا المرض ويبيعوا العلاج ، تجارة ممتازة حساب صحة ملايين الناس,ar
surprise,بلد مات طبيب بالكورونا وماهو قادر يعمل فحوصات كافية وعنده نقص بالكمامات علاج,ar
surprise,شي غريب اذا مات المصاب تروح العدة يعني الاحوال يعتبر ينجو,ar
surprise,انا اخذته امس حاسة بحرارة وجع مكان الحقن تعب غثيان,ar
surprise,خهههههههههههههههههه الي خاش اخر يوم وباقيلنا شهر وننتهي هاذي السنة الله يكفينا شر الباء احد اتوقع نستمر لين الحين,ar
surprise,انا والله كنت جالسه اذاكر والبيت والعماره صجه مره رجه والي يصارج والي ينقز وانا اسألهم وش وأقلهم اخرجوا الغرفه بذاكر وإلا بنت عمتي جاتني جري وتخش الغرفه وتقول اجازه وانا صدقت وإلا افتح جوالي واطالع للتواصل الجتماعي اجازه وشفت حقك الإستوري الوقت جاني خبر فجعني انو جات حاله اليوم المستشفى الي حارتنا بالجموم مكه مصاب مرض كرونا وبس والله حبيت اشارك قصتي هههههههه ترى تعبت الكتابه,ar
surprise,اعتقد ان الموضوع بهذه البساطة ، اتوقع انه تلفظ الموظف اللبناني او اعتدى ، اللبنانيين شعب معروف بحسن المعشر اللطافة,ar
surprise,,ur
surprise,الله فلم رائع جدا,ar
surprise,اسبوع الحالات الحرجة تقريبا وامس,ar
surprise,والله العظيم إني مستغرب حجرو الرياض ليه المشكله يسافرون ويجون مناطق ثانية وإهمال شي غريب نفسي اعرف ليه يحجرونهم المفروض يوم كانت الحالات تتعدى ٣٠ والحمدلله يأثر اقتصاد الدوله البترول وبوارج الشحن البحري موجوده المنطقة الشرقية ومدينة جده,ar
surprise,ربما اندلع بوسط الصين فترة أطول الوقت تم الإبلاغ عنه للعالم دراسة لجامعة هارفارد الأميركية تكشف بصور الأقمار الصناعية مفاجأة حول بداية ظهور كورونا مدينة ووهان الصينية,ar
surprise,دراسة تكشف مفاجأءة الأمراض تخفف أعراض كورونا,ar
surprise,انت ثانوي انا ثانوي كنت اتوقع انك بالجامعه,ar
surprise,عمل رائع تصوير وتعليق عمل مبهر,ar
surprise,متفاجأة كمية الجهل اللي فيكم,ar
happiness,قمة الروعة سوسن الجمني احلى أجمل دراما تونسية بحتة صميم الواقع الاحداث,ar
pessimism,إدريس يستهل,ar
neutral,,fa
disgust,طه مخرجش راجل فلخر ونهاية سامطة إحتراماتي,ar
anticipation,كاين جزء,ar
optimism,اجمل مسلسل تونسي الفوندو,ar
optimism,ملا قوة تمثيل الي بكاش هناء راو قلبو حديد,ar
optimism,,fa
neutral,بربي دار الي بصور فاه بلحق مهيش عديا,ar
anger,علاه الغدره طاها,ar
optimism,قداش عجبني المسلسل تحياتي لكل الممثلين للغالين خاص الممثل الفدير طاها محمد علي بن ريم الرياحي وعلى راسهم منى نور الدين نحبكم برشة,ar
sadness,مرانبكي والله,ar
optimism,برافو والله مسلسل قوي,ar
optimism,mohamed ben joumaa w mohamed merad abd,so
optimism,أجمل مقطع عناق الاخوة,ar
optimism,quelle belle série grand bravo réalisateur tout acteurs tahya touns pays a talent,fr
disgust,ادريس مشو راجل كون جاء راجل راو قال لمرتو خلاص بيناتنا ومخانهاش اعز صاحبة,ar
optimism,قداش بكيت هالحلقة التمثيل قمة الروعة تقول بلحق حكاية المسلسل ياسر معبرة تحية للمثلين المخرجة الموهوبة سوسن الجمني,ar
optimism,محلاه طه قداش قلبو طيب نضيف رغم الي عملو ادريس جاه ليلة عرسو مردوش سامحو,ar
anticipation,بلاهي حطلنا الفوندو جزء يرحم وليد,ar
optimism,مشالله عليكم أحسن مسلسل تونسي,ar
neutral,,fa
anticipation,نشالله يزدونا جزء تاني رمضان,ar
optimism,فيلم قمة الروعة عجبني بزاف تحية كبيرة المملكة المغربية,ar
sadness,غاضتني شامة وقفت معاه خاطر حبتو حقو وقف معاها خلاهاش استناها لين تخرج الحبس النهاية غاضتني غدرة طه لشامة,ar
optimism,برافو مسلسل قمة الإبداع,ar
anticipation,خوي لعزيز يرحم والديك الي هبطتلنا مسلسل الفتنة كامل بربي تنجم تكمل تهبطلنا مسلسل الفوندو الموسم الثاني,ar
sadness,حزنت علي شامة وعلي دوجة,ar
optimism,مسلسل روعة والله قصة مالواقع لنعيشو نهاية ياسر محلاها لفلوس متشريش لخوات لمات والله,ar
optimism,تحيا تونس,ar
sadness,دمعة طاحتلي برافو,ar
anticipation,شكون موش حاب طه وحلومة بعضهم,ar
optimism,نهاية تهبل برافووووو,ar
anticipation,السلام عليكم,ar
optimism,روععععةةة عاللللخر منقدرش نوصف درجة عالمية,ar
anticipation,الله يرحموا وينعموا,ar
sadness,كسرتلي قلبي لحقيقة,ar
optimism,a tounes wa mdinetna arbi wa twenssa wa dma w an bravo,sw
sadness,نهاية بشعة شامة لتستاهل لانها حباتو,ar
anger,شامة عملت الباهي طه عيب,ar
optimism,مبدعين تمثيل,ar
optimism,الجزائر بالضبط عنابة نموت مسلسلاتكم فالقمة النواحي الكل تهبلو تهبلو تهبلو برافو للطاقم الكل راسو المخرجة فعلا ابدعتم,ar
neutral,حلقة أخيرة تفرجتها نهار مولد,ar
sadness,طه حلومة مايحشموش شامة مسكينة غاضتني,ar
sadness,ياخي انا الوحيدة الي بكيت النهاية,ar
optimism,مسلسل قمة الابداع يعطيكم صحة طاقم الكل,ar
optimism,اكثر مشهد مؤثر الأخير خلاص هذاك يعبر اهمية العايلة وترابطها صحيح نغلطو بعضنا دايما الخو يحن خوه واش يصرا بيناتهم ربي يحفظ عايلات المسلمين,ar
optimism,يسلم ايديك الخدمة المتقنة,ar
anger,كانت شامة أفعالها كبيرة وقفت معاك اسي طه حق بالكل,ar
optimism,اجمل مسلسل تونسي تفرجتو روعة توب الله يعطيكم الصحة انا اختكم الجزائر توانسة روحك تمثيل,ar
anger,مسلسل الفتنة عنيف,ar
optimism,المسلسل يهبل محلاه,ar
optimism,مسلسل اروع برافو,ar
optimism,محلاهم طها وحلوم,ar
optimism,,fa
anger,نجيب بلقاضي خيب يضرب ناس,ar
optimism,برافو قمة الاتقان والامتياز,ar
anger,الباهي يتخان الباهي المتربي يتغدر الباهي يستغلوه الباهي يخلص الفاتورة الباهي يلزمو يعدي يصبر اما ذكرو حاجة الباهي ينال يظهرلو ربي حقو زايد تعرفو قيمتنا تندمو تخسرونا راو الباهي مشا ميرجعش الباهي تداويه ليام,ar
optimism,نحبك تونس بلادي نحب الحاجات البسيطة إلي فيك نحبك تونس,ar
anticipation,قيس علاه محضرش,ar
anticipation,الجينيريك كارو بلطي نقشو راو خرج طيارة,ar
optimism,والله برافووو لكل طاقم الممثلين المبدعين والله الدراما التونسية ابهرتني يوم يوم إبداع الوصف تأليف التمثيل لاخراج بكري نحب نتفرج المسلسلات التونسية ولاد مفيدة لفوندو للفلوجة للفتنة روووعة تحياتي وتقديري الجزائر نحبكم برشاااااا,ar
sadness,مخيبه دنيا والله خوتك والعيلة,ar
neutral,دنيا مدوم حد ديار مكنات شي يدوم وجه ربي,ar
sadness,اخرة طمع لاحولة ولاقوة لابالله شي يقطع القلب والله,ar
disgust,مخيبوا طماع,ar
optimism,يفوز بأحسن مسلسل تونسي,ar
optimism,خاوتنا التوانسة هاربين فالتمثيل مبدعين تحية كبيرة مني ليكم,ar
optimism,تحفة الصراحة برافو سوسن,ar
disgust,خاين وخاينة مخيبهم النهاية شابة شامة,ar
optimism,مسلسل روعة نسيج الواقع مزينت الاصالةوالتراث التونسي تحية لكل ساهم العمل,ar
anticipation,هاذ لحلقة باه تزيدو تتأكدوا بلي لإنسان نقطة ضعفوا قلبو مشاعرو وناس يحبهم,ar
anticipation,انا مسخفتنيش شامة,ar
optimism,احسن مسلسل فلوجة بصح خسارة الحلقة لخرة,ar
disgust,طاهى مرمد خوه,ar
anticipation,جماعة نهاية سعيدة كيفاش,ar
sadness,غضتني شيمة مسكينة,ar
anticipation,الملخص هوا هده الاية أموالكم وأولادكم فتنه,ar
anticipation,كانت حزنت شامة وراضية بعلاقتها بطه نظن انا فما شكون كيفي,ar
optimism,مسلسل يهبل نهاية سعيدة تحية للممثلين,ar
optimism,نهاية غلطة,ar
sadness,انا النهاية بانتلي حزينة,ar
optimism,قوة عزة السليماني,ar
optimism,عجبني الفترة اللخر,ar
optimism,برافو أمسلسل اتمنى نجاحات باهرا وشكرا العائلة استلمت شكرا شكرا للمخرج شك واصلي شكرا لتونس عندنا رجا ونساء ماشالله علينا وبرافو,ar
anticipation,يوجد الجزء الثاني,ar
optimism,محلاهم الاخوة,ar
sadness,والله ادريس كانش خايب مرته اللي خيبته اكثر يعني,ar
sadness,والله سخفني إدريس,ar
disgust,مخيبك طه انت اخيب حلومة مرا بلحق شامة,ar
disgust,خائن كبير,ar
disgust,شامة المرا فيكم كلكم خونة كلكم خايبين,ar
disgust,كرهتك طه,ar
optimism,مسلسل رائع وممثلين أروع,ar
optimism,ماحلاك ياتونس,ar
optimism,أبدعت سوسن الجمني شيء ينجم يتعوض الا الاخوات لتعوضهم فلوس ديار برافو لكامل الفريق,ar
anticipation,فما موسم رمضان قيس ريناهش عرس طه؟,ar
neutral,ملخص المسلسل المال فتنة,ar
disgust,اش بلط ادريس خوه يستاهل,ar
anticipation,أحسن مسلسل تونس انشاء الله فما جزء,ar
anticipation,جماعة جديا ياخي حد انتبه انو فما غلطة دينية كبيرة علخر ياخي حد انتبه انو الوصية باطلة فيقو راو تحريف كبير ربي وصية لوارث وفرحانين بالنهاية,ar
anticipation,مسلسل القمة ماااشاء الله رانا ستناو الجزء الثاني,ar
optimism,مسلسل فالقمة أداء وحصور,ar
optimism,مسلسل قمة اختكم الجزائر,ar
anticipation,بربي شكون يعرف لبلاصة دار قيس خانتو مرتو طردها الحلقة مقابلتهم بحيرة صغيرة بحر حبيت نعرف البلاصة عجبتني,ar
neutral,فلخر لفلوس وديار يتعوضو لاكن الاخ واخت يتعوض,ar
optimism,مسلسل برافو تمثيل هايل وقصه حكمه وعبره,ar
optimism,حسيتها تشبه للنهاية متاع الخطاب الباب فاطمة سامحت روضة ومليكة سامحت لخرا نسيت اسمها الي راجلها ضربها,ar
sadness,امعا لقطة حزينة مفرحة نبكب,ar
disgust,شيطان,ar
optimism,محلاها بلادنا احنا توانسة مختلفين نشبه عاداتنا أعراسنا تاريخنا ثقافتنا ماهو تونسي فمو متميز,ar
anger,اسمو وطني بيوع يخاف علي أثار وتاريخ بلادو وطني بلدان تاريخ هربت اليها أثار تونسية تعمل تاريخ درس لكل جربوع وطني ومش غيور علي تونس,ar
optimism,بصراحة السنوات الأخيرة الدراما التونسية تتطور بشكل يهبل الفوندو للفلوجة للفتنة لبراءة وغيرها الكثير مسلسلات قمة بصراحة المسلسل علامة كاملة شي بصراحة الله يبارك روووعة اختكم الجزائر تعشق مسلسلات تونس,ar
happiness,اول مسلسل تكون نهايتو سعيدة ومحلاه اللباس التقليدي التونسي,ar
optimism,أحلاه التمثيل شاء الله,ar
optimism,المسلسل كمل بهالمناسبة نقلكم بارك الله فيكم التصوير السمح البحر الفيلات المضخمة عالخضار المساحات الخضراء تصوير العاصمة المدينة ماذابينا تكثرولنا تورونا اكثر مناضر تونس مسلسلاتكم,ar
optimism,والله تمثيل مؤثر يعطيكم الصحة,ar
anticipation,foundou braby,pt
anticipation,شكون كيفي حط يتفرج النتفة قايلة نهار العيد حوسة العلوش عيادي سنين دايمة,ar
disgust,المسلسل سمح اما الغناء متاع الجنريك ماسط لاسط صوت المغني خايب,ar
surprise,لطيف توقعتش هكا,ar
surprise,شنوة هالمفاجأة الكبيرة,ar
surprise,صدقت عيني شفت الزين,ar
surprise,ياخي الدنيا تدور فعلاً,ar
surprise,سحر؟ حبيتش نصدق,ar
surprise,توقعتش هالتصرف منك,ar
surprise,حسرة كنتش متوقع,ar
surprise,,fa
surprise,تصدقش كلامك ياخي؟,ar
surprise,لطيف الله,ar
surprise,شكراً المفاجأة الحلوة,ar
surprise,هههه، توقعتش نهار,ar
surprise,حلاوة الزادوها هكا,ar
surprise,يعطيك الصحة كنتش حساب,ar
surprise,الله الدنيا غريبة,ar
surprise,سلام حاجة طلعتش بالي,ar
surprise,صدقت روحي الفرحة,ar
surprise,برافو الله,ar
surprise,حقاً؟ كانش عليا هكا,ar
surprise,توقعت التغيير,ar
surprise,ياخي شنوّة صاير؟ فهمتش,ar
surprise,معقولة الكلام هذا؟,ar
surprise,ياخي مزية؟ كنتش نتصورها,ar
surprise,فهمتش شنوة صاير بالضبط,ar
surprise,لطيف المفاجآت اليوم,ar
optimism,فرحان بالنجاح,ar
optimism,شاء الله نهار خير,ar
optimism,حاسس روحي مرتاح ومتفائل,ar
optimism,بالأمل نفوز شي,ar
optimism,نحب نبدأ صفحة جديدة,ar
optimism,شيء ممكن بالنية الطيبة,ar
optimism,الأمل موجود,ar
optimism,نحس بالرضا والرغبة الحياة,ar
optimism,نحب نحقق أحلامي,ar
optimism,,fa
optimism,نحس بطاقة إيجابية قوية,ar
optimism,,fa
optimism,نظرة متفائلة للمستقبل,ar
optimism,نثق بربي وبنفسي,ar
optimism,نحب نعيش يومي بحب,ar
optimism,نحس روحي قوي اليوم,ar
optimism,نهار جديد برشة أمل,ar
optimism,نقول ربي يسهل,ar
optimism,فصل جديد بداية,ar
optimism,الرجاء يموتش داخلي,ar
happiness,اول مسلسل تكون نهايتو سعيدة,ar
optimism,أحلاه التمثيل شاء الله,ar
optimism,بارك الله فيكم التصوير السمح,ar
happiness,والله تمثيل مؤثر يعطيكم الصحة,ar
anger,زعفت التصرف,ar
anger,عادش نتحمل الغلط,ar
anger,قلبي يحرق الغضب,ar
anger,اليوم كرهت الدنيا,ar
anger,ياخي شنوّة الظلم؟,ar
anger,ماني نصبر,ar
anger,,fa
anger,عادش نطيق نعس,ar
anger,كافي حكي وخليوني راحتي,ar
anger,حسرة غدر الناس,ar
anger,قلبي مولع الغضب,ar
anger,اليوم شيء يكسر أعصابي,ar
anger,ويني العدل؟,ar
anger,تراحمش حد,ar
anger,رب اشهد الحق,ar
anger,الخيانة آخر شي,ar
anger,عادش نحكي معاك,ar
anger,كلامك مطلق عليا,ar
anger,كافي ظلم,ar
anger,معادش نطيق كلمة منك,ar
anger,مستفز كلامك,ar
anger,تعبت الناس الكاذبة,ar
anger,تصرفك يغيظ,ar
sadness,حزين اللي,ar
sadness,قلبي موجوع نعرفش شنوّة نقول,ar
sadness,دموعي تسكتش,ar
sadness,اليوم الدنيا كحلة قدامي,ar
sadness,لقيتش طعم للأكل,ar
sadness,حسيت بروحي وحدي,ar
sadness,عادش عندي مزاج,ar
sadness,نزل مني الحال,ar
sadness,شي يخنقني,ar
sadness,نحب نتغيط الوجع,ar
sadness,دمعتي سقطت بلا سبب,ar
sadness,,fa
sadness,خايف الغد,ar
sadness,ريت الأيام ترجع متاعي,ar
sadness,حياة صعيبة رحمة,ar
sadness,حزن كبير يعص علي قلبي,ar
sadness,ماعنديش طاقة نوقف,ar
sadness,الوضع هرسني,ar
sadness,ريت الدنيا ترحم,ar
sadness,قلب مكسر,ar
sadness,الليل طويل,ar
sadness,نفكر,ar
sadness,نفسي تبكي,ar
sadness,نحب ننسى,ar
sadness,الوحدة تقتل,ar
sadness,النهار يعدّي بصعوبة,ar
sadness,تعبت نفسياً وعقلياً,ar
anticipation,شكون كيفي قاعد يستنى الحلقة الجديدة,ar
anticipation,نترقب نهار الجمعة نشوف الجديد,ar
anticipation,حاسة حاجة كبيرة تصير,ar
anticipation,قلبي يقول اللي الجاي أفضل,ar
anticipation,نستنى الرد بفارغ الصبر,ar
anticipation,عندي شعور حاجة باهية تصير,ar
anticipation,نتوقع مفاجأة قريبة,ar
anticipation,متشوقة نعرف شنوة الخطوة الجاية,ar
anticipation,نترقب حاجة واضحة تتبدل,ar
disgust,الغناء متاع الجنريك ماسط وصوت المغني خايب,ar
disgust,التصرف يقزز,ar
disgust,الكلام يدخلش العقل,ar
disgust,ريحة المقلب تطاق,ar
disgust,طريقة الكلام مقرفة,ar
disgust,الاكل هاذا يتاكلش,ar
disgust,المنظر يهبط المعنويات,ar
disgust,مستوى هابط,ar
disgust,تقبلتش الموقف بكل,ar
disgust,حاجة تقرف الصراحة,ar
neutral,نهار عادي فمّا جديد,ar
neutral,نمشي نخدم ونرجع للدار العادة,ar
neutral,الجو باهي اليوم,ar
neutral,عندي تعليق,ar
neutral,حاجة عادية تصير يوم,ar
neutral,مانيش نخرج اليوم,ar
neutral,نتفرّج التلفزة قاعد نستنى لباس الحمد لله شيء,ar
neutral,نستنى الطوبيس,ar
neutral,,fa
neutral,النهار تعدّى عادي,ar
neutral,عندي برنامج,ar
neutral,نقعد الدار,ar
neutral,الوقت يمشي بالباهي,ar
neutral,نتصفح الفايسبوك,ar
neutral,نقرا شوية,ar
neutral,نستنى الرد متاعك,ar
neutral,هاني الخدمة,ar
neutral,نرتاح شوية نكمل,ar
neutral,نمشّي نعمل دورة صغيّرة,ar
neutral,نتفرّج يوتيوب,ar
neutral,نطيب قهوة,ar
neutral,نلعب شوية التليفون,ar
neutral,نرتّب البيت شوية,ar
neutral,نسمع الموسيقى,ar
neutral,ناكل شوية نخرج,ar
neutral,نكتب شوية ملاحظات,ar
neutral,نرجع شوية,ar
neutral,موجود بلاصتي,ar
neutral,نعمل قهوة عربية,ar
neutral,نخمّم شنوّة نعمل,ar
neutral,نحضر العشاء,ar
neutral,نسكر التليفون شوية,ar
neutral,نتمشى شوية الحومة,ar
neutral,نراجع شوية دروس,ar
neutral,نتفرّج مسلسل,ar
neutral,نصوّر حاجة تضحك,ar
neutral,نستنى المكالمة,ar
neutral,نحط شوية موسيقى,ar
neutral,نقرا كتاب,ar
neutral,نحوس خدمة,ar
neutral,نبدّل جو شوية,ar
neutral,نقعد نرتاح شوية,ar
neutral,نقوم بالطبيخ,ar
neutral,نمشي للطبيب شوية,ar
neutral,ندور السوق,ar
neutral,نحضر روحي للخرجة,ar
neutral,نصلح شوية حاجات,ar
neutral,نلوج معلومة,ar
neutral,نبدّل مريولتي,ar
neutral,نخرج نشوف الجو,ar
neutral,نشرب شوية,ar
neutral,نتصل بحدّ,ar
neutral,ossier,fa
neutral,نغسل وجهي,ar
neutral,نمشي للكارفور,ar
neutral,نشيك البرتابل,ar
neutral,نسأل شكون,ar
neutral,,fa
neutral,نرتب طاولتي,ar
neutral,نلقى حل آخر,ar
neutral,نرجع للدار توّا,ar
neutral,نمشي نقضي شوية,ar
neutral,نكتب إيميل صغير,ar
neutral,نرد المساجات,ar
neutral,نتفرج الماتش,ar
neutral,نحضر للإجتماع,ar
neutral,نخدم اللابتوب,ar
neutral,نقلب التصاور,ar
neutral,نتعلّم حاجة جديدة,ar
neutral,نرقد بكري اليوم,ar
neutral,,ur
neutral,نرجع نكمل الخدمة,ar
neutral,نركب الطاكسي,ar
neutral,نقعد القهوة,ar
neutral,نقرا الأخبار,ar
neutral,نكتب شوية الكرّاس,ar
neutral,نقعد نرتاح دارنا,ar
neutral,,fa
neutral,نقعد نفكر شوية,ar
neutral,نرتاح قدّام التلفزة,ar
neutral,نحاول ننظم وقتي,ar
neutral,نشوف شنوّة عندي للغدوة,ar
neutral,,fa
neutral,نحلّ الاب توب,ar
neutral,,fa
neutral,,fa
neutral,نشيّك البريد,ar
neutral,نركب السيارة,ar
neutral,نحضر للدرس,ar
neutral,نشوف الساعة,ar
neutral,,fa
neutral,نقوم بشوية رياضة,ar
neutral,نتفرج وثائقي,ar
neutral,نمشي نعمل دورة,ar
neutral,نمشي للمكتبة,ar
neutral,نقعد نرسم شوية,ar
neutral,نحط خطة للنهار,ar
