number,post,label
0,برافووو حمزة كل الدعم ومزيدا من التألق , happiness
0,حسيتك تحكي كيف سيدي علي العروي ،عجبتني اليوم سردك للاحداث,happiness
0,افضل صوت مقدم برامج يعجبني حموزة ❤❤❤,happiness
0,فهمك للعلوم الانسانية مضحك.على فكرة شعر ابو نواس رائع، اما كي تبدى جلف ما تذوقوش.,disgust
0,Sema7ni ama mayssirech ta7ki 3al3bed hakeka l'intelligence w lma3rfa 3morhom may5alliwek ta7ki  3la eness bsuperiority w ta79ar ay ensen may5amamch kifek wala is not as "intelligent" as you,anger
0,رفيق بالحق احسن صحافي مرحبا بيك في امريكا,happiness
0,A7ssen. Equipe raf mag,happiness
0,برنامج عسل❤ والله انحسكم الكل من عايلتي🎉انحبكم برشة❤ خاصة رفيق وزياد وسنية ❤❤❤ربي يحفضك يازيدون راك عسل الدنيا❤❤❤❤❤❤❤❤❤❤❤,happiness
0,Mahleh wallah!! Nshallah rabi yaatih maytmana 🫶🏻,happiness
0,ديما كريم الغربي و بسام الحمراوي نحسهم من عمالقة الفن حتى فيصل و  و سفيان و خالد بوزيد و جعفور ...ممثلين محترفين فالميدان و يبارتاجيولنا الضحكة و الكل❤️و كيما قال اصعب تمثيل هو الكوميدي مش ساهل تضحك الناس و ماكانش مسلسل تفرجتو و ماضحكتش عليه من دنيا اخرى .....حتان سوبر تونسي و صاحبك راجل حتى السبكتاكل لي درتيه عنا فعنابة 🇩🇿🇩🇿كان من اروع مايكون نشالله يكمل فمشوار نجاحاتو و يبقى ديما فالتلفزة و ديما يقدملنا فالجديد❤️❤️,happiness
0,برافو لكل من ساهم في مسلسل صاحبك راجل ..بداية ونهاية اروع..برافو,happiness
0,قلو احلف قالو والله قالو منصدقكش قالو احلف بولدك صدقه حرام راهو حلفان بغير الله,surprise
0,Maktlaaaaa dhohekk mooooooooooot😂😂😂😂😂😂😂😂😂😂😂😂,happiness
0,sami lfehri ken ma famech 9elet 7ye w wled 7ram ma yesamech moslasel be nesba lih🤣🤣,disgust
0,كريم الغربي حاول تكون متواضع و انا نقلك تعلم من بسام الحمراوي كيفاش تحترم المتفرج و تبعد عالابتذال و الاسفاف ,disgust
0,شوف عادا هكا الشخصية😢😢😢 تعملو للخرى في المغارف😢تفوه على المخير فيكم,disgust
0,ملا شخصية جايبها تقول عالمة متاع فيزياء و الا ابتكرت حاجة  جديدة  باش  تغير وجه العالم  ايكب سعدكم  انشاء الله مالا إعلام  و مالا  حشرات  يجيبو فاهم,anger
0, الحمدلله .ربي يحسن خاتمتنا .كملت الفيديو بسيف الحمدلله ولله,optimism
0,وقت نقولو الّي المهندسين التوانسة أغلبهم بهايم موش من فراغ. فالحين كان في التمحريث و خدمة سيريات المات أما المخ على مراد اللّه. بهامتها تتجلّى كي تخدم معاهم ولاّ تحكي معاهم في اي موضوع. إلّا من رحم ربي بالطبع,disgust
0,nhebek ya hamza mahle zink,optimism
0,Bravo hamza bonne continuation,optimism
0,الله لا تربحو خوها,anger
0,ربي اثبتك يا شيخ ورضيك وبقي سترو اعليك وإنشاء الله يتوفاك الله  ساجدا كما تتمنى,optimism
0,نعمل الخير وشد في ربي فلا خوف من الموت,optimism
0,اللهم حسن الخاتمة بارك الله فيكم على هذا المحتوى الرائع,optimism
0,الموسيقى لا علاقة !!!!,disgust
0,هل لاحظتم ...يقولون ميت أو جثة ...لا إسم لا نسب لا رتبة لا منصب لا جاه...لن تأخذ معك إلا أفعالك وستترك كل ما ذكر وراءك ❤,optimism
0,شكرا على الحلقة الجد رائعة و أسأل الله العظيم رب العرش العظيم ان يهب الذرية الصالحة للشيخ عاطف.,optimism
0,بكاني الشيخ... ربي يرزقك انشاء الله,sadness
0,لو نتخلص من الموسيقى؟ يا اخوتي حتى في قضية كهذه ؟ لما؟,fear
0,الله جازيك كل خير الاخ محمد الخماسي كم احنا محتاجين لهذه برامج الهادف ونافع للمجتمع شكر لك الاخ محمد على هذه برامج واصل شكر,happiness
0,اللهم ثبتنا واغفر لنا واجعلنا من اهل الجنة,optimism
0,أصبحتم مسخرة و أضحوكة بين شعوب العالم من كثرة خرافتكم و اساطيركم و طرهاتكم و اكاذيبكم و نفاقكم و قصصكم الهزيلة البالية الحمقاء الخجولة الغبية الحقيرة السخيفة التافهة المفضوحة,disgust
0,قصة مفيدة لكن أذيتمونا بالموسيقى ولم نكمل الفديو  نسأل الله أن يشفيكم من هذا المرض,neutral
0,ربي يحسن العاقبة لجميع المسلمين وربي يجازيه كل خير الشيخ المغسل,optimism
0,Ya chayi5 rabi yorz9ok edhoriya esal7a withabit ajrik wiberik fi zawjtik wayorzo9na wa iyakakom  7osna al5atma chokran 3ala hedhihi al7al9a  almoufida 3ala yfi9o ba3dh ennes w yarj3o erabi jakom allah 5ayir,optimism
0,يا خويا كان لزم مهارة بعد مهارة برافووووووو واصل و ربي يحميك,optimism
0,باللهي نحي علينا الpub ناقصين احنا مرج,disgust
0,Oui ene t3jbni barcha,optimism
0,تبارك الله عليه,optimism
0,نور شيبة فنان يعجبني صوتو حلوا و مزيان ,optimism
0,A7sen comedien fi tounes,optimism
0,Ta7founaa ,optimism
0,m3allem,optimism
0,عسل,optimism
0,ممثلة باهية,optimism
0,Mahleha,optimism
0,Mahleeeeeeeek,optimism
0,oui ma7leha,optimism
0,Tbarkallah 3laha,optimism
0,Bravo karim,optimism
0,jaw 3lih lila hhhhhhhhhhh ma7leh 9addech sa7ib jaw,happiness
0,hhhhhhhhhh bravooooo,happiness
0,Yenja7 ama ya3mel f barcha zayed fibelou idha7ek .sayeb 3lik,disgust
0,انت يا منذر حمار على شكل انسان,disgust
0,عيشك يا سي حمزة نقولوا عبادات موش طقوس دينية,neutral
0,قناة الدعارة,disgust
0,إنسان لا يعرف معنى الحوار و بربي سيب النهضة راك عملت العااار,disgust
0,الرحموني العميل الاخواني الارهابي من عصابة البحيري,disgust
0,والله لا عندو حتى موهبة متاع فكاهة جملا,disgust
0,Amset encen cheftou f 7yati wouuh ma amset m'en nawfel ken houwa,disgust
0,chnowa ha elmsata pff,disgust
0,Kaleb men kleb enahdha,anger
0,فوزى رجل فى قمة الادب والتواضع وربى معاه,optimism
0,Bravo hhhhhhhh chab3a dhou7k,happiness
0,Wlhhh ydhha7kouu mch nrmlll,happiness
0,Hhhh barcha jaw lyoumm allah laynahik alina,happiness
0,3asla,optimism
0,maset lasetttt,disgust
0,massssett,disgust
0,Ma5yebo,disgust
0,hram 3lik,anger
0,Ma5yebo,disgust
0,ماسط لاسط ها الراجل وزيد ما يعرفش يحكي pffffffff,disgust
0,MALLA TAFAHA,disgust
0,امسط منها ما فماش,disgust
0,malla wsakh wmalla tafahèt wmalla in77itat,anger
0,ارهابي متنكر,anger
0,فاشل,pessimism
0,يا مقداد طير  محلى  فراقك ,disgust
0,ANI MA3ejbettnich dawrha khayeb,disgust
0,Ma3jbtnich,disgust
0,Mas9atha w makhyabha fama okhet ton9em ala okhtha lahaderja ,sadness
0,Fdhaya7 mouch 7ob,anger
0,ykeb sa3dk ya wati romdhan raw normal enti,anger
0,Tfooooohhhhh,anger
0,السياسة كلها نفاق وضحك على ذقون الشعب,pessimism
0,mala  marikkkkkk  w hala  moukerbaaaaaaaaaaaa,disgust
0,تونس غارفة بالفقر و البطالة و الحرقة و السرقة و هذا جاي يحكي على شذوذو ..برى يعيش ولدي انت حر في بدنك,pessimism
0,Zeblaaaaaa,disgust
0,Malla 9elet 7yé vraiment chay y7achem😝😝😝,disgust
0,bal3ouuuuuut,disgust
0,عيب عيب عيب,disgust
0,a7sen wa7d fihoum lkol,optimism
0,Mamstouuuuuu👎👎👎👎,disgust
0,Maaaseetttttttttttt,disgust
0,اكبر مسرحية سخيفة,disgust
0,wlh akber sa9et,disgust
number,post,label
0,يعني الاجانب مسموح لهم يدخلون السعوديه بكبرها بجرعة وحده واحنا ماندخل بقالة الا بجرعتين افتحو لنا الاماكن العامة زينا زيهم وجع,anger
0,اي والله ماننجبر علي اللقاح جسمنا حرين فيه وثانيا الله خلق لنا جهاز مناعي يفوق قدرة اللقاح في مواجهه المرض,anger
1467185614709788675,...,anger
1466032298801963014,...,anger
1466031831350980616,...,anger
0,خلونا نعيش حياتنا عادية وكفانا من نقل الاخبار الكاذبة، الصحافة هي التي تضخم الامور وتحسسنا انها نهاية العالم,anger
0,كافي كذب. لا متحور ولا شي. الله ينتقم منكم. دمرتوا العالم وظلت تلقح وبدت الناس تموت باعداد كبيره,anger
0,مين المجنون الي يروح لمصدر الوباء,anger
0,رئيس الصين يخفي خطر الفيروس في وهان شيء واضح يظن الكل قليلو الخبره,anger
1459326115793850376,...,anger
0,وين لقاحكم,anger
0,لازم الشعوب تتحرك الامر اصبح سخيف,anger
0,المسرحية مستمرة,anger
1454792706690015232,...,anger
1454798919670579206,...,anger
0,الحين ﷲ سبحانه خلقنا جهاز المناعي وظيفته انه يقوي المناعه ليش انت تروح تاخذ لقاح متحور خطير وتقتل نفسك،،، تبي تقوي المناعه خذ أشياء طبيعيه احسن من انك تاخذ لقاح ماتدري بعد سنه سنتين وش بيصيرلك!!!!,anger
0,ي كثر الي اعرفهم اخذوه وماتوا ولا تم الإعلان عنهم والي نجو بعد فترة الله يكون بعونهم قال مافي اعراض قال✋,anger
0,لا لتخويف الناس ليس كل من لديه هذه الأعراض مصاب بكورونا لالتخويف الناس ونشر الرعب في صفوفهم دعونا من هذه الفديوهات لنشر الوساوس في صفوف الناس الله يهديكم,anger
0,اجل اذا انتشر كورونا لاتزعجونا,anger
0,تري زودتو امها اقسم بالله!!! اختي كانت بتموت بعد الجرعه الثانية! حسبي الله عليكم,anger
1467921647630012423,...,anger
1468638433484709891,...,anger
1468590957771866119,...,anger
1466436918804205581,...,anger
1466357146153541636,...,anger
1468435882608898053,...,anger
1468444650059010050,...,anger
1468555961384284163,...,anger
1274671909926559745,...,anger
1410676000850157571,...,anger
1465315496765632520,...,anger
1467460264371048452,...,anger
1467529019474259972,...,anger
1466399831073644545,...,anger
1253683954827300866,...,anger
1241132769985658887,...,anger
1428977019510050817,...,anger
1272781253809504256,...,anger
1269498984369926149,...,anger
1382724592595263494,...,anger
1270794824598380550,...,anger
1467650889951367176,...,anger
1467911765430345731,...,anger
1280497680263917569,...,anger
1262317685628682240,...,anger
1412749133530775558,...,anger
1241367016004517891,...,anger
1465997907035930631,...,anger
1398418584049750017,...,anger
1223557579814645760,...,anger
1359633994044870660,...,anger
1359557829141684236,...,anger
1245878132760023042,...,anger
1275151583790104576,...,anger
1273927526033825793,...,anger
0,تلاعبات و تخويف إعلامي مخطط له لأجل ربح الشركات و إقناع غير الملقحين باللقاح بعد الإحتجاجات الأخيرة... ضحك على الدقون.,anger
0,احسن. عشان الناس نحمدالله ع النعمه والعافيه. ان شاء الله حجر سنه لين تطلع عقولهم,anger
0,لمفروض كلهم عن بعد يعني ناس تنجح من الغش وهم جالسين وناس تذاكر وتتعب !!؟؟؟,anger
1466073096679526402,...,anger
1463901579447316487,...,anger
1463901579447316487,...,anger
0,وش السالفه وش جرعته بعد من جد طالت ومصخت,anger
0,والي ياخذها ومرض ولا استفاد ؟ الله يشفيكم,anger
0,الإستمرار في تلقى اللقاحات !!,anger
1466030794225430528,...,anger
1467479882997379075,...,anger
1466870745385127936,...,anger
0,تضخيم تضخيم نفخ نفخ نفخ بااوميكرون. وبعدين!!,anger
1463905349283495942,...,anger
1463995048220139520,...,anger
1462838199575887876,...,anger
1462845755576758283,...,anger
0,الله يلعن السياسة العالمية الجديدة ، كلها كذب واللقاح هو من يقتل الناس وليس القيروس,anger
0,والله مافي متحور وكورونا غير الاعلام الفاسد كنا من غيركم عايشين بسلام,anger
0,بلا كذب زوجي تلقح والان مريض والسبب مجهول كان بخير قبل اللقاح وانا لن اتلقح ابدا ان شاء الله اللقاح عبارة عن موت بطيء,anger
1311352603591180290,...,anger
1237752526583271425,...,anger
1468883075526496257,...,anger
1282797215317188610,...,anger
1466139482911133699,...,anger
1309261086802284544,...,anger
1242119103135068168,...,anger
1251869709701722113,...,anger
1464510070776111107,...,anger
1382416714579726337,...,anger
1429293799625342987,...,anger
1268080271804567552,...,anger
1261415809617932289,...,anger
1252642193795354628,...,anger
1287793356836425728,...,anger
1242878476711071744,...,anger
1312109077506400259,...,anger
1384848968916549634,...,anger
1261714491567493121,...,anger
1249177017922260992,...,anger
1351518350040571905,...,anger
1232186030310281218,...,anger
1358960382111580161,...,anger
1361512696013869058,...,anger
1268895857606299648,...,anger
1356585002918674434,...,anger
1401583800757465093,...,anger
1455998206941306884,...,anger
1401286978679840770,...,anger
1415736534326722564,...,anger
1469643109189492740,...,anger
1464270139302584324,...,anger
1426227860834975749,...,anger
1270298744584654853,...,anger
1241460233169403904,...,anger
1466788211758407686,...,anger
1466027251397541891,...,anger
1466537588039294981,...,anger
1467479348630499329,...,anger
1466748703784505344,...,anger
1343987565192503299,...,anger
0,واللي أقلقتهم وآذيتهم ونكدت عليهم وضيقت عليهم كيف تعتذر؟,anger
0,الهدف منها تخويف الناس حتى ياخذون اللقاح,anger
0,تغريدة اخرى ليس فيها اي مصداقية ولا دليل يثبت هالكلام,anger
0,خطتهم هي قتل الناس نفسيا واضعاف مناعتهم عن طريق التخويف والترعيب,anger
0,والله أنتم مسبب الرعب والقلق,anger
0,سلسلة من المتناقضات في مسرحية كورونا,anger
0,ماافهم ليش ترويع المسلم؟ةةة,anger
0,انا ادافع عن حرية اختياراتي الصحيه مايجوز اجبر على علاج,anger
1294709053357199363,...,anger
1262123277687930880,...,anger
1464855063088840706,...,anger
1263222685590523904,...,anger
1458291828650881028,...,anger
1279523266454081539,...,anger
1265297570194227201,...,anger
1283214311406665730,...,anger
1264168171847761920,...,anger
1240392835544879105,...,anger
1310255330853556225,...,anger
1420100679344041992,...,anger
0,الله ياخذ الصين يارب الله ينتقم منهم,anger
0,الصين هي السبب في هذا الوباء احسبنا الله فيهم الم من تستروا من اجل المصلحه الشخصيه,anger
0,الله ينتقم منهم شر انتقام,anger
0,الله ياخذ حكومه الصين الملحده المجرمه,anger
0,اجل شالفايده نأخذ اللقاح! واجباري بعد وش فايدته مايكفي الجرعتين بتزودون,anger
0,حسبنا الله ونعم الوكيل. في من كان السبب.,anger
0,الله يسد نفسكم😡,anger
1468625316784619532,...,anger
1265909296270893056,...,anger
1265895430149353474,...,anger
1243213714645532677,...,anger
1237829542724751362,...,anger
1412341547413164034,...,anger
1396867913324302351,...,anger
1250372031113318401,...,anger
1301909329000435712,...,anger
1453349524639031299,...,anger
1251869709701722113,...,anger
1284117492462428161,...,anger
1234518845379039233,...,anger
0,لقاحاتهم فاشله يبعون ويشرون فيها ويضحكون ع الدقون والأغبياء إذاا ضحكوا علي المرة الاولى والمرة الثانية ماراح يضحكوا علينا مايطيح مرتين الا أخس الطيور,anger
1465929704863674371,...,anger
1467531384734556167,...,anger
1467475944562700291,...,anger
1467476414421250052,...,anger
1468491209085698053,...,anger
1467297349928210435,...,anger
1466873570932498437,...,anger
1468969148696854535,...,anger
0,الله لا يوفقهم هم من نشروا الفيروسات وأحضروها إلى افريقيا مثلما ظهرت الحمة في سنة 1918 في امريكيا ونقلوها إلى افريقيا عبر جثث موتى ونقلها في سفن حسبنا الله ونعم الوكيل .,anger
1466787803858149385,...,anger
1466787832459141127,...,anger
1467038267140939784,...,anger
1467091295369891840,...,anger
1466888047799193603,...,anger
1466877479302447106,...,anger
1467035705801072640,...,anger
1467051115233660929,...,anger
1466540258154061832,...,anger
1465010735516467212,...,anger
1463916591163351043,...,anger
1463923192997855241,...,anger
1463944102337200130,...,anger
1463903104026529803,...,anger
1465991585116704773,...,anger
1465966749111795713,...,anger
1466817879018516484,...,anger
1465967436071673856,...,anger
1449008458070646788,...,anger
1452986578394046465,...,anger
1400069517112492034,...,anger
1271421549447389185,...,anger
1466794190378045448,...,anger
1467263370948657153,...,anger
1274472005564334081,...,anger
1292808489497174018,...,anger
1317733440289124353,...,anger
0,اسأل الله ان يهمه ويكرب عليه مثل ما سوى بالطلاب,anger
0,شكراً وزير الصحه حيث وجهت ودليت ولكن الناس لاحياة لمن تنادي؟؟ اليوم الرابع لي من الإصابه بسبب العيد وبسبب تهاون بعض الأشخاص هداهم الله في اتخاذ الاجرآءت الاحترازيه,anger
0,اقول عاد ترا مو حلاو هو,anger
0,طيب فيه شباب امس جو من اسبانيا ماخفتو انهم جايبين المرض معهم على طول يداخلو مع الناس ولا انعزلو عنهم مقهوره منهم مدري وش عقولهم الي يروحو ويجو ويخالطو الناس ولا معبرين انه يمكن يظرو بلد بالكامل بسبب استخفافهم,anger
0,مايكفي استهبال على الناس نهاية الفلم متى خلاص سرقتوا الصندوق الصحي كفاية كذ,anger
0,ي حوووول قبل شوي كنت جالسه اقول ماعندنا ولا حالة 😖 حسبنا الله ونعم الوكيل على ايران نشرت كورونا للبلدان العربيه😡😡,anger
1245694007633678337,...,anger
0,ياالله مَاَقرف الصين🇨🇳🇨🇳🤮🤮🤮 هِيَ جابت الكورونا,anger
0,حسبي الله ونعم الوكيل ع من اجبرنا باخذ اللقاح,anger
0,انتم كادبون هم ماتو باللقاح و ليس من الوباء خافو من الله عز و جل مادا ستقولون اليه حسبي الله و نعم الوكيل,anger
0,حسبنا الله ونعم الوكيل. يقتلون الناس بتجاربهم السيئة ويحملون المسؤولية للذين لم يتلقحوا بأنهم السبب ليجبروهم بطريقة أخرى على أخذ اللقاح من أجل حماية الكبار في السن. ويتكتمون على الوفيات والمضاعفات بسبب اللقاح بين كل الأعمار,anger
0,اللقاح هو المتسبب في التحورات و هادا شي طبيعي جدا أوقفو التطعيم الفاشل و كفاكم تخويفا للعالم و صرف نظرهم عن قضايا أهم من هذه السخافة,anger
1466128304268722177,...,anger
1274325702255443968,...,anger
1252358626896830466,...,anger
1316827343676149760,...,anger
1467155845993611266,...,anger
1465467703511203844,...,anger
1277728105734512642,...,anger
1437472798117666827,...,anger
1393930210723119106,...,anger
1260479388782669827,...,anger
1362588219553030147,...,anger
1420002135266234406,...,anger
1297171353171353602,...,anger
1290401840501329920,...,anger
1432452189105139713,...,anger
1266904797686480896,...,anger
1425373805682302980,...,anger
1455766460656242693,...,anger
1352665289092198401,...,anger
1409962467002814464,...,anger
1422282215111675904,...,anger
1421715899820748800,...,anger
1242812803389538304,...,anger
1362094131946938375,...,anger
0,الله ياخذ كورونا جد !! كل يوم تصدمني بأحد,anger
0,وش ذا التلميحات الخايسه! طول السنه الوضع فله توكم تفكرون على قرب رمضان!!,anger
1465262843801055232,...,anger
1467828735692914697,...,anger
1467829215433211904,...,anger
1322555182337675264,...,anger
1467461231518887940,...,anger
1467469020307898374,...,anger
1463913047161024514,...,anger
0,حسبي الله عليك يبي يذبحنا ذا كيف يدخلون احد بدون ما يحللونه قبل ما يدخل !!!,anger
1370002636943024131,...,anger
1420364657458618371,...,anger
1438317020584550406,...,anger
1430755391764303876,...,anger
1274398993221595139,...,anger
1466338674954719236,...,anger
1466096795587645444,...,anger
1429769382004236291,...,anger
1355954874287058946,...,anger
1466118908801388556,...,anger
1240983407900925953,...,anger
1268948515121758208,...,anger
1376906144724172802,...,anger
0,المشكله أنه نحن غير الملقحين محرومين من الدخول لكل الآماكن,anger
0,بصراحه اررى كثير من الأهمال من قبل الكثير من الوافدين وعدم حرصهم على غسيل اليد ولاالتعقيم والمخالطة والنظافه الشخصيه وقربهم لبعض ولاضاربين حساب . اتمنى من وزارة الصحة نشر توعية شديدة اللهجه بعدة لهجات على شكل مطويات ورقيه وتوزيعها لهم لعلهم يفيقون من اهمالهم,anger
1242142523130339330,...,anger
1241862845924589568,...,anger
1466889817724235778,...,anger
1242819463310970881,...,anger
1465961345808019462,...,anger
1466046595955318791,...,anger
1312541007678861312,...,anger
1273238152791101451,...,anger
1238467280142512129,...,anger
1268846022765264896,...,anger
1242469204554444801,...,anger
1465997780019724288,...,anger
1466789459811258368,...,anger
1449688883332096001,...,anger
1378782977518362637,...,anger
1466807942343237632,...,anger
1465104484074409986,...,anger
1465985305647923200,...,anger
1444518113240829954,...,anger
1444336294486814720,...,anger
1467899484642451462,...,anger
1467597417247907852,...,anger
1467480260610510848,...,anger
1467603340683059200,...,anger
1467381544792772613,...,anger
1467404725142364160,...,anger
1468719225111867393,...,anger
1466600146809069570,...,anger
1340742920228487168,...,anger
1428522306247217162,...,anger
1372843362387116032,...,anger
0,إذا كانت اللقاحات قد أظهرت فعاليتها للمتحور دلتا كما تدعي فبماذا تفسر لنا إرتفاع عدد الإصابات و الموتى و مرضى الطورىء في دول لقحت أكثر من 70%من مواطنيها كالنمسا و ألمانيا و....و.....في الموجة الرابعة .,anger
0,حمى و زكام وكحة ، الحين هاي الموسمية قالوا عنها كورونا و متحور بعد ، والله اكتفينا خلاص نبا نعيش 👎🏻,anger
1254447421498839040,...,anger
1271377682308177920,...,anger
1247981971751518216,...,anger
1319319004742299648,...,anger
1395358984694112259,...,anger
1420586211685580803,...,anger
1468559736115277832,...,anger
0,المشكله أنه نحن غير الملقحين محرومين من الدخول لكل الآماكن 😡,anger
1413447839720493056,...,anger
1438149284269072386,...,anger
1469633073683836929,...,anger
1469643521116319744,...,anger
0,كافي كذب بعد ماحدا راح يصدق كذبكم حتى لو تخرجتوا فديوهات مفبركة العالم ديموت فيها مراح نصدق شي,anger
0,والله المرض الحقيقي هو الاعلام الغبي مثل العربية,anger
0,بقائكك في منزلك احسن من لا تجييب الامراض والاشياء لأهلكك لكن صاير واجد استهتار ما شي مسؤولية ....اللهم ابعد عنا هذا الوباء والبلاء 💜,anger
14653035139285073920,...,anger
1469777419536060418,...,anger
0,بس اشان يبيعون لقاحاتهم واحنا تجاربهم. لا إله إلا الله محمد رسول الله,anger
1469643109189492740,...,anger
1469679294301495296,...,anger
1469720154816843776,...,anger
1469727789691641857,...,anger
1469743402363330569,...,anger
0,الله لايوفق الصين بتاكل اي شي ماكان وبتعدي العالم,anger
0,قريبا سيدفع كل من روج لهذا اللقاح لقتل الشعوب والقبائل وإذلالها ثمنا باهضا جدا جدا سنطاردهم علي ارض وتحت كل سماء,anger
0,القضاء علي البشر وليس علي الفيروس الوهمي انتبهو من سمومهم,anger
1390472189342896131,...,anger
1320064292994023426,...,anger
1413960437088071680,...,anger
1296626257514422277,...,anger
1293251071083675648,...,anger
1469633767203557377,...,anger
1469716452718616579,...,anger
1468868077240696839,...,anger
1469739025695191041,...,anger
1469739055273414661,...,anger
1469636775647793152,...,anger
1466846232769404934,...,anger
1468173694090551296,...,anger
1469250097913417728,...,anger
1468819376757428225,...,anger
1406920423841882115,...,anger
1406926207631998980,...,anger
0,حسبنا الله ونعم الوكيل في من ينشر ويصنع هذه الفيروسات في المخابر لإبادة البشر لكن قدرة الله فوق خططهم الخبيثة مافيا الدواء تفعل كل شيء للتجارة ولكسب الأموال المهم المال ولو على حساب ارواح الناس,anger
1467162681857687556,...,anger
1466316032373575685,...,anger
1341000326963453952,...,anger
1267206443159207938,...,anger
1467952431627743232,...,anger
1469745252479258635,...,anger
0,حسبي الله ونعم الوكيل علي شركات البحث العلمي وشركات الأدوية كورونا هدا اسمة دمار العالم,anger
0,لقد اجرمت الصين في حق البشرية ويجب معاقبتها وتحميلها كافة الاضرار الناجمة عليهم الله ومقته,anger
0,أسكت اذا ماتفهم العلاج لايعني سيطبق بعد ايام والله الجهل كارثة العلاج أو الدواء أو اللقاح يحتاج أشهر أو أكثر لتجربتة ثم الانتاج ثم التوزيع ماهو عصاة سحرية= اذا العالم كمامات ماعندها,anger
0,جرعه ثالثه لا بوك لابو الي جابك انت ماشفتني يوم اخذت الجرعه الثانيه جلستنا اربع ايام ونا في سكرات الموت قسمن بمن احل القسم ان كلامي هذا صحيح لو يفرضون علي جرعه ثالثه لانتحر تراها عاد؟؟,anger
0,هذا لو كان الرمان خالي من الاضافات الكيماويه من سماد وغيره فكل فاكهه خلقها الله مفيدة لنا كطعام وعلاج لكن يد الإنسان عبثت بها ولم تتركها طبيعيه كما خلقها الله لنا !,anger
0,هذي ليست نصائح بل تخويف,anger
0,مجرد تسويق وستغلال الناس من المرض ودفعهم لشراء ادويتهم فالتخويف جريمة استغلال وضحيه,anger
0,وسايل الاعلام والمستفيديين مايبون علاج مبسوطين على هالوضع,anger
0,الله لا يعطيهم عافيه مو معروف ان بعض المتعافين اصيبو مره ثانيه فلما استغباء الناس واداخالهم بتجارب فاشله ومميته,anger
0,ماعندهم الا سحب المال وتنظيف الجيوب مانبية و متوكلين على الحي الذي لايموت بدون اختراعات فاشلة,anger
0,اللي صايرعندنا شي غير طبيعي ويقتل ام المناعه والنفسيه وهي كثره مايحرر علئ الناس من مخالفات كرهتونا بعيشتنا وقرفتونا لن تجدي معنا اي لقاحات لقاحنا الوحيد ان تخافو الله فينا,anger
0,خربط مريط كذابين .؟ هذا كلها أعراض أمراض البرد اللي نعرفها لو إنكم صادقين كان صنعتم علاج لهاذا المرض,anger
0,قلت لك انت جاهل بالدين والعلم وفن المحاورة ولا تجيد شيء سوى أنك نائحة مستأجرة تهذي بمالا تفقه وتجادل في امور تدل على ضحالتك الفكرية والاجتماعية وتلهث وراء الفساد كالجرذ الذي يعيش في القذاورات,anger
0,الإنسان الذي يتجاهل لبس الكمام أو ينتقص من قدرتها على حمايته من المرض هو إنسان جاهل بل أحمق وغبي أما من يعرف أنه مصاب بالكوفيد-19 ولا يلبس الكمام فهو مجرم وشرير ويجب محاكمته وسجنه 10 سنوات,anger
0,الحين يجيك واحد احول مريض نفسي ويقول هذا الدواء يسبب العقم العلماء تشتغل وتبحث عن الدواء إلى يخلص العالم من المرض وهذا جالس ع الرصيف وقاعد يفتي الجاهل جاهل حتى لو لبس ثوب من ذهب,anger
0,تاخذه وانت كلب انت وغيرك وراح تشوف انشالله وش حضرتك انت والحمير الي مثلك ماتخذون القاح همج,anger
1400826586765611012,...,anger
1406348778337079303,...,anger
1387444161520017412,...,anger
1396458651628544001,...,anger
1397229215788019716,...,anger
1405978915697479687,...,anger
1388853848035442692,...,anger
1405471839305011200,...,anger
1269254239265710082,...,anger
1276953895634456576,...,anger
1390980816268890112,...,anger
1394734113161162759,...,anger
1348589674596626433,...,anger
1386772004624293891,...,anger
1415913987888267265,...,anger
1454560060236050439,...,anger
1455395759088619521,...,anger
1401485426720968708,...,anger
1234592818615767040,...,anger
1252242003464765441,...,anger
1377969440688644098,...,anger
1395230217120239616,...,anger
1402974162193375237,...,anger
1408733967344455685,...,anger
1410896328465567746,...,anger
1411331045899882500,...,anger
1415019883964813320,...,anger
1395358628501143553,...,anger
1367935992460685318,...,anger
1398337298001973248,...,anger
1405569135124402176,...,anger
1243148303535087616,...,anger
1271532096826355717,...,anger
1403753131616485378,...,anger
1240954856535404545,...,anger
1245340034255015937,...,anger
1394103950140399618,...,anger
1412047744273895428,...,anger
1422495429002993666,...,anger
1384919046349594624,...,anger
1394996638452695046,...,anger
1379413294805581828,...,anger
1395129870779310081,...,anger
1410493739651457029,...,anger
1374372048936574977,...,anger
1377968175069954048,...,anger
1403429302729904135,...,anger
1404167730878631940,...,anger
1407877755149205506,...,anger
1395146550293188609,...,anger
1269471579228049413,...,anger
1387374091963932672,...,anger
1418622534279434249,...,anger
1418621742575128577,...,anger
1397401807807205381,...,anger
1387098494633226246,...,anger
1391433370933071879,...,anger
1246182948635885572,...,anger
1277976103487856644,...,anger
1343147471703302145,...,anger
1408845075019403272,...,anger
1409896667214716931,...,anger
1236750740498124807,...,anger
1381019630605570053,...,anger
1403429704582012937,...,anger
1410364940993638400,...,anger
1417931536171769862,...,anger
1241093890150731776,...,anger
1246340002356830210,...,anger
1361483382870462465,...,anger
1421557986246471680,...,anger
1279030309741355008,...,anger
1267283733738074112,...,anger
1413194849793290246,...,anger
1479232188398944258,...,anger
0,بأي يحق كل يوم تهددونا المرور من جهه والتعليم والصحه والبلديات… وجع,anger
0,تم الاتصال بي صباح اليوم في المنطقة الجنوبية وتم حجز موعد وذهبت. قسم بالله تعبت تعبب لا يعلمه الا الله ألم شديد وصداع رهيب. والمسحه الخبيثه طويله والممرض غير سعودي وشكله حمار . لم يكتفى بربع المسافه ولا النصف شعرت بألم فضيع. وأخرجها من الانف جهة اليمين وادخلها في الجهه اليسرى ونفس الالم والصداع والوجع. ولم استطع اكمال صيام يومي وفطرت من شدة الالم والصداع. حسبي الله عليه شكله كان جزار.,anger
0,الشعب مو مهتم بهذا الوباء مستهزين الأمر خليكم في بيتكم وجع يوجعكم,anger
0,شسالفه كل يوم حالات والمشكله كلهم من برا المملكة طيب ليه تخلونهم يجون ياخي مشكلة كل يوم العدد يزيد تعبت نفسيتنا كل يوم يطلعون ناس جدد,anger
0,يا حكومتنا الرشيدة سوو حظر التنقل بين المدن... بالنسبة للناس هذولي ياخي اذا منت خايف على نفسك خاف على غيرك على كبار السن من والدين وأقارب اهلك من تعز وتحب فكر ف العواقب والناائج تجيبون المرض صدق,anger
0,والله العظيم فيه ناس ماتعرف الحجر ولاتتقيد بتعليمات وزارة الصحه فيما يخص هذا الامر.. هذولا هم اللي اخر الحظر.. رساله لهؤلاء المستهترين : يا اخوان في دولة تدفع مليارات وفيه رجال امن تفطر في الشارع عشان صحتك وانت مستهتر ماتجلس في بيتك.. اغلب الحريم ياخذون عيالهم ويسيرون عند جيرانهم في الحارة وهذي النتايج.. خافوا الله واسمعوا واستجيبو للاوامر.. الدولة تقدم مالديها من امكانيات عشان نبقا بخير وصحة وسلامه.. تعاونو معها واجلسوا في بيوتكم..,anger
0,الاغبياء يرحون يتجمعون بالسوبر ماركت وبسوق الخضرا خايف على بطونهم من الجوع ومهب خايفين من كورونا قعدو في البيوت جعلكم للريح,anger
0,صرلي اسبوع مريضة بكورونا كتير تعبت مفاصلي حاسستن مكسورين الله ينتقم من اللي كان السبب بنشر الفيروس,anger
0,وجع,anger
0,التسجيل على هذي المنظومة جداً صعب حاولت طلعت روحي وانا احاول برنامجهم معلق يقولي خطأ وانا كل يوم احاول ومتأكدة انها صح وهو فيه واجبات وكذا وكل صديقاتي دخلوا خلاص تعبت كل يوم احاول وغير كذا ناس مامعهم جوالات ولانت كيف بيدخلون ؟؟,anger
0,تعليق ٢ ماذا تريد بالضبط كل الأعلام حولك والعالم امامك وتطلب منا نحن النصيحه لماذا اتوقع لك مآرب اخرى الجميع يمتلكون عقولا وهي التي تقودهم للصواب وعليهم تحمل نتائج الاختيار وانت كذلك,anger
0,مبدع رائع ياناصر واقول للي ينتقدوه عندك ٦٠٠٠٠٠ قناه غير مسلسل ناصر ليه تتفرج عليه هههههههههه مع نفسكم,anger
0,ناس همج يحرقون الجثث كمايفعل الهندوس,anger
1234592818615767040,...,anger
1234785004112183296,...,anger
1238044197199978496,...,anger
1239479139226304512,...,anger
1240040918285238276,...,anger
1246405810219073538,...,anger
1250849889069785089,...,anger
1252242003464765441,...,anger
1254462008457641986,...,anger
1255596361124380673,...,anger
1260535645212213253,...,anger
1261245862610636802,...,anger
1265767359681363968,...,anger
1266130723410452482,...,anger
1268663460000382977,...,anger
1271875822346014721,...,anger
1305068897343803393,...,anger
1339899622051987457,...,anger
1340415104907677698,...,anger
1343272994391674881,...,anger
1351591143490904065,...,anger
1367935992460685318,...,anger
1368094641128607744,...,anger
1368517906330435587,...,anger
1369757211094900741,...,anger
1377969440688644098,...,anger
1378149099476779010,...,anger
1384496406388432897,...,anger
1384961293887713281,...,anger
1386772004624293891,...,anger
1387444161520017412,...,anger
1388669340162080769,...,anger
1390979024625745920,...,anger
1390980816268890112,...,anger
1391330030358302720,...,anger
1394734113161162759,...,anger
1395157660459225089,...,anger
1395230217120239616,...,anger
1395358628501143553,...,anger
1395775853313859590,...,anger
1395871877587943424,...,anger
1396003692923531266,...,anger
1396547715111194624,...,anger
1396933349789274112,...,anger
1398107754632462336,...,anger
1398421486080233472,...,anger
1398504156437127170,...,anger
1399188548599922691,...,anger
1399804620810096643,...,anger
1400550596218851334,...,anger
1400826057981411334,...,anger
1401037887722987520,...,anger
1401485426720968708,...,anger
1401847398872322049,...,anger
1401921552707375108,...,anger
1402398777516888067,...,anger
1402922527630974976,...,anger
1402974162193375237,...,anger
1404221881302097920,...,anger
1405204473669197827,...,anger
1405316313262788608,...,anger
1405443368105267207,...,anger
1405471839305011200,...,anger
1405978915697479687,...,anger
1406691932886253568,...,anger
1407451097187422209,...,anger
1407467967353348097,...,anger
1407513785888346112,...,anger
1407757778555445252,...,anger
1407792847240245256,...,anger
1408062577611927568,...,anger
1408470672926515206,...,anger
1408733967344455685,...,anger
1409091266655227909,...,anger
1410512802985525249,...,anger
1410738771801219077,...,anger
1410899413275398146,...,anger
1411331045899882500,...,anger
1411912390791380994,...,anger
1408470672926515206,...,anger
1413167425487523840,...,anger
1413356556201119744,...,anger
1413503869116502019,...,anger
1414159608076115973,...,anger
1414258937617162241,...,anger
1414675597650010114,...,anger
1414887268721078290,...,anger
1415913987888267265,...,anger
1416514317902561287,...,anger
1417193080617377800,...,anger
1419024050026844180,...,anger
1419219653851811840,...,anger
1419935174352117766,...,anger
1434529958232211458,...,anger
1435505000336216069,...,anger
1445990158390661123,...,anger
1449498360214441984,...,anger
1454560060236050439,...,anger
1455395759088619521,...,anger
1240954856535404545,...,anger
1242144895999127552,...,anger
1242943429472137219,...,anger
1243110811306020864,...,anger
1245340034255015937,...,anger
1248673766789582849,...,anger
1251080768190926849,...,anger
1259543870821597184,...,anger
1259609555455049728,...,anger
1259651410376953856,...,anger
1265326687941808134,...,anger
1267884996167073794,...,anger
1270075569955373058,...,anger
1271126437748187143,...,anger
1271532096826355717,...,anger
1272674157420044294,...,anger
1281119595412275200,...,anger
1323981156606529536,...,anger
1342122081769631745,...,anger
1343867665128026115,...,anger
1349711760253661185,...,anger
1350542747229446146,...,anger
1351859582830833665,...,anger
1358349527514836993,...,anger
1358440938511753216,...,anger
1368575852435357701,...,anger
1370280146192773122,...,anger
1374372048936574977,...,anger
1376518230211096578,...,anger
1377968175069954048,...,anger
1379413294805581828,...,anger
1383560193456279562,...,anger
1384919046349594624,...,anger
1385734718705086466,...,anger
1388169281381224457,...,anger
1390734597470703618,...,anger
1392322875277942786,...,anger
1394103950140399618,...,anger
1394844609746976768,...,anger
1394996638452695046,...,anger
1395129391924002818,...,anger
1395129870779310081,...,anger
1395146550293188609,...,anger
1395332622751051779,...,anger
1395357226928328708,...,anger
1395497970414624781,...,anger
1395866772163682311,...,anger
1397176258371457025,...,anger
1398017985210617860,...,anger
1399776623981907968,...,anger
1402964029170200577,...,anger
1403235474731372544,...,anger
1403429302729904135,...,anger
1403753131616485378,...,anger
1404167730878631940,...,anger
1404246777570676738,...,anger
1404566588666359808,...,anger
1404629829954248708,...,anger
1405819611824730112,...,anger
1406714168552706054,...,anger
1407518110991720448,...,anger
1407579370026409986,...,anger
1407723926877257735,...,anger
1407855376452800518,...,anger
1407877755149205506,...,anger
1409487363991126018,...,anger
1410493739651457029,...,anger
1410905946587648001,...,anger
1411084332488404993,...,anger
1411441934372114433,...,anger
1411667229150679042,...,anger
1411757026775121922,...,anger
1411876326659837952,...,anger
1412047744273895428,...,anger
1412919822615187462,...,anger
1412973536713531392,...,anger
1413006952670580736,...,anger
1413166157763334150,...,anger
1413435198411362307,...,anger
1413504603505664003,...,anger
1413873258919772167,...,anger
1414575004591792130,...,anger
1414585164429250567,...,anger
1415018636276899844,...,anger
1415109680066596867,...,anger
1415148463407476736,...,anger
1415918091289219072,...,anger
1416333036551958532,...,anger
1416741938687090697,...,anger
1416744544578777093,...,anger
1416777103559823369,...,anger
1417083126187237380,...,anger
1417176732369555456,...,anger
1418092682732257280,...,anger
1419369660290641923,...,anger
1419980236377268228,...,anger
1420119651149877255,...,anger
1420492706644733958,...,anger
1420785571346231302,...,anger
1422495429002993666,...,anger
1422650416412647434,...,anger
1423699842669424644,...,anger
1426442700048457731,...,anger
1455616535985274882,...,anger
1237378441030316034,...,anger
1238114904277688324,...,anger
1238646759175397377,...,anger
1243567962042314753,...,anger
1247941839782662144,...,anger
1252500114503016449,...,anger
1254244158711136261,...,anger
1231885587378036737,...,anger
1236750740498124807,...,anger
1242522863233531904,...,anger
1246182948635885572,...,anger
1268727461438803968,...,anger
1277976103487856644,...,anger
1286668902077026305,...,anger
1288811666013138945,...,anger
1339272785001111554,...,anger
1343147471703302145,...,anger
1345006089943842818,...,anger
1346187423315800066,...,anger
1347344784466259968,...,anger
1351051262553423874,...,anger
1351277003589230595,...,anger
1356605785850191872,...,anger
1359135134239309825,...,anger
1373531643584077824,...,anger
1373630069504147461,...,anger
1375764473571590144,...,anger
1378804435380494346,...,anger
1381019630605570053,...,anger
1384502547763929088,...,anger
1384513056521216003,...,anger
1385682658080985089,...,anger
1388205894735958018,...,anger
1390688632445587456,...,anger
1395431266737065991,...,anger
1395732185823449090,...,anger
1397401807807205381,...,anger
1398715433994313736,...,anger
1400178259548164097,...,anger
1401789801192472579,...,anger
1401917324479901697,...,anger
1402205664416514049,...,anger
1402997248724586510,...,anger
1403027260416921601,...,anger
1403345187078914052,...,anger
1403429704582012937,...,anger
1403354105628737545,...,anger
1404783835724800003,...,anger
1405325468048494595,...,anger
1405799956057894914,...,anger
1406434312929558531,...,anger
1406674068494037002,...,anger
1407051034648793088,...,anger
1407266968885944324,...,anger
1408002115511984128,...,anger
1408074133003403265,...,anger
1408845075019403272,...,anger
1409281405977247750,...,anger
1409469851542896640,...,anger
1409896667214716931,...,anger
1410364940993638400,...,anger
1410592802170310656,...,anger
1410884082171629568,...,anger
1411325780618006529,...,anger
1412320310838374406,...,anger
1412331831777763328,...,anger
1412630512766750722,...,anger
1414830579208663040,...,anger
1415154893673975812,...,anger
1415774825256300545,...,anger
1416042701460541440,...,anger
1416781309075197958,...,anger
1417931536171769862,...,anger
1418622534279434249,...,anger
1419452001092608007,...,anger
1420075104101445640,...,anger
1425227459650277377,...,anger
1436097834412040193,...,anger
1245781544104529920,...,anger
1279030309741355008,...,anger
1325443554102095873,...,anger
1337301069861273600,...,anger
1376076500726915072,...,anger
1397916133236219908,...,anger
1402593904831176705,...,anger
1408531089250004995,...,anger
1409871595443834881,...,anger
1410824922063163393,...,anger
1412503969205833737,...,anger
1413194849793290246,...,anger
1413858612380852230,...,anger
1419164840321507329,...,anger
1419728233759662088,...,anger
1229470189214932992,...,anger
1270283418820063232,...,anger
1300473976968433664,...,anger
1360128577396736001,...,anger
1363256977623777283,...,anger
1369244110939426820,...,anger
1372819001571692547,...,anger
1384470996124581888,...,anger
1391878581719011330,...,anger
1404505917131984898,...,anger
1405641951228145666,...,anger
1411801475601342464,...,anger
1414727120450904066,...,anger
1416836422288515072,...,anger
1419721193721110534,...,anger
1429062778493579271,...,anger
1443580983123476480,...,anger
1268864387621826560,...,anger
1244675139494608899,...,anger
1245374878812975106,...,anger
1361581505357701122,...,anger
1369702789715288065,...,anger
1370026278833713159,...,anger
1373977549777276930,...,anger
1374719391384932355,...,anger
1374757284207857677,...,anger
1440455276793004033,...,anger
1428353170325921811,...,anger
1426951325619834882,...,anger
1422596439977431041,...,anger
1420276613233643528,...,anger
1420424390127325195,...,anger
1418630733757882368,...,anger
1418899072891637768,...,anger
1416334872285749250,...,anger
1415534365455659008,...,anger
1389188520170905602,...,anger
1407648433016557568,...,anger
1466027257902809093,...,anger
1469259025783136264,...,anger
1465262041720147970,...,anger
1416808486470668289,...,anger
1466831824819261452,...,anger
1466746005702037505,...,anger
1420516278893166595,...,anger
0,علقوا الدراسة م نبي غير كذا ، الكل خايف ووده يرتاح ويقعد ف بيته مع اهله بعيد عن التشتيت,anger
0,يجب فرض أشد العقوبات على الصبن اقتصاديا وعسكريا لتسببها بانتشار هذا الوباء وبشكل متعمد,anger
1429423707211112450,...,anger
1326293075686289408,...,anger
1368866559050055681,...,anger
1466374790126751750,...,anger
1429696493376659456,...,anger
1288477716728217604,...,anger
0,ملينا من الحضر 24 ساعه بيت دوام المفروض يختبرون يرفعون الحضر اذا ارتفع عدد الوفيات سبب كرونا يحضرون من ثانيه,anger
1430150821199613960,...,anger
1467961796082368515,...,anger
0,انا متضرررررره اكبر ضررر من قرار التعليم عن بعد .. احاسبمين .... التعليم لازم يرجع حضوري او لا يتعلموا .. كده هدر صحه و وقت و مال .. شوفولنا حل,anger
1429696493376659456,...,anger
1466031064338599938,...,anger
 1356544123004739585,...,anger
1423755259739086850,...,anger
1466367016357482502,...,anger
1265901475580043265,...,anger
1466419411800281096,...,anger
1467539451240976391,...,anger
1466408302741446657,...,anger
1467597704729706500,...,anger
1467600750490619913,...,anger
1467480662403952645,...,anger
1467506335076032512,...,anger
1247586381360181250,...,anger
1239950556292091904,...,anger
1368484140354519043,...,anger
1468227981583785986,...,anger
1310974145509851136,...,anger
1318653358610259969,...,anger
1469639129973633034,...,anger
1466521584890527746,...,anger
1359614481295409158,...,anger
1269678971387600898,...,anger
1468268999796576258,...,anger
1469678847310368778,...,anger
0,صح النوم بدري ياوزارة التعليم لو نزلتوا هذا القرار يوم الاختبار في الصباح حسبي الله عليكم,anger
0,متى الابتدائي يرجعون حضوري خلاص زهقنا أصبح يومنا مشلول بسبب وقت الدوام و عدم حماس و جدية الولد للدراسه فقط يحضر و لا يعلم شي بسبب بيئة المكان,anger
0,الى تعليق 2ياكذاب انت معلم عارف الشي هذا التعليم عن بعد الطالب مو فاهم شي قبل الاختبار يحلون من قروبات واتساب انت في الحصه تجلس تقرا تخلصها الدراسه حضوري اهم شي,anger
0,ضاع اليوم كله على الجميع بطريقة يبدا من الساعة ٣ الى ٧ خلوها حضوري الصباح وخلصنا,anger
0,باقي أسبوع والنَّاس ماهي عارفة حضوري أوعن بعد .وهذا خطأ تتحمله الوزارة في المقام الاول,anger
0,الى غير معروف راح نضغطك ضغط في كل خبر عن التعليم عشان تنقهر زيادة والدراسه حضوري,anger
0,موتو بغيضكم ي الحساد المعلمون في راحه عن بعد او حضوري,anger
0,العام كان فيه ناس في تويتر من برا المملكة يطالبون بالدراسة حضوري وكشفوهم السعوديين الابطال كان منهم واحد من العراق كان عامل هاشتاق اشتقنا للمدرسة ترا وكان واضع شعار بما معناه الانتقام من قتلة الحسين.,anger
0,الي يعلق ويلزم ويبي الدراسة حضوري ، انت وش محرق رزك ؟ لا انت عندك اطفال ولا انت معلم ولا لك علاقة بوزارة الصحة او التعليم ، وش تبي انت بالضبط ، حسد في كل شي ؟! لا حول ولا قوة الا بالله العظيم,anger
0,الي مسوي يتفلسف يقول عيالي ماراح يحضرون حضوري خليه يتلزم بالاحترازءت وياخذ اللقاح مايجيه شي باذن الله اذا صدر القرار غصبن عنك تخليه يداوم حضوري ولا فيه حقوق الإنسان راح تمشي القرار من فوق خشمك,anger
0,شفت كيف صدتك طلعت معلم فاشل ماتبي القرار هذا عشان تبي السفر بس راحت عليك تداوم حضوري تاخذ بدل نقل على ايش لك سنتين ماداومت في المدرسه انتهى زمن الدلع,anger
0,ليش اللف والدوران الدراسه حضوري المعلمين والمعلمات لازم ياخذون اللقاح اجباري الموظفين في القطاع الخاص والحكومين والعسكر كل يوم يداومون يعني المدرس والمدرسة على رأسهم ريشه مايداوم حضوري,anger
0,المنصه ثقيله والانتر نت تعبان والطلاب والمعلمين في دهشه ***,anger
0,وفيه ناس في تويتر من خارج المملكة يطالبون بالدراسة حضوري قبحهم الله قسم بالله وجاب خبرهم واحد سعودي وطلعو من العراق كان اسم الهاشتاق اشتقنا للمدرسة ترا كشفو الشباب حشابة طلع رافضي,anger
0,انتم مصدقين تره عن بعد شوف الي يبي حضوري تره ورع ابن ورع يبي يطقع في المكيفات الي يبي حضوري تره طفل 🍼 معليكم ‏تراهم ‏أطفال متوسط ‏مع تحيات وزارة التعليم🥺,anger
0,اخخ شكلي انا وحيده الي معصبه انها عن بعد.....💔..... بس بعد عشر ايام ابتدائي راح ندرس حضوري,anger
0,دحين ناس كتير بي ينجحو كدا وانا تعبت وجبت التاني ع المدرسه والي نايم طول الترم ينجح مقهور الف,anger
0,حسبي الله ونعم الوكيل مانبييي حنا بالفصل وقدامنا المعلمات ما فهمنا وكيف بنفهم عن بعد للعلم حنا عايله كبيره و3 ندرس وبيتنا غرفتين ندرس فوق بعض وجع نشاء الله قدرو ضروف الناس خلونا على درجات الفصل الأول يلعن والديك ي محمد المقبل ربي يقلع وجهك ي تبن,anger
0,ما تفهمون انتو طيب انا راضي ادرس بس علمو استاذ الانقليزي اللغة العربية وجع يوجعه ما فهمت شي انا اول متوسط يعني لا اجيد اللغة الانجليزية بطلاقة 😔💔,anger
0,لو تركتوهم بالمدارس يكون احسن والله ارتاح من هم الزحام لما يكون فيه دراسه وخاصصه وقت الأختبارات يعني من بكره زحام بالشوارع واختلاط ببعض وحوادث وعدم احترام النظام المروري قلق ياريت لو رجعت الدراسه اعطوهم يوم اجازه وكثير عليهم 🙄🖐 وتيتي تيتي متل مارحتي اجيتي ههههههههههههههههہَ هُ˛😂,anger
0,التعليم حضوري ودمج التعليم عن بعد كلام فاضي حصص الفني ومصادر المعلومات. غرفهم غير مؤسسة والمعلمات يعتمدوا ع نت الجوال وتجي وحده من الادارة تتفلسف عن التجهيزات جهزوا مصادر المعلومات ومواد الاختياري وبعدين قيموا,anger
0,يعني ادا مافكرتون فينا احنا الطلاب فكرو في الاباء الي ميزانيتهم مو تمام تخيلو يعطون ولدهم كل يوم مصروف حرفيا القرار مو حلو لا ماديا ولا دينيا ولا نفسيا ولا شي رجعوه حضوري ما قلنا لا بس ثلاث اترام اوفررر مرره🔪,anger
0,الكومنتات الي يبونها عن بعد الحمدلله انها حضوري عشان تعدل املاءك انت وياه,anger
0,وفي النهاية خلونا حضوري وما انتهت الجائحة,anger
0,شفناه التعليم عن بعد حتى بعد جايحه كرونا وهذي السنه حضوري وفوقها ٣ فصول,anger
0,ﷲ ياخذك حس فينا يأخي ٣ ترم هاذي ليش ليشششش ليش وفوق ماهذا تعليم حضوري ﷲ ياخذك نفستي خربت وكله من قرارتك,anger
0,تكفوووون مانبي حضوري يعععع 😤 نبيه عن بعد احسن 😌,anger
0,لا ما ابغى عن بعد نبغى حضوري,anger
0,نبغااا عن بعدد م نبي حضوري عن بعد حلو خلاص ي هو!!,anger
0,المشكله يقول كل اشعب متحمس يبي حضوري جلطني يارجال ذا الوزيرا من بديت الايجازه وهوه منكد علينا في قراراته لاو خلها عن بعد يعني لازم احد يموت بعدين نحطها عن بعد ترا كرونا بتطور,anger
0,مانبغى حضوري يا أخي يليل😡🤦‍♂️,anger
0,حسبي الله ونعم الوكيل فيك ياوزارة التعليم 😡إحنى في كورونا وتخلينا حضوري لا عاد 🤦‍♂️,anger
0,الله ياخذكم مانبغى حضوري نبي عن بعد,anger
0,خييير حضوري ولا زياده ٣ ترم مانبي حضوري تعليم عن بعد اريح لنفسيتنا و لدمغنا و ٣ ترم هاذي الغوهه ماحد موافق على القرار 😡😤,anger
0,الله لا يوفقكم انت والوزير التعليم عشان اخر سنه حضوري اركب عليه,anger
0,ياخي حنا ماحنا دارسين حضوري اذا نبي ندرس ندرس عن بعد بدوون وجعع راس,anger
0,يارببب حضوري لان بطاريه جوالي انعدمت 6مكالمات يوميا والوحده مدتها 45دقيقه وبرضو عيوني تعبو من قوه التركيز في الجوال وفي النهايه مافهمت شي🙂,anger
0,يخرب بيتك حضوري نداوم سنه كامله واليجازه ٣ اسابيع اقل شي خليها عن بعد ولا ولدك نجح ورجعتها حضوري يارب عن بعد ولي يكتبون نرجو عودت المدرسه ترهم مخلصين,anger
0,واللي ما عندهم إنترنت؟ حرام يعني تفكرون الكل اغنياء لازم تراعو شئوون الفقراء شذا بالتاكيد راح نقدر نحافظ على صحتنا وعلى سلامتنا دام عندنا عقول بنفس للصغار وش فايدة المعلمين؟ تكفون خلوا حضوري ما نبي بعد 😕😕,anger
0,وين كلام ما راح يكون اجباري دحين لو ما تاخذه كانك في السجن!!!! حتى مدارس تطعيم ايش فييي؟؟!! ايش صار في موضوع الحرية الشخصية ؟؟؟؟؟ في تناقض رهيببب في الكلام ليش كذا امس مو اجباري التطعيم ويومنا هذا اجباري بس بلف ودوران ما تقدر تدخل اي مكان الا بالتطعيم !!! هذا اسمه اجباري يعني يا نعيش بسجن في البيت يا نروح نتلقح !! والبزران عمر ١٢ ليش ياخذوا اللقاح تراهم بفترة نمووو تدخل مركبة كميائية في اجسامهم!,anger
1455868753112145924,...,anger
1244361673617653765,...,anger
1384560889567789058,...,anger
1456960207662329856,...,anger
1412326883681783808,...,anger
0,ليش حفلات الغناء مفتوح ولا في تباعد وحفلات الاعراس مغلقة تناقض عجيب,anger
0,تراكم جننتونا كل يوم لكم قرار دام الدعوة شهرين فقط عن بعد خلوها حضوري ياخي مافينا نشتري اجهزة حقة منصة وبعدها نشتري مقاضي المدارس والله هلكنا,anger
1242976697470853127,...,anger
1279619115536220160,...,anger
1282233713108058112,...,anger
1284565396566216706,...,anger
1355372487064879104,...,anger
1356215483817713665,...,anger
1367385316303245314,...,anger
1393044992550133763,...,anger
1393968478030282752,...,anger
1399186599288651783,...,anger
1400704315170435073,...,anger
1406231785646657541,...,anger
1408958777148293121,...,anger
1409783275007131651,...,anger
1413500319917563908,...,anger
1419253454044864512,...,anger
1238528036397514755,...,anger
1259670486482550784,...,anger
1399795901112193028,...,anger
1399801997826666504,...,anger
1399860882411241472,...,anger
1399860882411241472,...,anger
1400059630747799554,...,anger
1400299497843052545,...,anger
1400338461471694855,...,anger
1401210029420728332,...,anger
1401952768773046279,...,anger
1408441293869572101,...,anger
1409256869571538952,...,anger
1410554446233444355,...,anger
1412376260697853954,...,anger
1414724166931165185,...,anger
1415528636841660418,...,anger
1416217571032961026,...,anger
1418092300341743619,...,anger
1443046436715827203,...,anger
1450094870580932618,...,anger
1242900708933984259,...,anger
1384845655655567362,...,anger
1393992450549686279,...,anger
1395327178179551238,...,anger
1397873877502595072,...,anger
1409843936206548998,...,anger
1412160987885674497,...,anger
1422233442863943683,...,anger
1116659023359746048,...,anger
1247918102031085570,...,anger
1389462947689377794,...,anger
1419406432059920393,...,anger
922127607168208896,...,anger
1067388231803723776,...,anger
1146417761989607424,...,anger
1188553622256345088,...,anger
1194324363874578433,...,anger
1196585577946271745,...,anger
1227837406361112577,...,anger
1238072104794443777,...,anger
1238526133391495168,...,anger
1241359744578838529,...,anger
1244361673617653765,...,anger
1245392568071979011,...,anger
1246514422027292678,...,anger
1247268929485103104,...,anger
1252238068712644610,...,anger
1260257121557516290,...,anger
1261198690120798208,...,anger
1265073096526102530,...,anger
1268574051112493058,...,anger
1268791657396396034,...,anger
1274684609360539648,...,anger
1287116363652358144,...,anger
1292820225499574273,...,anger
1297002782113894401,...,anger
1302831332083617795,...,anger
1311612789212033025,...,anger
1313615533175197697,...,anger
1314361191691624448,...,anger
1314505400419483648,...,anger
1314613161300054018,...,anger
1331872900903817221,...,anger
1346875264626806786,...,anger
1348303417417068546,...,anger
1349293637771939840,...,anger
1362852480648941572,...,anger
1368517917348888577,...,anger
1368999767582326787,...,anger
1379505264618004490,...,anger
1379505369240719360,...,anger
1382444839372009475,...,anger
1382453574672744449,...,anger
1384013463022751750,...,anger
1384582848359903233,...,anger
1385585350974771203,...,anger
1387516418485334017,...,anger
1391075841925332992,...,anger
1394340659469955072,...,anger
1397615407746400261,...,anger
1398352440177668096,...,anger
1398758803668180994,...,anger
1400180479920324609,...,anger
1400491821227257864,...,anger
1400889225856356361,...,anger
1401571798983053324,...,anger
1403323656219078662,...,anger
1403505318060036097,...,anger
1403865071600668673,...,anger
1404885725955379208,...,anger
1406205597079334919,...,anger
1406679698302775305,...,anger
1406749213191512064,...,anger
1406781494102745096,...,anger
1407888366386008066,...,anger
1408064684264071173,...,anger
1408097157043924995,...,anger
1411595190142439424,...,anger
1411695901324816391,...,anger
1412024885648543755,...,anger
1412052458067668992,...,anger
1412177958119350277,...,anger
1412514910203006980,...,anger
1412842940892913666,...,anger
1412964024527036422,...,anger
1413260344143851524,...,anger
1413546879124746247,...,anger
1413849130204598281,...,anger
1413882419774586880,...,anger
1413962796048556035,...,anger
1414135988771827715,...,anger
1414158193299755010,...,anger
1414612314918199303,...,anger
1415007334141677576,...,anger
1419050400787881984,...,anger
1419346722124402692,...,anger
1419430592442208258,...,anger
1419550738288717825,...,anger
1419632744750014468,...,anger
1429515542864580609,...,anger
1433294385450520582,...,anger
1444638615808655367,...,anger
1445980552973242368,...,anger
1455625991724965888,...,anger
1455682840180502537,...,anger
1455824221943304195,...,anger
1456960207662329856,...,anger
0,حسبي الله ونعم الوكيل عشان يبي بنته تروح المدرسه مافكر في كبار السن الي عندي في البيت اعمارهم فوق٨٠ عيالنا مايختلطون با احد في المزرعه والا في البيت من بدت كرونا عشان جدانهم والان نضحي فيهم بلاش دراسه,anger
0,اصابتهم نادرة فهمناها السوآل هل البشر ينقلون العدوى حتى لو لم يصابوا بها اجيبوا يامتعلمين يابتوع المدارس,anger
1403323656219078662,...,anger
1466761020127461381,...,anticipation
1466476405810683904,...,anticipation
1466027258641096706,...,anticipation
1465753583266246668,...,anticipation
1465775457098514435,...,anticipation
1464936119842258960,...,anticipation
1438252492802994180,...,anticipation
0,الله يحفظنا ويحفظ مملكتنا ويحفظ المسلمين من كل مكروه اعرفها البدايه هذي 🙂💔,anticipation
0,الله يحفض اخواننا في السعوديه الله يكفيكم شره وانشاء الله ماتشوفو شر 💜,anticipation
0,اللهم إني أعوذ بك من البرص والجنون والجذام ومن سيئ الأسقام,anticipation
0,كانت ايام عصيبه الله يبعد الوباء والبلاء,anticipation
0,الله يرفع الوباء يارب عنا وعن بلاد المسلمين,anticipation
0,الجرعة الثالثه جايه😂,anticipation
1467489913792774144,...,anticipation
1465999728030666756,...,anticipation
1466028205765234707,...,anticipation
1467476173882109954,...,anticipation
0,مرحبا بالمتحور الجديد اوميكرون فانتظار متحورون جدد ان شاء الله,anticipation
0,ممكن شرح لنا اصابة الاطفال بهاد الفيروس وكيف يمكن التعامل معهم ومدى تاثير هاد المرض عليهم!,anticipation
0,اخذته انا امس احس بصداع وحمى والم في المفاصل وبرد داخل جسمي كم الفترة وتروح؟,anticipation
0,هل اللقاح يخلص وقته يعني او يبقى كل العمر في الجسم؟,anticipation
0,السؤال متى تعود الحياه كما كانت حسب كلامكم بعد اي جرعه بالضبط خلوكم صريحين وواضحين,anticipation
0,متى سيتوفر لقاح فايزر للجرعة الثانية؟,anticipation
0,متى تعود الحياه لطبيعتها وبدون كمامة,anticipation
0,يأها السعوديه هل مسموح للي اخذ ثلاث جرعات من سينوفارم اللقاح الصيني الدخول للمملكه,anticipation
0,الجرعه الثالثه تحتاج حجز موعد ولا اروح كذا,anticipation
0,متى سنعود الى الوضع الطبيعي بدون اشتراط ابراز توكلنا لإثبات اخذ اللقاح؟ وصلنا الحصانه المجتمعيه ولكن لم تعد الامور كما كنا موعودين؟,anticipation
0,ممكن سؤال اللي اخذوا الجرعه الثانيه؟ متي يطلع محصن في توكلنا؟,anticipation
1467970529424510979,...,anticipation
1467955161872179202,...,anticipation
1467955030594670601,...,anticipation
1468639461139431435,...,anticipation
1466753964716834817,...,anticipation
1401667597201035264,...,anticipation
1326115948030537729,...,anticipation
1463532052368838663,...,anticipation
1292078705079181312,...,anticipation
1394952323781251074,...,anticipation
1293983423548329988,...,anticipation
1467830498928046081,...,anticipation
1304851477857472512,...,anticipation
1240005397647429632,...,anticipation
1431739130703224833,...,anticipation
1270064140481110017,...,anticipation
1243456590163951616,...,anticipation
1465963551521222658,...,anticipation
1465585235748343813,...,anticipation
1466138428723056640,...,anticipation
1285917845805826050,...,anticipation
1285919919150977025,...,anticipation
1243510643166248960,...,anticipation
1374341929375309826,...,anticipation
1469211516104851459,...,anticipation
1426497075865395205,...,anticipation
1358441991256879104,...,anticipation
1294898130996142081,...,anticipation
1255164000511369218,...,anticipation
1252573910387896321,...,anticipation
1251257636537974784,...,anticipation
1242273601379864576,...,anticipation
1298298052109840384,...,anticipation
1238967186288410624,...,anticipation
1232247915080491008,...,anticipation
1420340372249645059,...,anticipation
1242273601379864576,...,anticipation
1407735022770081796,...,anticipation
1415017560588922880,...,anticipation
0,متى تنتهي كورونا اشتقت اعطس ع راحتي,anticipation
0,اتوقع حتى بعد كورونا الناس بيكملون عالكمامه,anticipation
0,وش بيطلع بتوكلنا الجرعه الثالثه ؟,anticipation
1466818215703687185,...,anticipation
1466073096679526402,...,anticipation
0,متى تُصبح الجرعة الثانية غير كافية لجسدك؟,anticipation
1465999379639242752,...,anticipation
1466005261953417218,...,anticipation
1467587731626905611,...,anticipation
1467669106128310279,...,anticipation
1467324583825002502,...,anticipation
1467436932036796416,...,anticipation
1466841686957563910,...,anticipation
1467827673560928261,...,anticipation
0,الله يبعد عننا كورونا ويشفي مرضى كورونا ويرحم موتى كورونا وجميع المسلمين يارب,anticipation
0,اجراءات جديدة في فرنسا للحد من انتشار فيروس كورونا.. ماهي؟!,anticipation
0,حالياً لا داعي للهلع من المتحور الجديد لفيروس كورونا إليكم السبب…,anticipation
1279121285646299141,...,anticipation
1469275771189575682,...,anticipation
1270516712232927234,...,anticipation
1366106151432126471,...,anticipation
1306417510242234370,...,anticipation
1413891390698934279,...,anticipation
1466024192990715913,...,anticipation
1262058245880975360,...,anticipation
0,دكتور، انا من اربعة شهور ونصف تعافيت، ولكن ما زلت اعاني من اعراض ضيق النفس والصداع وتنميل والام بالأطراف، هل هناك أمل أن تختفي هذه الاعراض تماما؟,anticipation
1309553254808907777,...,anticipation
1465755811163090947,...,anticipation
1249738269023186944,...,anticipation
1465978168943206403,...,anticipation
1422484622039035904,...,anticipation
1466422134142640131,...,anticipation
1435819135120904193,...,anticipation
1429203162389434375,...,anticipation
1429143146710159360,...,anticipation
1242420813048971264,...,anticipation
1469799656087425025,...,anticipation
1441732189201133575,...,anticipation
0,ماهي الطرق البسيطة لمنع انتشار (COVID-19) في أماكن العمل؟,anticipation
1357152100304707584,...,anticipation
1411293708612366336,...,anticipation
1251155648567369728,...,anticipation
1265654666421026818,...,anticipation
1435547702394228738,...,anticipation
1337856508969803778,...,anticipation
1455838252519337985,...,anticipation
1401271318725730310,...,anticipation
1275828962833416192,...,anticipation
1256450670653329413,...,anticipation
1390670421738065922,...,anticipation
1390712692437028868,...,anticipation
1339550731305701377,...,anticipation
635957154495631361,...,anticipation
1466785006060191748,...,anticipation
1407086805913161728,...,anticipation
1261148207331106816,...,anticipation
1409291224759115791,...,anticipation
1330884796583727104,...,anticipation
1465976595617832961,...,anticipation
1467500848913731587,...,anticipation
0,1انقسام اوروبي حول استخدام اللقاح وترقب النتائج,anticipation
0,جدل في فرنسا حول الزامية التطعيم ضد فايروس كورونا,anticipation
0,ارتفاع اصابات كورونا وترقب القرارات,anticipation
0,ترقب في فرنسا بعد ظهور سلالة جديدة من فايروس كورونا,anticipation
0,ترقب لتمديد او انتهاء الاجراءات الاحترازيه في السعوديه,anticipation
0,متحورات كورونا ستكون كثيره في الفتره المقبله,anticipation
0,تلغي ٥٠٠ رحله جويه بسبب تفشي فايروس كورونا,anticipation
0,الصحه تتوقع موجه رابعة لكورونا في الاشهر المقبله,anticipation
0,بدء تزايد اصابات كورونا في افريقيا,anticipation
1467270543783124995,...,anticipation
1469035720958480390,...,anticipation
1466930477848272904,...,anticipation
1465992905751945221,...,anticipation
1467960231770603534,...,anticipation
1466903806701092867,...,anticipation
1464678242724503560,...,anticipation
1466713670650580997,...,anticipation
1341709249026674689,...,anticipation
1411666647509778441,...,anticipation
1466030917516943366,...,anticipation
1288140024882626560,...,anticipation
1340241681115955201,...,anticipation
0,وربي بكييت😭😭😭💔. يارب تعدي هالأزمة على خير ويجي رمضان والمساجد مليانه بالمصلين ❤,anticipation
1419777038836187138,...,anticipation
1277509781008404480,...,anticipation
0,نريد ان نتناسى كورونا! ل اخراج المواطنيين من حالة الترقب والخوف !,anticipation
0,{ إِنَّكَ مَيِّتٌ وَإِنَّهُمْ مَّيِّتُونَ } #كورونا مرض أصاب برامج التواصل قبل البشر ..,anticipation
0,ترقب عالمي للنتائج .. سباق لقاح #كورونا يمر من #الإمارات,anticipation
0,العالم يعيش حالة ترقب,anticipation
0,دول أوروبية تخفف إجراءات العزل لديها وسط ترقب في الدول الأكثر تضرراً من فيروس #كورونا,anticipation
0,في زمن الوباء.. قلق.. تباعد.. عزلة.. ترقب.. وتفاؤل بحذر,anticipation
0,ترقب لكلمة ترمب واحتمال إعلان الطوارئ الوطنية بسبب #كورونا,anticipation
0,نتائج مبشرة.. ترقب في مصر لدواء محلي لعلاج كورونا,anticipation
0,مجرد فيروس ارعب العالم كله مابلك اذا أشرقت الشمس مع مغربها,anticipation
0,متى تكون الحلقة الاخيرة لهذا المسلسل 🤣🤣🤣🤣🤣 ملينا منه,anticipation
0,لا بد من حظر بسرعه,anticipation
0,حنا في زمان الابتلاءات الامراض الفتن يا رب العالمين الفرج منك انت القادر على كل شيء الله يحمي بلدنا,anticipation
0,مثير للقلق هي جرعات كرونا اللتي ليس لها فائده ولا مواطن محصن بكامل الجرعات,anticipation
0,بدو اننا لن نخلص من هذه المتحورات على الاطلاق وسيضهر متحور تلو الاخر,anticipation
1466010544427749379,...,anticipation
1466247419381882884,...,anticipation
1468827695110713347,...,anticipation
1469891668321218565,...,anticipation
1455536471860031489,...,anticipation
1469630387106291713,...,anticipation
1437714906732802052,...,anticipation
1468703834117742601,...,anticipation
1466035510032412681,...,anticipation
0,لو سمحتو وزارة الصحة متى تخلص كورنا الله يكفنا شرها ونبقى شلمين غانمين,anticipation
1467411207883833354,...,anticipation
1467873881830694914,...,anticipation
1401646277104971777,...,anticipation
1391385239684067329,...,anticipation
1466697522521554947,...,anticipation
1468977987299295235,...,anticipation
1468215918127947776,...,anticipation
0,لا شي يحمي من تطورات الفايروس المزيد قادم وراح يكون صعب من دلتا وغيرها.,anticipation
0,ستموت أعداد هائلة من البشر باختلاف السلالات وها نحن وصلنا الان الى (الكرونا سبعه ) والفطر الاسود مقبل بالطريق .,anticipation
1467817072214298625,...,anticipation
1432284060999692291,...,anticipation
1258111769027006465,...,anticipation
1249013313054429191,...,anticipation
1261170744073035778,...,anticipation
1263414312938475530,...,anticipation
1238879540128231424,...,anticipation
1301688247677071360,...,anticipation
1465984846208110593,...,anticipation
1466837910351761410,...,anticipation
1433046060000288778,...,anticipation
1463863881349091333,...,anticipation
1464026199957688322,...,anticipation
1400068520235446277,...,anticipation
1400795518100455424,...,anticipation
1468499841256865792,...,anticipation
1332708024692187136,...,anticipation
1342461451668230144,...,anticipation
1285771548192907266,...,anticipation
1316334575019266048,...,anticipation
1399507917011836932,...,anticipation
1418866388224069632,...,anticipation
1466601046688473095,...,anticipation
1391029153722417154,...,anticipation
0,تحصنت بذي العزة، واعتصمت برب الملكوت ، وتوكلت على الحي الذي لايموت ، اللهم اصرف عنا هذا الوباء ، وقنا شر الداء ، ونجنا من الطعن والطاهون والبلاء ، بلطفك يالطيف ، انك على كل شيء قدير,anticipation
1416849078030409731,...,anticipation
1280351288316870656,...,anticipation
1430193371340021766,...,anticipation
1274466127251464194,...,anticipation
1296623551756275712,...,anticipation
1289650267563073537,...,anticipation
1289212378488463362,...,anticipation
1242900909597896709,...,anticipation
0,فيروس كورونا بيضعف يوم بعد يوم هانت التزموا بالتعليمات قربت وهانت,anticipation
0,يارب يا دكتور تعدى السنه ديه على خير وتخلص ويخلص الفيروس معها على خير يارب😊,anticipation
0,خلاص ع وشك الانتهاء هاذا الفايروس هم وبينزاح بأذن الله تعالى ♥ 👍,anticipation
0,باذن الله سبحانه فايروس كورونا سيزول من كل شعوب لعالم قريبا يالله🤲😓,anticipation
0,باذن الله في الصيف يزول وباء كورونا يالله,anticipation
1467464407089299461,...,anticipation
1253768307691474945,...,anticipation
1468645612837031946,...,anticipation
1434187740359364609,...,anticipation
1466838840526749704,...,anticipation
1302037452383834113,...,anticipation
1466038712194772995,...,anticipation
1292348988289626113,...,anticipation
0,حسنا كيف تكون الاصابه خفيفه أو شديده. هل بقوه الفايروس. أم بضعف المناعه. هل الفيروس أنواع ضعيفه وأخرى قويه. أم هو نفس الفايروس.,anticipation
0,دكتور الله يوفقكم اذا امكن سؤال هل القاح امن لاصحاب مرض الربو,anticipation
1441750027022520320,...,anticipation
1244601079653949440,...,anticipation
1414422212761825282,...,anticipation
1398821128328593414,...,anticipation
1381323811556065287,...,anticipation
1411989622092075012,...,anticipation
1428030418796826637,...,anticipation
1449069387877691393,...,anticipation
1248663051064291329,...,anticipation
1243882246160949248,...,anticipation
1308057162925694979,...,anticipation
1354864692683022341,...,anticipation
1424370629625647106,...,anticipation
0,#عاجل العالم في ترقب لإطلاق اختبار يميز بين #كورونا و #الإنفلونزا,anticipation
1271770410208690178,...,anticipation
1243514432975769601,...,anticipation
1297759811136880640,...,anticipation
1439365362802376705,...,anticipation
1416151129298292736,...,anticipation
1301795062314143745,...,anticipation
1467217953288601600,...,anticipation
1465960289380229122,...,anticipation
1464677537703809030,...,anticipation
1465975263112704001,...,anticipation
1464546900158341121,...,anticipation
1452879196062113799,...,anticipation
1432076607192248331,...,anticipation
1455872731644407814,...,anticipation
1443161996535418885,...,anticipation
1383863215617036296,...,anticipation
1247423262809894913,...,anticipation
1300895299800530945,...,anticipation
1260603685777944576,...,anticipation
1342461451668230144,...,anticipation
1466338401561497606,...,anticipation
1465273293032804361,...,anticipation
1309531917193281536,...,anticipation
1414730741884366848,...,anticipation
0,المفروض يقفلون المطارات خارج المملكة ويطبقون الحضر قبل لا ينتشر,anticipation
1355923024038539266,...,anticipation
1270004988698378241,...,anticipation
1467170824213958656,...,anticipation
1466841252545114122,...,anticipation
1466063567233368070,...,anticipation
1243917195106795521,...,anticipation
1440239831670394881,...,anticipation
1437814999183937542,...,anticipation
1465752734557249548,...,anticipation
1411688839668801543,...,anticipation
1398019687276023808,...,anticipation
1448561091680870401,...,anticipation
1364628690655727630,...,anticipation
1281058647838208000,...,anticipation
1467539451240976391,...,anticipation
1441380646421630976,...,anticipation
1441380646421630976,...,anticipation
1429059458819403782,...,anticipation
0,كيف تخدم وزارة الصحة ذوي الإعاقة؟,anticipation
1466513102028091392,...,anticipation
1465986123990290442,...,anticipation
1444655340490997760,...,anticipation
1444657461324025859,...,anticipation
1444667370300223492,...,anticipation
1444686854662594566,...,anticipation
1467989827274657798,...,anticipation
1467842975027941386,...,anticipation
1466127946121465857,...,anticipation
1465262851292028928,...,anticipation
1356881776120061955,...,anticipation
1419369141585293314,...,anticipation
1236389218286473216,...,anticipation
1464873363428552707,...,anticipation
1466793907157704705,...,anticipation
1467934114162647044,...,anticipation
1464453323059343361,...,anticipation
1466813098543697922,...,anticipation
1468696883908554760,...,anticipation
1467222548429656076,...,anticipation
1297283115245805568,...,anticipation
1468561425404776448,...,anticipation
1263413900898373637,...,anticipation
1314514875218112512,...,anticipation
1468723201165479941,...,anticipation
1348042958285770754,...,anticipation
0,اللهم ارفع عنا هذا الوباء يارب🙏🙏🙏🙏🙏🙏🙏♥ ♥ ♥ ♥ ♥ ♥ ♥,anticipation
0,انا فيني كرونا وباقيلي كم يوم وتشافى انشالله الحمدالله على كل حال المرض جاني من خويي,anticipation
1462012856103149569,...,anticipation
1460551594362253312,...,anticipation
0,وضعي حاليًا مرحلة ترقب اعراض كرونا 💔😭,anticipation
0,لعلم عند ألله العلي العظيم . ننتظر ونشوف إيش نهاية قصة كورونا .😔😔😔,anticipation
0,يترقب السوريون في المناطق الخاضعة لسيطرة المعارضة في شمالي البلاد وصول اللقاح المضاد لفيروس كورونا، وتواصل الحكومة المؤقتة بشمالي البلاد مشاوراتها مع الدول المانحة لتأمين اللقاح بأعداد كافية.,anticipation
0,الله يكفيهم شر كرونا وشر اللقاح,anticipation
0,التجربه الثالثه ياأستاذ لم يعطى الى الفايروس بعد الان فقط اجسام مضادة المعركه بدئت الان يؤخذ الاجسام المضادة هل تنجح مع قتل الفايروس الحقيقي ام لاتنفع,anticipation
0,الله يكفينا شره وشركم يا وزاره الصحه,anticipation
1469793089879425025,...,anticipation
1469778022576316417,...,anticipation
nan,هم السابقون و نحن اللاحقون. الإجراءات قادمة فاستعدوا.,anticipation
0,متحمسة لليوم اللي نرجع مثل أول وينتهي كورونا,anticipation
1469725936279035908,...,anticipation
1469627655108579333,...,anticipation
1469634750025449475,...,anticipation
1469797023759179779,...,anticipation
1469836762809831424,...,anticipation
1465262843801055232,...,anticipation
0,كيف تفشي الفيروس بهذه السرعة والحجم في اوربا بالذات لوكان اللقاحات كان لهم مفعول وقائي حقيقه سوال يطرح نفسه؟,anticipation
1410862126659481603,...,anticipation
1467907473814216707,...,anticipation
0,شكرا دكتور زوجي عندو كورونا بنسبه 25/100واخذ علاج وعند عشرة ايام وهو في العزل هل خلاص كمل المدة ام لا,anticipation
0,دكتور جزاك الله خيرا انا انسي الوجي واوديلوالاكل وبدون مالبس كمامه وحاليا عندي حكه وحركة بل البلعوم بهذي الحاله ايش اسوي,anticipation
0,اذا كان الاكسجين 94عادي والا لا,anticipation
0,كان عندي كل اعراض الكورونا والحمدلله خفيت بس حاسة الشم والتذوق لسة شوية كذا بقالي اسبوع اقدر اخرج من العزل ولا متي ؟,anticipation
0,دكتور انا مصاب بكورونا ولي 18 يوم ومازالت الكحة موجودة هل خلاص اخرج من العزل او لالازم تختفي؟,anticipation
1466978870524006402,...,anticipation
1464444600756711431,...,anticipation
1363386758575099906,...,anticipation
1322994679735066625,...,anticipation
1276588158877138946,...,anticipation
1258182586528083970,...,anticipation
1465744595543752705,...,anticipation
1389409909838696449,...,anticipation
1292436959542026241,...,anticipation
1407491002944851970,...,anticipation
1273508148708548611,...,anticipation
1364687857554624514,...,anticipation
1469728691605282816,...,anticipation
1469595813051449348,...,anticipation
1469639235741401090,...,anticipation
1468507492955136003,...,anticipation
1467302230348939265,...,anticipation
1469606324132466690,...,anticipation
1469741676218535941,...,anticipation
1469645070538358786,...,anticipation
1467418742418292752,...,anticipation
1469738778860400644,...,anticipation
1466024327640453120,...,anticipation
1465628331005595650,...,anticipation
1465189420844392449,...,anticipation
1469378479468724228,...,anticipation
1469274314486779912,...,anticipation
0,عندي شهادة من الله هذا فيروس جاء بذنوب ويذهب ان شاء الله بتوبة ووعد الله حق لاتقلق من هم دنيا اقلق من هم الاخرة,anticipation
1370832033388269571,...,anticipation
1340804015152611329,...,anticipation
1275134323394568192,...,anticipation
1308112228026126342,...,anticipation
1274837284521738240,...,anticipation
1296196531075325954,...,anticipation
1249178959801131016,...,anticipation
1269907740392148992,...,anticipation
0,والله اتشوف تجمعات الناس في صالات الزواج والاستراحات وعدم مبالاتهم بهذا المرض الخطير تتوقع حصول كارثة الله يستر من الجاي,anticipation
0,نحن مقبلين على كارثة بكل ما تعنيه الكلمة كثير من المقيمين والمواطنين مستهترين ولا رادع لهم وبعد ٤ شوال ستظهر الكارثة الحقيقية,anticipation
0,والله اني كنت متوقع كذا,anticipation
0,حظهم. متى نطعم ونرتاح من قلق فيروس كرونا. نبى نطعم. لو ندفع. اهم شى حياة الانسان,anticipation
0,الي يقول ابتعد عن التجمعات والبس الكمام وتعقيم الآيدي هذا هو العلاج هذا الكلام غير صحيح العالم يبحث عن علاج او تطعيم يخلصهم من هذا الوباء واحترازاته التي ليست بالحل الجذري الناس تبحث عن تطعيم مظمون,anticipation
0,باقي ٦ ايام علي حضر التجول الله يستر اتوقع يكون هناك تمديد ٢١ اخري او حتي اشعار اخر,anticipation
0,يتبع الفيروس الموجود الان يجميع بين الخصائص للفايروسات وكذلك بعض خصائص البكترياء من حيث مدة بقائه واتوقع ان يطلق الجيل الثاني منه والذي سوف يكون اشد فتكا منه بدليل انه يروج انه تحور الفيروس وتطور يتبع,anticipation
1411946986991935494,...,anticipation
1339432529141575681,...,anticipation
1419636561621225475,...,anticipation
1405976580451667971,...,anticipation
1419340058126073857,...,anticipation
1277062547649122304,...,anticipation
1411168906128015361,...,anticipation
1455852542324260870,...,anticipation
1252701093525630979,...,anticipation
1419422196523585536,...,anticipation
1309824386048962566,...,anticipation
1309130468189761538,...,anticipation
1309553254808907777,...,anticipation
1406692967772004360,...,anticipation
1403951606127755266,...,anticipation
1404737914295046146,...,anticipation
1240686837187805185,...,anticipation
1408588700028751876,...,anticipation
1300517512262619142,...,anticipation
1412811007966253058,...,anticipation
1355875321891975171,...,anticipation
1355875568110227460,...,anticipation
1413963291529986062,...,anticipation
1404136512988536832,...,anticipation
1238812565892993028,...,anticipation
1333795537980510217,...,anticipation
1247573304560570372,...,anticipation
1398300033871667206,...,anticipation
1254210909557440512,...,anticipation
1407636395708014592,...,anticipation
1417267873236541446,...,anticipation
1251131318634795013,...,anticipation
1410579174796972034,...,anticipation
1418302001826435073,...,anticipation
1251954868832649216,...,anticipation
1455546545546334230,...,anticipation
1337000357730381825,...,anticipation
1270632971201130496,...,anticipation
1331821410663194624,...,anticipation
1374736780927307781,...,anticipation
1271693376270872576,...,anticipation
1248547638393348098,...,anticipation
0,البرنامج عليه ضغط مو طبيعي بينفجر هههههههههههههههههههه الله يسهل الامور,anticipation
0,اتوقع ان مجهود وزارة الصحه سيكون هيائاً منبثاء,anticipation
0,لو سمحت انا لي يوم اتوقع مسجله تابع وقال ب انتظار الموافقه ?,anticipation
0,الله يطول في عمر إيل سعود ويطول في عمرك يادكتور عبد العالي نرجو من الله ثم منكم طالعو أهل المدن كلهم بيعدون أهل الديره والزحمه والباقايل زحمه ع كذا بيتعدوا وينتشر الوبا بين إلى متعافي والي تعبان,anticipation
0,اتوقع راح ندرس على تيمز,anticipation
0,لي 3 شهور اتعب حشان اجيب شهادة تعبت حشان اجيب ممتاز يعني سنه قادمه عن بعد,anticipation
0,اتوقع بعد فتره يصير في عقوبه لكل احد ما ياخذ لقاح لحين ممنوع دخول مراكز تجاريه ا والمستشفيات الا لمن اخذ لقاح بوركت جهودكم,anticipation
0,انا واجهتني مشكلة وتواصلت اكثر من أربع مرات ويتم التبليغ عن الإشكال ولكن بدون حل … برنامج اكثر من رائع لكن لا بد من إيجاد حلول سريعة لأي اشكال ..,anticipation
0,اتوقع بتكون الثالثة ثابتة يعني بنفنقش,anticipation
0,يالله كانت ايام عجاف لك الحمد ربي ولك الشكر بوسع رحمتك وحنانك وثائقي معبر رائع جددددا حرك مشاعرنا اخ يارب عقبال ماتفتح الروضة الشريفة وتبتل عروقنا بريحتها الزكية والصلاة فيها والسلام عن قرب على خير البشر عليه الصلاة والسلام 😭😭❤️❤️,anticipation
1411814265456107520,...,anticipation
1414721396467544067,...,anticipation
1411798334281551872,...,anticipation
1427456592883163141,...,anticipation
1402624744638369794,...,anticipation
1466136214810116106,...,anticipation
1466399926397685761,...,anticipation
1346116353577648129,...,anticipation
1346115918372499456,...,anticipation
1467964580068577280,...,anticipation
1467879451707027460,...,anticipation
1266242684164820992,...,anticipation
1308874468324970497,...,anticipation
1466752152974540809,...,anticipation
1345265641775898624,...,anticipation
1242723268643168258,...,anticipation
1466818215703687185,...,anticipation
1466818215703687185,...,anticipation
1467673426940809221,...,anticipation
1252452886375735298,...,anticipation
0,الله اخليك دكتور بعد التعافي من كرونا اعاني من الارق المستمر ما الحل هل سيزول مع الوقت ام سأضطر الى المنومات فقد تعبت جدا ولا اريد استعمال ادوية مخدرة لانني ابدأ دوام عملي في الثامنة صباحا,anticipation
1428351310319951883,...,anticipation
1422281903483375619,...,anticipation
1238865061105598465,...,anticipation
1237570962888900608,...,anticipation
1449472339079467008,...,anticipation
1431695149642436611,...,anticipation
1243081518379081728,...,anticipation
1267322098579582976,...,anticipation
1241916768567857153,...,anticipation
1450307837637402624,...,anticipation
0,السعودية تعلق العمره للمواطنين والمقيمين مؤقتا بسبب الفايروس,anticipation
1245066922816876545,...,anticipation
1469337403588591622,...,anticipation
1240660180330622981,...,anticipation
0,في النهاية يجيك واحد اهبل ويقول كورونا مش مؤامرة !,anticipation
0,انا قلقة من ارتففاع الاسعار وزيادة البطالة وبعدنا عن الدين,anticipation
1466076032008699910,...,anticipation
1430146691378917378,...,anticipation
1400073204316741633,...,anticipation
0,نبغى تعليق دراسه,anticipation
1255152221290762240,...,anticipation
1340614787085033472,...,anticipation
1236032545952870400,...,anticipation
1348846775629721601,...,anticipation
0,والله احسن شي انهم الدراسه تكون عن بعد حتى نهاية الترم للحفاظ على الطلاب والطالبات والمعلمين والمعلمات,anticipation
1441750240927883266,...,anticipation
1302241157284589568,...,anticipation
1359850308030062593,...,anticipation
1431573806246735872,...,anticipation
1465901472160358400,...,anticipation
1340367664531857409,...,anticipation
1464259442590035979,...,anticipation
1460606187704102913,...,anticipation
1466141148272107522,...,anticipation
1462085345475018755,...,anticipation
1262437620048711682,...,anticipation
1430599480013987840,...,anticipation
1240344953756270594,...,anticipation
1467834176984391682,...,anticipation
0,الأمل بقرب التوصل إلى لقاح لفيروس كورونا يعززه اليوم إعلان جامعة أكسفورد نتائج التجارب السريرية للقاح الذي تعمل عليه، ولكن في انتظار المراحل الأخرى للتجارب... بانتظار صدور النتائج اليوم...,anticipation
1366039291739144203,...,anticipation
1422259653233324033,...,anticipation
1426901607858454529,...,anticipation
1430056254639157277,...,anticipation
0,الله يكفينا شركم ٣٦ طالب في الفصل لا والله خلوهم دوام مدمج حضوري وعن بعد ولا تحشرونهم على بعض اما المعلمين انتم ادرى بهم ركزو على التحصيل وليس على غيره وياليت يستمر النظام خفت زحمه الشوارع,anticipation
0,طيب وزارة الصحه تسجل لهم مواعيد إلكترونية كل واحد يروح في موعده ياخذ اللقاح وترجع الدراسه حضوري بنسبة 100%,anticipation
0,الى تعليق 32 يامعلم راح ترجع حضوري مسأله وقت فقط يتم اخذ اللقاح راح يرجعون الكل حضوري خلاص تكفي سنتين وأربع شهور انت عن بعد بعدها تخرج كل يوم في مكان تتجمع يون قالو حضوري صحت من الاطفال,anticipation
0,الغاء التعليم عن بعد وعودة الدراسه حضوري اهم شي راح تخف التجمعات والحالات بعد المنصه الزحمه تكثر في كل مكان والتجمعات وش فايدة الدراسه عن بعد,anticipation
0,99.99 عن بُعد 0.1 حضوري,anticipation
0,السنة 3 فصول ياليت تبدأ الدراسة الفعلية في الفصل الثاني والثالث والفصل الاول يستكمل فية الجرعات ويكون تجريبي حضوري وعن بعد لمن يرغب في ذلك,anticipation
0,اهم شي يرجعون حضوري و يخصص لهم ساعات او ايام كتعويض عن ما فات من دروس,anticipation
0,ياخي الغي التعليم عن بعد كل الموظفين في الشركات والموظفين الحكومين يداوم حضوري مافي الا كل خير,anticipation
0,الأحد القادم الدراسة حضوري للمتوسطة و الثانوية و بإذن الله ١٠/٣٠ ميلادي حضوري للإبتدائية و الحمد لله على رجوع الحياة إلى طبيعتها نوم في الليل و دوام و دراسة في النهار ولا عزاء لخونة الداخل,anticipation
0,الاحد الجاي ان شاء الله الدراسه حضوري,anticipation
0,خلوهم حضوري في جميع المراحل لأن عن بعد يفتح المنصة و ينام او يكشت او يسافر لكن الحضوري لو نام بالفصل المدرس يصحيه و ينبهه و اذا كشت او سافر يعتبر غياب,anticipation
0,الدراسه حضوري مهمه جدا عشان لااحد يزعجكم ولدي مااختبر ولدي ماراح ولدي ماقدر يدخل بسبب الانترنت الكل ياخذ جرعتين يداوم في كل الاماكن الناس تداوم حضوري,anticipation
0,معلمي و طلاب الإبتدائي لا يون كثير بالتعليم عن بعد لأنه بعد ١٠/٣٠ ميلادي راح يكون حضوري بإذن الله أو وصول المحصنين إلى ٧٠٪ أيهما يسبق راح يكون التعليم حضوري,anticipation
0,الدراسه حضوري انسب الابتدائي لان المناهج صعبا وما رح يفهمون اذا ضلت عن بعد ان شالله يرجعو يدامون حضورين عن قريب,anticipation
0,الدراسة حضوري افضل لجميع الطلاب وارجوا ان تكون حضوري بدل ضياع الوقت لهم وعدم الفهم,anticipation
0,نطالب الدراسه حضوري بنسبه 100%,anticipation
0,الدراسه حضوري افضل حل تخف التجمعات والزحمه الكل يكون حضوري بنسبه 100%,anticipation
0,اصلا كيف يفهم عن بعد وانت تبيه يختبر في المدرسه يا تكون الدراسه عن بعد دراسه واختبارات والا حضوري دراسه واختبارات.,anticipation
0,الناس في إيش والبعض يطقطق على الدراسة مع أني أبي الدراسة حضوري بس لا بد من التعقل وعدم الاستعجال,anticipation
0,طيب في حال كان التعليم حضوري كيف وضع التباعد في باصات نقل الطلبه وتعلمون ان نقل الطلبه اغلبهم عن طريق باصات خاصه لايطبق التباعد ارا ان يكون التعليم عن بعد حتى تنتهي هذه الجائحه لكي لانهدم ماتم,anticipation
0,نطالب بالدراسه حضوري والكل ياخذ اللقاح عن بعد يكون فقط اذا كان فيه حالات فقط,anticipation
0,يارب يخلو الدراسه حضوري,anticipation
0,باقي اسبوعين وتبدا الدراسه حضوري ويمكن عن بعد,anticipation
0,مدري ايش جابني هنا .. بس دحين يمكن الدراسة حضوري 🌚👌,anticipation
0,لا لا اتوقع الاختبارات النهائيه في المدرسه,anticipation
0,اتوقع ان فقط فترة الاختبارات بيجمعونا و نختبر صعبة موضوع اختبار عن بعد.,anticipation
0,انا اتوقع ان ندرس ب نت والاختبار نروح المدرسه ونختبر ونطلع علئ طول مافي كلام,anticipation
0,اتوقع اسبوعين الاجازه,anticipation
0,انا اشوف ان الحل العقلاني انهم يحطون درجات الترم الاول لأنه لو بتكون الاختبارات عن بعد اتوقع ان كل الطلاب بيجيبون 99😕😕ما ادري بس احس ان المدرسين حقين النت مايعرفون زي المدرسين اللي في المدرسه 😑😑,anticipation
0,وفروا اللقاح للجميع ورجعوا الدراسة حضوري 👍🏻,anticipation
0,تكفون يا اخي طفشت من الصح طوني حضوري تكفون يا الحكومه,anticipation
0,مين الي يبغى حضوري زيي🙇🏻‍♀️🙇🏻,anticipation
0,اول انا افضل حضوري لنه نفهم اكثر و اغلب المعلمات يدخلون الحصه و ما يتكلمون و الشبكات بعض الطلاب و الطالبات الشبكات عندهم مو كويسه احس المفروض يكون ترمين اذا كان ثلاث اترام راح يأثر على نفسيتنا و نصير نكره المدارس و الآباء و للامهات تعب عليهم هاذا راي,anticipation
0,والله نبي حضوري والله تكفون نطلبكم طلبت رجال والله لو كان 14ترم,anticipation
0,الا الأن ماقرور قرار صارم انه حضوري بس انشالله عن بعد 🤲🙂,anticipation
0,الله يخليكم ياوزارت التعليم خلو المدارس جميعها يدرسون وخلو الابتدائي يحضرون قلتم المتوصد وثنوي حضوري لماذا الابتدائي بعد الله يحفضكم رجعو المدارس الله يخليكم والله يكفينا شر كورنا 💖😭,anticipation
0,الابتدائي عن بعد ولا حضوري ؟ اتمنى يكون حضوري خاصة الصف الاول والثاني والثالث ابتدائي لانه متعب عن بعد ومافي فايده ما يفهمون الدروس لازم نشرح الدروس مره ثانيه لهم والاختبارات ضروري تكون حضوري عشان المعلومه تثبت واذا كان فيه اخطاء يتعلمون من خطاهم ويحسنون مهاره الكتابه للطفل مو كل الاسئله اختيارات اعرف ان الصحه والسلامه اهم بس من وجهة نظري لازم يكون فيه يومين حضوري على الاقل عشان يشوفون اذا كان الاطفال مركز ب حصص ال عن بعد واذا كان مو مركز يسوون حصص اضافيه حضوريه عشان يساعدونه على الفهم ويسوون اختبار مراجعه على الدروس الي تم دراستها في ايام الحضوري عشان يشوفون مستوى الطلاب وعشان ما يتعبون الاهل,anticipation
0,الابتدائي حضوري حرام صغار مايتحملون كورونا قولو لنا حضرووووري او لا(؟!😪,anticipation
0,هم قصدهم ان يكون فيه شروط في درسه يعني حضوري قلوه من زمن,anticipation
0,يعيال تكفون الابتدئي حضوري ولا لا تكفون,anticipation
0,زبدة الموضوع حضوري او لا تحمسونا بلأخير عن بعد 🤦🤦🤦🤦,anticipation
0,بله نبي حضوري تكفى ابي اشوف اصدقاءي🤲🏻🤲🏻🌹😴😪😪😪😪,anticipation
0,والله مدرس نبي مدارس ابتدائية حضوري كلها,anticipation
0,يارب السنه الجايه عن بعد مابغى حضوري فيه أسباب مقنعه تخليني ابغى عن بعد خلو السنه الجايه عن بعد😭😭,anticipation
0,يارب يكون التعليم عن بعد السنه القادمه ويارب اي احد يتمنى ان تكون حضوري فا انا اتمنى ان يأتيه الاسهال طول اجازة الصيف,anticipation
0,يارب حضوري,anticipation
0,يا رب يا رب الفصل الثاني عن بعد ولي ما عنده النت المدارس مفتوحه روح اختبر وروح سلم واجباتك ما في عذر مثل النت هذا أولاً ثانياً الوزاره ما تعبت يوم سوت برامج وكل يوم تواجهه مشاكل بعد ما تعبوا وطلعوا لنا برنامج بعد تعب نقدر من خلالها الدراسه ف اكيد ما بخلون التعب الي واجهوه يروح كذا لازم يستمر الدراسه عن بعد ارفعوا تعليقِ,anticipation
0,نبي اليوم تعليق ناري على وازة تعليم قولو لا نريد. اختبارات عبرو في توتر أرجوكم,anticipation
0,حضوري تكفووون كل شيء رجع ما عاد المدرسه ؟؟ حضوورري 🙏,anticipation
0,طيب لو رجعوا الابتدائي حضوري المتوسط والثانوي يداومون كل يوم ولا يوم حضوري ويوم عن بعد اتمنى الرد,anticipation
0,يقولن إنو صف سادس حضوري صح ولا غلط,anticipation
0,نرجومن وزارة اتعليم تعود المدارس حضوري البتداي نرجو يارب 🥰,anticipation
0,ابغا ابتدائي حضوري بليزززززز,anticipation
0,نبغى حضوري,anticipation
0,المتوسط حضوري ولا عن بعد,anticipation
0,تكفون الا الرابعه وا الستون خلوه حضوري تكفون,anticipation
0,قولو حضوري,anticipation
0,يارب المدارس الابتدائية حضوري ويارب مافي ايجازه,anticipation
0,ياررررب حضوري ياجماعة هذي آخر سنة لي ابي اشوف المدرسة وصحباتي والله اشتقت 🥺🥺💔💔,anticipation
0,يا شباب الي صف اجمعة حضوري اتوقع انو فل فديو قال اجمعة انا ودي حضوري ولله ابتداي ماقل انو كلو الصفوف,anticipation
0,يا رب العالمين ان المدرسه حضوري 🤲,anticipation
1397550057252171779,...,anticipation
1381304810654294021,...,anticipation
1407491880762413059,...,anticipation
1411046781668888576,...,anticipation
1419682512524222465,...,anticipation
1236407985183903745,...,anticipation
1421838065107185669,...,anticipation
1411405039642497030,...,anticipation
1299615382601334785,...,anticipation
1346018854913372160,...,anticipation
1430838875467943940,...,anticipation
1418654647183622148,...,anticipation
1253979470542880768,...,anticipation
1371910405359030275,...,anticipation
1310989301711351815,...,anticipation
1290786854309109761,...,anticipation
1414863856007004160,...,anticipation
0,أرجوا كذلك ان تعود الدراسة حضوري للابتدائي في أقرب وقت لتعود حياتنا طبيعية مثل قبل و أحسن .,anticipation
0,اهم شي حضوري لو يدخلون بشاشة تلفزيون او ثلاجة,anticipation
0,السلام عليكم ورحمة الله هذا الفيلم رائع ومؤثر جدا لخص فيه أحداث شهور في دقائق فنسأل الله العلي القدير أن يرفع عن الأمة الإسلامية والأمة جمعاء هذا الوباء وأن يردنا إلى مساجدنا سالمين غانمين وأن لا يحرمنا من الصلاة في الحرمين وأن يرد كيد الكائدين وحقد الحاقدين على دولة التوحيد والسنة إنه ولي ذالك والقادر عليه . أخوكم محمد من الجزائر,anticipation
1302342451504574465,...,anticipation
1415911258600128514,...,anticipation
0,اتمنى اعادة النظر في عودة طلبة الابتدائي والله اغلب البيوت عندهم من يعانون من امراض مزمنه والاطفال ناقلين للمرض لصعوبة الزامهم بالالتزام ارجوك ياوزير التعليم والصحه ابنائنا امانه في اعناقكم,anticipation
1467884134274150404,...,confusion
1467873756488077317,...,confusion
1468636396076384259,...,confusion
1467794442950266882,...,confusion
1467804447833456640,...,confusion
1467603278372515840,...,confusion
1290250942273773568,...,confusion
0,لو كانت اللقاحات تحمي الشخص الملقح، فلماذا يخاف من غير الملقح؟؟ لو كانت لا تحمي بعد ثلاث جرعات ، فلماذا نثق بالرابعة ؟,confusion
1431188850357964801,...,confusion
1220814758724755457,...,confusion
1220834148748791813,...,confusion
1466044537353220101,...,confusion
1467507852717735946,...,confusion
1467695676607901699,...,confusion
1289367328233144320,...,confusion
1234449064936312834,...,confusion
1464825825405112323,...,confusion
1243121747899174913,...,confusion
1285919177178578945,...,confusion
1267850411693629440,...,confusion
1274756715645370368,...,confusion
1285103110470475776,...,confusion
1295847068175605760,...,confusion
1431617769934557189,...,confusion
1281879644367728642,...,confusion
1458704625637355524,...,confusion
1370116823530754048,...,confusion
1254602381423230976,...,confusion
1249440272754319361,...,confusion
1271428651410763776,...,confusion
1261321530438488064,...,confusion
0,وش دراهم انها بتنتهي هل يعلمون الغيب؟ او مفتعله منهم كورونا؟ والله ماعرفنالهم للان,confusion
0,لم افهم لم يتم اكتشاف السلاله الجديده الا من يومين او ثلاثة كيف عرفو ان اللقاحات يليق بها في هذه المده القصيره !!!؟؟؟ كيق تكون الابحات بهذه الدقة تعطي نتائج بهذه السرعة!,confusion
1366664837179260929,...,confusion
1401959012204265477,...,confusion
1238170893584601088,...,confusion
1325219087417544714,...,confusion
1438367777832714242,...,confusion
1382746318632783876,...,confusion
1339895552822169601,...,confusion
0,طيب احنا الحين فينا كورونا ومارحنا المستشفى عادي صح,confusion
0,مافهمت يعني نروح عمرة بدون تصريح,confusion
0,انا ماخذ جرعة اولى لي28يومين وللحين ماجاني اي شي على توكلنا رسالة؟,confusion
0,وكيف نعرف اذا احد مصاب ومافي مقياس للحرارة؟,confusion
0,عادي اتلقح ونا فيني كورونا؟؟؟؟!!!!! ليش بدون حاجه,confusion
0,بس سؤال ليش يطلب مني التطبيق اشغل ال بلوتوث,confusion
1466073096679526402,...,confusion
1466073096679526402,...,confusion
0,كيف تفشى الفيروس بهذه السرعة و الحجم في اوروبا بالذات لو كان اللقاحات كان لهم مفعول وقائي حقيقة سؤوال يطرح نفسه !!؟؟,confusion
1467110589310849026,...,confusion
1465686525706969094,...,confusion
0,العجيب في الأمر أن الفيروس يتحور ليصبح أقوى ولم نسمع عن متحور أصبح أضعف كيف ذلك,confusion
0,😵 ما فهمنا اي شيء,confusion
0,مش قالو إن الأعراض بكرونا تختلف عن اعراض الانفلونزا 🤔,confusion
1465371683439755274,...,confusion
1464737765640310786,...,confusion
0,كل واحد يقول كلام مختلف كلياً عن كلام الاخر. الحقيقة لا يعلمها الا الواحد الاحد,confusion
1295469686293921795,...,confusion
1366466985727569920,...,confusion
0,موضوع كورونا عجيب غريب,confusion
0,كيف ملقحين باوروبا وعم بيموتوا بالكورونا؟,confusion
0,مسلسل كورونا طويل جدا، لا نهاية له وماهو الحل؟ هل هو عقاب من الله او ابتلاء؟,confusion
1466190960405139456,...,confusion
1468037005699391488,...,confusion
1468675498851110914,...,confusion
1468458884390129667,...,confusion
1465330466421186569,...,confusion
0,والله ضاعت علينا الحقيقة لكن لا يوجد في التقرير مدى تأثير اللقاح على المدى البعيد يعني بعد سنوات من أخذه هل هناك مضاعفات,confusion
1340527974626549761,...,confusion
1411393871003721728,...,confusion
1288164517478883335,...,confusion
1390497118557769735,...,confusion
1265300662688133124,...,confusion
1416403462540177416,...,confusion
1402966378554949636,...,confusion
1367405150202126338,...,confusion
1406372377211064327,...,confusion
1407736241928478726,...,confusion
1429251980724252678,...,confusion
1411559675909140483,...,confusion
1346125810579734531,...,confusion
1241104646808231940,...,confusion
1324532043057954816,...,confusion
1221733965947600899,...,confusion
1401566298455293952,...,confusion
1291792540006600704,...,confusion
1467492182097637386,...,confusion
1244367214003830790,...,confusion
1363086758280364032,...,confusion
1466691269367840776,...,confusion
1387661147915051010,...,confusion
1341092633008107521,...,confusion
1412253954193473539,...,confusion
1291769031918321664,...,confusion
1307423533203623936,...,confusion
1273719668134621184,...,confusion
1463996830904360960,...,confusion
1469707038779482114,...,confusion
1469682900371226627,...,confusion
1316322860483391488,...,confusion
1333418413218271233,...,confusion
1410670934827180034,...,confusion
1466075793201770507,...,confusion
1466750991462805505,...,confusion
1464946838486851584,...,confusion
0,هل التهاب الحجنره يعتبر من اعراض اللقاح ؟ لاني خذت التطعيم و اليوم الي بعده خالطة و امس فحصت و النتيجه طولت و الصراحه ماعرف اذا ها من اللقاح ولا ياني كورونا,confusion
1467106092266180613,...,confusion
1437098422138556419,...,confusion
1466030457171152901,...,confusion
0,لا زلت غير ما مقتنع بالتطعيم,confusion
0,وصف التطورات اليومية ب "المرعب والمخيف والمقلق" غير مفيد لأحد,confusion
0,قلق و توتر كل ما أحجز موعد أرجع و أحذف,confusion
0,إن كان في التطعيم خير وحجج مقنعة فهي كافية ليبنى عليها حملات ترويج,confusion
0,هل نعود لقواعد الإغلاق؟,confusion
0,تحورات كورونا تثير الشك,confusion
0,الله يعتق المسلمين منة ومن شرة,confusion
0,متحور "دلتا" مثير الشك بسبب سرعة انتشاره,confusion
0,كيف نتعامل مع نوبات الاكتئاب في كورونا ؟,confusion
0,لزيادة الترهيب تم رفع الحالات اليوم,confusion
1431026941025562630,...,confusion
1467385420774318090,...,confusion
1300544452520546310,...,confusion
1469761749947666443,...,confusion
1467803918847688710,...,confusion
1468632383834497030,...,confusion
1467576199354454016,...,confusion
1468511377757290497,...,confusion
1328324837018898434,...,confusion
455217787603263488,...,confusion
1237064167707770880,...,confusion
1413327094571048976,...,confusion
1465573560471232514,...,confusion
1434537216626278403,...,confusion
1425435938998587397,...,confusion
0,تنقاض كبير قلق من بعض تراجع التطعيمات في بعض الدول وبنفس الوقت الكميات المعززه من الجرعات ليست هي الحل,confusion
0,أش هذا التناقض سرعوا عملية التطعيم بس حنا مش متأكدين من فاعلية اللقاحات؟؟؟؟!!!!,confusion
0,تصريح متناقض خذوا التطعيم ولكن قد يكون غير فعال,confusion
0,كيف عرفوا ووصلوا لهذه الادلة والمتحور ما كمل شهر,confusion
0,تم تطعيم أفريقيا بنسبة 6٪ فقط ،😏 واختفى فيروس كورونا عمليا 💥💥💥..,confusion
0,كنت في حيرة من أمري بخصوص تلقيح إسرائيل شعبها بنسبة 100% ولايوجد بينهم وفيات من اثر اللقاح كما نسمع في بقية الدول,confusion
0,المنظمات العالمية في حيرة بسبب كورونا وطرق تحديد أعراضه وسبل الوقاية منه ،,confusion
0,بعد فايروس كورونا ...هكرز يوقف وسائل التواصل الإجتماعي ويجعل العالم في حيره.,confusion
0,بين استمرار القصف والخوف من كورونا.. يعيش أهالي جبل الزاوية في حيرة من أمرهم📍 جبل الزاوية، ريف ادلب ، سوريا,confusion
1467183073829789704,...,confusion
1464686157242023944,...,confusion
1466010195977555974,...,confusion
1466020011051556872,...,confusion
1435359397539164162,...,confusion
1403694503228284930,...,confusion
0,هل بحة الصوت تعبتر من أعراض الكورونا,confusion
0,يادكتور زوجتي مصابة بل الفيروس وأنا لست مصاب 😢 ولله عجيب حتى كل عائلتي 7اشخاص مصابين وانا ليس لدي الفايروس,confusion
1466422542860759051,...,confusion
1469631819528257540,...,confusion
1469702786669494272,...,confusion
1469651249536638984,...,confusion
1466960478484279308,...,confusion
1467693698725158913,...,confusion
1340682578702049286,...,confusion
1356528589290758147,...,confusion
1408325507012247554,...,confusion
1345263548646240256,...,confusion
1462934387868278788,...,confusion
1408329561851506691,...,confusion
1422709370396237825,...,confusion
0,والله العظيم احترنا نصدق مين ونكذب مين يارب احمينا وكفنا شر المرض اللهم من ارادنا بشر اشغله في نفسه وأجعل تدبيره تدميرا له,confusion
1265095214844317703,...,confusion
1336321847206400004,...,confusion
1438352745090650122,...,confusion
1240650963964309504,...,confusion
0,اللي يحير العقل كيف الصين مصدر الوباء عدد الإصابات اقل بكثير من الاصابات في اوروبا وأمريكا شي يثير الشك والريبة,confusion
0,دكتور يعني في حالة الإصابة بكورونا ماذا ناخذ ما هو الدواء المناسب !أغاب الاطباء لدينا يوصفون أزيثرومايسين.,confusion
0,دكتور هل يمكن للمصابين بكرونا دون أعراض نشر المرض مثل المصابين بأعراض ؟؟,confusion
0,دكتور كم المدة التي يصبح فيها مريض كرونا لا ينقل العدوى ؟؟ هل حتى يشفى بصفه نهائيه وتصبح نتيجة الفحص سلبيه ام من خلال بعض ايام فقط.,confusion
0,دكتور لو سمحت ماهو الدواء الذي تنصحنا به لو سمح الله اصبنا .,confusion
0,دكتور العلاج يضارب مع اللقاح أم لا .,confusion
0,ارجوك دكتور ارجوك جاوبني انا برضع واصبت بكرونا ممكن اخذ دواء ازيكس .,confusion
0,هل هناك امور دكتور تفسد اللقاح مثل غسل جميع اعضاء الجسم لمدة يومين جزاك الله خير ؟.,confusion
340190168390701057,...,confusion
1322135422802284544,...,confusion
1466472308273565698,...,confusion
1463905356388708357,...,confusion
1464001708414095365,...,confusion
1464292526366593035,...,confusion
1466332370106294272,...,confusion
1421812265909633033,...,confusion
1421846964866621441,...,confusion
1435925470848106503,...,confusion
1466928335544631296,...,confusion
1462495840128409602,...,confusion
1433052875614265352,...,confusion
1449005530010243078,...,confusion
1464531604936744967,...,confusion
1454526235799924737,...,confusion
1454429065948110850,...,confusion
1401240171127922688,...,confusion
1268590116316069891,...,confusion
1236695607097659398,...,confusion
1466829141446123531,...,confusion
1468252419750764545,...,confusion
1468324120119152651,...,confusion
1467557952622153731,...,confusion
1409227134246207490,...,confusion
0,لبعض يقول اي أحد اخذ الجرعه الاولى من اللقاح ، وبعد مده اصيب بزكام ورشح وعمل مسحه ، من الطبيعي راح تكون الحاله ايجابيه ويقولون له مصاب بكورونا لأن فيه من الفايرس موجود ف اللقاح الذي اخذه . اتكلم باالتحديد عن لقاح فايزر . فهل اخذ مسحه بعد أخذ اللقاح طبيعي تظهر الحاله ايجابيه ؟؟,confusion
0,هل تعتبر الكحة الجافة بدون ارتفاع حرارة او ضيق تنفسي دليل للأصابه بكورونا,confusion
0,ابي اعرف هل اخذ اللقاح ذا والا لا ؟؟,confusion
0,حس باعراض امس خالطت وحده الصباح يعني اليوم هو اليوم الثاني او الاول؟,confusion
0,في المنزل احد افراد اسرتي يعاني كورونا كيف نتعامل معه؟؟,confusion
0,الله يشفيك يارب عندي استفسار اخوي الشخص اذا اصيب ب كورونا وش يحدث ب تطبيق توكلنا هل الشخص محصن بعدها وكم يوم تاخذ فترة تعديل الحالة وهل لازم تعدلها من تطمن ولا توكلنا يغير من حاله من تاريخ المسحة بعد الشفاء بإذن الله,confusion
0,شالخرابيط كيف تجي سلبيه والشخص مصاب؟!!عندكم تخبط مو طبيعي,confusion
0,كم رقم بلاغات التجمعات!؟🙂ببلغ,confusion
0,هل من اعراض كورونا الزكام لفترة طويلة لدرجة فقدت حاسة السم والتذوق؟ بدون اي اعراض اخرى؟,confusion
0,طيب لقى علاج للكرونا ولا اشاعات,confusion
0,1شباب وش رايكم باللقاح هل هو خدعه ام دواء اي شخص اخذا اللقاح من قبل ؟ 🙂 بدون تجاوزات رجا حوار راقي رايك شنو,confusion
0,كيف تفشى الفيروس بهذه السرعة و الحجم في اوروبا بالذات لو كان اللقاحات كان لهم مفعول وقائي حقيقة سؤوال يطرح نفسه !!؟؟🤔,confusion
0,لسؤال المطروح، أين هي فعالية اللقاحات؟؟؟ 65 ٪ من الألمان تلقوا اللقاح.,confusion
0,والسؤال المطروح أيضا ،لماذا للأطقم الطبية، أو لنقل موظفي قطاع الصحة يرفضون تلقي اللقاح؟؟,confusion
0,شكرا دكتورنا المحترم لدي سؤال ما دام أن فحص المريض بعد التعافي ان كان إيجابي فهو غير معدي فلماذا وجب اجراء مسحتين متتاليتين بعد التعافي هل يمكن الاكتفاء بمسحة واحدة,confusion
0,دكتور ياليت ترد انا صارلي اكثر من ٧ ايام منحجره لانه فيني كرونا من تاريخ ٩ الين الحين وتاريخ ١٩ اخلص الحجر ف هل اقدر اسافر واخالط الناس او لا اذا سويت المسحه وطلعت ايجابيه ؟,confusion
0,دكتور انا اخذت اول جرعه مودرنا وبعدها بيومين سويت مسحه وطلعت نتيجتي ايجابيه وعزلت نفسي عندي سوال متى المفروض اخذ الجرعه الثانيه انا اعراضي كانت جد خفيفه,confusion
0,دكتور شهر وعشرة أيام مازلت اعاني من عدة أعراض...متى يكون الشفاء تماما وكم تستغرق المدة؟ شكراً,confusion
1467367858409771008,...,confusion
0,اذا كان اللقاح لا يمنع من العدوى فما جدوى اللقاح اذن. هذا الوباء جديد على الاطباء لذالك تجدهم في حيرة في تشخيص الفيروس واجبارية اللقاح. فمنهم من يؤيد اللقاح ومنهم من يعارضه. والناس في حيرة بينهما,confusion
0,تقسم بالله لم أفقه شيء ، هدا هو الضحك على الدقون ، في الأول قالو كورونا تقتل واحد و اثنان بالمائة من البشر اللي كبير في السن و عندو امراض طيب، الان يموت رغم اللقاح الكبار و اللي عندهم امراض، ارجوكم فهموني ما هدا الهبل . مع العلم ان اللقاحات التقنية الجديدة mrna and adenovirus قتلت شباب في عمر الزهور بجلطات او اصحاب فقر الدم، و تصيب عدد من الناس بالشلل النصفي المؤقت عند اخد لقاحات جونسون و استرازينيكا و أيضا فايزر، اللقاحات الصينية اقل ضرر على ما يبدو و الله اعلم,confusion
0,بعد ان تلقت كثير من الناس اللقاح ازدادت الإصابات ياترى ماالسبب,confusion
1444406104725798928,...,confusion
1466371958304657408,...,confusion
1469782181966921731,...,confusion
1469652117975715847,...,confusion
1438352745090650122,...,confusion
1422586808047648773,...,confusion
1437606485798785024,...,confusion
1429699291048779781,...,confusion
1412065543377625088,...,confusion
0,وبدون سبب. اصبح تنفسي ضيق جدا. بدون اي اعراض توجد فالفيديو الا الاسهال. يا ترا هل يمكن ان يكون كورونا و العياذ بالله؟,confusion
1421528071384051714,...,confusion
1370116823530754048,...,confusion
1325819900431110144,...,confusion
1292267238653911040,...,confusion
1393000507665494018,...,confusion
1273367027428864005,...,confusion
1367144989151625218,...,confusion
1375369679200514048,...,confusion
1303929172952256517,...,confusion
1267872118982807553,...,confusion
1366544655895195648,...,confusion
0,قررت أني أخذ اللقاح بعد العيد ان شاء الله. تنصحوني في لقاح #لقاح_فايزر ولا #لقاح_أسترازينكا ؟,confusion
1288134718807040005,...,confusion
1269032650800615424,...,confusion
1349297269275848704,...,confusion
1276672274267959297,...,confusion
1321484095105437696,...,confusion
0,يا جماعه انا فيني بس ضيق تنفس من بدايه 2020 يعني كذا فيني كورونا ?,confusion
0,ماعرفنا لكم مره مايموت وخفيف ومره يموت ويخوف وخطير,confusion
0,فى المنزل احد افراد اسرتي يعاني كورونا كيف نتعامل معه,confusion
1242792546750914560,...,confusion
1398901998301368323,...,confusion
0,ليش ما يكون امكانية تصنيع اللقاح لأي متحور موجودة بالممملكة؟ يعني امكانية تصنيع اللقاح لأي فيروس مهما تحور ليش ما تصير موجودة بالممملكة؟,confusion
1444322451706494977,...,confusion
0,يشاع أن اللقاح يسبب العقم هل هذا صحيح أم إشاعة فقط أرجو الإجابة من فضلكم,confusion
0,بس ليش صار فيه تحورات؟,confusion
1464871576206196738,...,confusion
1467828921924263939,...,confusion
1466089042940809222,...,confusion
1465732260079050769,...,confusion
1429502555143479300,...,confusion
1428610821580632068,...,confusion
1467859274969849862,...,confusion
1466157796840386563,...,confusion
1466763638337851398,...,confusion
1466841678451560457,...,confusion
1465131634747977731,...,confusion
1236044815957139457,...,confusion
1415028901475196939,...,confusion
1418969833467793415,...,confusion
1466129061730820101,...,confusion
1465075194872180737,...,confusion
1373090521669906433,...,confusion
1467419625705164800,...,confusion
1350517273765801984,...,confusion
1429504701364641794,...,confusion
0,احس الجرعات هاذي مالها مفعول لان لو لها مفعول ماتنتشر,confusion
1448992038503043073,...,confusion
1448992290832269324,...,confusion
1448992290832269324,...,confusion
1448992290832269324,...,confusion
1468174079836528644,...,confusion
1466791440294502403,...,confusion
1415400788617277442,...,confusion
1461828213848645643,...,confusion
1461112641695399937,...,confusion
1459427007113084935,...,confusion
1440355508238499852,...,confusion
1461552525392420875,...,confusion
1430340299440730116,...,confusion
1329518033283534857,...,confusion
1411063217950969861,...,confusion
1464284486674399237,...,confusion
1287009706762891264,...,confusion
1433052034119446536,...,confusion
1430709164372893697,...,confusion
1467178552915337217,...,confusion
1466796246300082178,...,confusion
1467838298295095297,...,confusion
1466150588404666375,...,confusion
1465988424888901632,...,confusion
1444481824072286210,...,confusion
1444414775841206273,...,confusion
1444689768114184195,...,confusion
1467832395655266308,...,confusion
1462865067083550720,...,confusion
1460621948166324229,...,confusion
1339663507889991682,...,confusion
1383139775784304643,...,confusion
1460288780208857094,...,confusion
1310817231165677568,...,confusion
1466367857906888708,...,confusion
1468895724633047042,...,confusion
1401748428342837248,...,confusion
1413545064714940416,...,confusion
1428487290813353984,...,confusion
1468726828269453315,...,confusion
0,اللقاح موجود لكل متحور وقبل ان يظهر 🤔,confusion
0,هل يمكن ان يكون اللقاح سبب تحور الفيروس وان يصبح اشد عدوانية ... الله اعلم وحتى وان كان كذلك فلن نعلم ابدا ...,confusion
1302073866299342849,...,confusion
1431055916024086533,...,confusion
1468679022058127365,...,confusion
1468688573356548100,...,confusion
1467790523024822279,...,confusion
1469399088311545864,...,confusion
1468928364660543492,...,confusion
0,🦥 ايش سالفه كرونه ياخييي,confusion
0,ياخي يقولو انو لقاح كرونا يسبب امراض ويقتل بعد سنه ويسبب التهاب بلقلب هل صدق هاذا؟,confusion
0,كتور انا عانيت من فيروس كورونا منذ٥ اشهر ولازلت اعاني المشكلة يا دكتور اني مضطرة اعمل عملية على الكليةلاستخراج الحصوات وانا خاءفة هل اعملها ولا لا جاوبني ارجوك دكتور في اسرع وقت ممكن ارجوك دكتور وجزاك الله كل خير,confusion
0,لسلام عليكم دكتور من فظلك محتاجة تفسير لحالتي لديا خذران في كامل الجسم ولا استطيع المشي مشيا سليما ولا استطيع صعود الدرج رغم اني اجريت الفحوصات وكلها سليمة وطبيب الذي اجرى لي راديو emg قالي لقد اصبتي بالكورونا منذ اشهر اريد تفسير على حالتي,confusion
0,السلام عليكم دكتور ماذا يعني ان الالتهاب خف لمريض كورونا في العناية وعلى التنفس الصناعي ومريض سكر و كانت نسبة الالتهاب ٥٥,confusion
0,دكتور الاسهال في حالة كورونا يأخد وقت طويل علما ان عند مدة تفوق 17يوم من العدو ومكان عندي اسهال الامرة واحدة لكن الربعة ايام الاخيرة صار عندي اسهال هاذي لس من اعراض كورونا يادكتور او بسبب أخر,confusion
0,دكتور ارجوك جاوب زوجي مصاب بكورنا بلدم هل يشافه بسرعه يارب السفاء,confusion
1467834960644083722,...,confusion
0,يبقي السؤال الذي لم يجب عنه احد ، من اين اتى كورونا كيف ولماذا,confusion
0,دكتور سلام عليكم انا مصابه بفيروس كورونا منذ ٧ ايام والان انا حجرت نفسي بغرفه كم احجر نفسي ومن ثم اختلط مع اولادي وبناتي,confusion
0,انا كنت مصاب بكورونا والحمدلله كملت ٢٥ يوم من يوم المسحه الإيجابية .. بس بقى عندي سعال خفيف وزي الثقل في الصدر، مش ضيق تنفس بل ثقل بين الحين والآخر .. هل اعتبر متعافي ؟ وهل اقدر اخالط وأروح دوامي بدون ما اعدي حد! علمًا بانه لا توجد عندنا مسحه ثانيه للتأكد اذا الفيروس مازال موجود او لا .. أرجو وشكرا جزيلا دكتور.,confusion
0,فيروس #كورونا يحير العلماء ويراوغ من جديد ويقتل مصابيه بالتسلل لقلوبهم,confusion
0,اوقات أشك مافي كورونا ووقات اقول كورونا لعبة مصطنعة ووقات اقول كورونا مرض خطير!!,confusion
0,الله أكبر كل يوم يكتشفون أعراض جديده لهذا الوباء... نسأل الله السلامه قبل الندامه 😓,confusion
0,لاحول ولا قوة الا بالله العلي العظيم يارب لطفك _ مرات تقولون بتلف فالرئة ومرات الكبد ومرات الدماغ وحاليا القلب الإعلام بحد ذاته فيروس مرعب,confusion
1465124237061115910,...,confusion
0,كورونا رجعت مسرحية طويلة ومملة ،،,confusion
0,ميكرون = كرونا جيل جديد الله يخلف متى النهاية,confusion
14696963576990474260,...,confusion
1469745964521037829,...,confusion
1469730005869600771,...,confusion
1469628622331863042,...,confusion
0,الانفلونزا العادية عندما تجيني با بتعب من الام في كل العضلات والمفاصل .. كيف تعرف نميز بين اعراض الانفلونزا واعراض الكورونا؟,confusion
0,هل المسحة تفرق بين الزكام لأن شخص سوا مسحة وهوفي حالة زكام وطلعت إيجابية رغم وجود اعراض,confusion
0,متي ممكن اخذ الجرعة الثانية من اللقاح اذا كان الشخص مخالط,confusion
0,طبعا انا اخذت كل مايلزم من فيتامينات ومعادن رغم ان تحاليلي كويسة واكيد بقولك اني كبيره في السن 55 ولكن ليس عندي سكر ولا ضغط بس موش عارفه ليش جاتني قوية رغم ان زوجي اكبر مني بكثير ولم توذيه,confusion
0,يقال عدد سكان المانيا 81مليون نسمه والي اخذوا اللقاح 83مليون وكل يوم 70 الف مصاب اشلون يعني ؟,confusion
0,الطبيب اعطاني أكسارونت 5بعد التعافي من كورونا والطبيب قال لي أستخدمه لمدة شهر ونصف فهل يجب ان أجري تحليل D-Dimerكل فتره أم ماراي حضرتك ؟,confusion
0,السلام عليكم دكتور اجريت تحليل قبل اسبوع وطلع عندي كورونا وعزلت نفسي لحد الان لاتوجد عندي اي اعراض والحمدلله كم المده التي ابقي فيها بالعزل ؟,confusion
0,السلام عليكم سؤال مالاضرار التي خلفها كورونا في الجسم,confusion
1467561639713153026,...,confusion
1241724270801301505,...,confusion
1371137180727402498,...,confusion
1380171428117512193,...,confusion
1385053535021187075,...,confusion
1270638247589416960,...,confusion
1370723581915762691,...,confusion
1470957106803130374,...,confusion
1380444729914052608,...,confusion
1273257032947249152,...,confusion
1403505729126928392,...,confusion
1467925119758524417,...,confusion
1468457518527569921,...,confusion
1469749937248391170,...,confusion
1469759147176599553,...,confusion
1467367858409771008,...,confusion
1469642782449061892,...,confusion
1469404131672666116,...,confusion
1468868592141799424,...,confusion
1468565765465030656,...,confusion
1468577126911782912,...,confusion
1467489991492313094,...,confusion
1466034130920087561,...,confusion
1439937480342614017,...,confusion
1406919226946957317,...,confusion
1406921779042570242,...,confusion
0,😁متحور مكسموس هو الأخطر،🤔 و يبقى السؤال من أين جاءت كورونا و من المستفيد.,confusion
0,كورونا،متحور دلتا،متحور بعشرة،يعني اللقاح لن ينتهي، وماذا يفعل اللقاح لجسم الإنسان؟ وماذا سيقع للناس الملقحين في المستقبل؟,confusion
1443644450354442240,...,confusion
1420370612351086603,...,confusion
1341583821817454593,...,confusion
1427920915204083713,...,confusion
1468248037587927050,...,confusion
1468243644041863175,...,confusion
1469682305870532611,...,confusion
1469664828000194566,...,confusion
1315857460603899905,...,confusion
1385547221584728069,...,confusion
0,العام الماضي كان الاصابات بالالاف والوفيات قليله جدا اقل عام وفاة والان جت اللقاحات وكثرة الوفيات والاصابات اقل بكثير من العام الماضي الفيروس تغير والا وش السالفه,confusion
0,توقع خاطئ لأنه لا يمكن لأي دولة تطعم كل سكانها في سنة او سنتين الا لو كانت مثل الدول الصغيرة بعدد 2 مليون/ ايضا يوجد ناس يرفضون التطعيم فكيف التصرف معهم؟,confusion
0,لايوجد لقاح للزكام اما الانفلونزا فهو توقع لقاح سنوي يعني يتوقعون نوع التحور ويسوون اللقاح وانت وحضك والايدز صار لهم مية سنه والكورونا حديث ولسا مو عارفين عنه شي ويقول لك اكتشفنالقاح,confusion
0,الى الان لا يوجد لقات فعال بنسبة 100% للكروناااااااا مازال العالم في حيرة !,confusion
0,لماذا درجة الحراره منخفضه جدا جدا الى هذا الحد ..سؤال يثير الشكوك الا تكفي درجة حراره صفر او قريب منها لحفظ اللقاحات ..لماذا ثمانين درجه,confusion
0,٢- هل يوجد له علاج ؟ اتوقع علاجه في الخفاش نفسه فهو يملك المضاد,confusion
0,تناقض كبير المتحدثة عن البيت الا بيض قالت 20 مليون بعد يومين قال با يدن 164 مليون يعنى فى يومين 144 مليون ومن بداية اللقحات فقط 20 مليون المتحدثة فى البيت الا بيض اكثر مصدقية,confusion
0,هذي التصريحات تناقض وجود اللقاحات وانه لا فايده منها ،، او انها جهات لها أهداف ضد جهات لا التنافس على كعكه كرونا,confusion
0,هناك تناقض بين حديث متحدث وزاره الصحه والمتحدث بإسم صحه المدينه؟؟,confusion
0,السؤال : هل اقتنع المتشدد بأن هذا وباء من صنع البشر وليس عقاب من الله عز وجل ؟..هل اقتنع بأن عقاب الله لن يدهب ب علاج او تطعيمه ؟..هل اقتنع بأن الصراخ والتهويل الذي ازعجنا به ماهو الا كما سبقه من ازعاج ؟..هل اقتنع بأن الله رؤوف ب خلقه و ان رحمته تسبق عذابه ؟..هل اقتنع بأن مع الاستغفار لايوجد عذاب وهذا وعد الله ؟ اتمنى ذلك ?,confusion
0,كذابين ولما يصاب بعد الجرعة الثانية يقولون : نادراً هالحالة تصاب فيها !,confusion
0,لو من زمان. كان سمعنا عنه. الفيروس جديد. واذا كانت عن الطمئنه. فهذي مشكلة. تطمن الناس. ثم يبلشون. لكن. التحذير من المخاطر واجب. الي يقلك هذا ي الناس ومدري ايش. هذا جاهل طيب اطمنك وتتختلط. ثم تنصاب,confusion
1370331008848039938,...,confusion
1402362235595509762,...,confusion
1378697001764798464,...,confusion
1401378207262183430,...,confusion
1414616713845411840,...,confusion
1339651087180115970,...,confusion
1372647093156843525,...,confusion
1270778810154258432,...,confusion
1260300307675975682,...,confusion
1432362919698837507,...,confusion
1248863917209718784,...,confusion
1415683296051163181,...,confusion
1367399913160605700,...,confusion
1367402429902422019,...,confusion
1239251582945910784,...,confusion
1390728074833059843,...,confusion
1391011860313427969,...,confusion
1402311235996114956,...,confusion
1241661669228625920,...,confusion
1236991708153421827,...,confusion
1245404533318131713,...,confusion
1267370149918715906,...,confusion
1405421604889300997,...,confusion
1456949950764433408,...,confusion
1316632736413757440,...,confusion
1385881277790887936,...,confusion
1413891416690941954,...,confusion
1368459835436654595,...,confusion
1246781093711351809,...,confusion
1381677507498364929,...,confusion
1396934139090243591,...,confusion
1405974765387517952,...,confusion
1372370948826017802,...,confusion
1416784593940881408,...,confusion
1382852566992687105,...,confusion
1379086391611637761,...,confusion
1384328227246723073,...,confusion
1385715021712347139,...,confusion
1235008345628643334,...,confusion
1402055575081467908,...,confusion
1419733983752069127,...,confusion
1418686129478545413,...,confusion
1374405187557679104,...,confusion
1405771712570925059,...,confusion
1409371203048030208,...,confusion
1383337921701240837,...,confusion
1455595323217305608,...,confusion
1253772133777408001,...,confusion
1416781069324587012,...,confusion
1394158291954057217,...,confusion
1464701034627219457,...,confusion
0,اقول يقولون المتوفين بكارونا يوميا 14ويوم 12ويم 10وانا اشوف عكس هذا بس بمنطقتي يوميا لايقل عن24وفاة كارونا تناقض صريح,confusion
0,الكمام في السوبر الماركت اتوقع مطلوب لان يمكن هناك مصابين مايدرون,confusion
0,تناقض كبير في كلام هذا العالم الشيطاني يقول في الدقيقة 8:30 ان فيروس كوفيد 19 لا يتنقل عن طريق الملامسة ولكن ينتقل عن طريق جهاز التنفس والتقرب من الشخص المصاب بينما نرى في جميع دول العالم ان المتوفي جراء كوفيد 19 يلف في بلاستيك ثم يوضع في ورق الألومنيوم ثم يوضع في صندوق ويدفن احيانا بآلات الحفر !!! فهل الميت يتنفس أو يتكلم ويصدر من فمه رذاذ لعاب ؟؟! بربكم هل تعاملوننا على أننا بشر أم ماشية أم حمير ؟؟ من يصدق هاته التناقضات التي من ورائها شر محدق سيحل بالخراب والهلاك على البشرية بما فيها انتم يا معشر الماسونيين,confusion
0,تناقض اول قالو مو اجباري اللحين اجباري كيف تبونا نثق فيكم ونتم كذوبين مراح ناخذه ورزقنا على الله وصحتنا واجسادنا ملكنا مو ملك لقرارتكم ماقول غير الله يرحم الملك عبد الله كان يخاف الله في شعبه صدق 🚶🏻‍♀️,confusion
0,دكتور أنا أخذت جرعتين تطعيم من سينوفارم وبالرغم من هذا اصيبت بكورونا لكن الحمد لله مش قويه بدليل انني لم أخذ أي ادويه ولكن جسدي أصبح نحيل وبحس بالتعب من أي مجهود وعظامي في وجع مستمر,confusion
0,اصبت في شعبان بكرونا ولكن لحد الا ن شم رايحة القهوه رقم انا مانستعمل القهوه ابدن بس نشرب الشاي فقط حد عنده لي حل تعبت,confusion
0,‏سلام عليكم أنا امس اخذت لقاح كورونا قمت قبل شوي وانا تعبان و فيني حرار و صداع وتكسر بي الجسم واحس بي القي ومالي نفس بي الاكل في احد خذ القاح ولا ‏وما ادري هل هو اضرار اكثر من كذا ولا لا طبعا اخذ اللقاح يقول لنا وش صار معه اسم ‏اللقاح ‏اللي أنا خذيتها لقاح إكسفورد,confusion
0,غريبه الفيروس هذا يتشكل في كل مره فيه ناس اصابهم ولاظهرت عليهم اعراض الحرارة والعكس صحيح وفيه منهم أستمر الصداع معه فقط وغيرهم جفاف بالحلق والبعض ضيق تنفس فقط . محير جدا هذا الفيروس !!؟,confusion
0,تناقض بشكل كبير,confusion
1419732934144274441,...,confusion
1421101018432016386,...,confusion
1236991708153421827,...,confusion
1239251582945910784,...,confusion
1241651534930358273,...,confusion
1241871766009634817,...,confusion
1243552382765719561,...,confusion
1245404533318131713,...,confusion
1249777228138889216,...,confusion
1267370149918715906,...,confusion
1272161199124291584,...,confusion
1277700577368162305,...,confusion
1279359081367703552,...,confusion
1298636689183772673,...,confusion
1314625455866216449,...,confusion
1336594973110784005,...,confusion
1339651087180115970,...,confusion
1340333036202803201,...,confusion
1340853880150736900,...,confusion
1361962102844489730,...,confusion
1367402429902422019,...,confusion
1367803765244506112,...,confusion
1370331008848039938,...,confusion
1372647093156843525,...,confusion
1386433765841334272,...,confusion
1388913827425705988,...,confusion
1390712530692083718,...,confusion
1390728074833059843,...,confusion
1395487495853383687,...,confusion
1397648201998602242,...,confusion
1397932521657188355,...,confusion
1398506309037723651,...,confusion
1398854234368626689,...,confusion
1399621112284254209,...,confusion
1401378207262183430,...,confusion
1401535667436494850,...,confusion
1402006843338235906,...,confusion
1402311235996114956,...,confusion
1402497799351156736,...,confusion
1404532071398313987,...,confusion
1405421604889300997,...,confusion
1406273349630808067,...,confusion
1406590305541963776,...,confusion
1409812975410679810,...,confusion
1410369707618836493,...,confusion
1411654245397499905,...,confusion
1411654282051477505,...,confusion
1411908112785813505,...,confusion
1412476880637280259,...,confusion
1412811007966253058,...,confusion
1415009295754727424,...,confusion
1419898870172209156,...,confusion
1421789435830669313,...,confusion
1422534918383472643,...,confusion
1432362919698837507,...,confusion
1432976792445493249,...,confusion
1246781093711351809,...,confusion
1248241199011508226,...,confusion
1275485940010627079,...,confusion
1338117521375899648,...,confusion
1358498888202747905,...,confusion
1368131820349489153,...,confusion
1368277499394809857,...,confusion
1368459835436654595,...,confusion
1373248811565465605,...,confusion
1381677507498364929,...,confusion
1385881277790887936,...,confusion
1388191899064885259,...,confusion
1389370801078652934,...,confusion
1390217047662006273,...,confusion
1395794937640259585,...,confusion
1396934139090243591,...,confusion
1405336286844624901,...,confusion
1405476569435488258,...,confusion
1405697293257412609,...,confusion
1405974765387517952,...,confusion
1407270307216384003,...,confusion
1407303127632654344,...,confusion
1410554701679104003,...,confusion
1434902962351087622,...,confusion
1244335052852469760,...,confusion
1251149865159061506,...,confusion
1235008345628643334,...,confusion
1261768529155670016,...,confusion
1263933163136483329,...,confusion
1267766929776934923,...,confusion
1274646889074475008,...,confusion
1362198619756101634,...,confusion
1370834608850415622,...,confusion
1372370948826017802,...,confusion
1374405187557679104,...,confusion
1379086391611637761,...,confusion
1380861341133647878,...,confusion
1382852566992687105,...,confusion
1384328227246723073,...,confusion
1385715021712347139,...,confusion
1390350180961202177,...,confusion
1396748188695080961,...,confusion
1396887689841061894,...,confusion
1402055575081467908,...,confusion
1402340064517099520,...,confusion
1402948036368769025,...,confusion
1403503127962263554,...,confusion
1404116866835095557,...,confusion
1405771712570925059,...,confusion
1409371203048030208,...,confusion
1411893345270611968,...,confusion
1414729539914194944,...,confusion
1415356752292417547,...,confusion
1416681494370820098,...,confusion
1416781069324587012,...,confusion
1416784593940881408,...,confusion
1418686129478545413,...,confusion
1419733983752069127,...,confusion
1455667413706547202,...,confusion
1253772133777408001,...,confusion
1276953272708935685,...,confusion
1276954149754736640,...,confusion
1292913826980147201,...,confusion
1339520002005864449,...,confusion
1357300659738001409,...,confusion
1376520809318117379,...,confusion
1394158291954057217,...,confusion
1398407146371436547,...,confusion
1398407884862636032,...,confusion
1408490085071327236,...,confusion
1416524393640087556,...,confusion
1256132812828262401,...,confusion
1285837167374344193,...,confusion
1331017967774130177,...,confusion
1232412475347349504,...,confusion
0,لا قدر الله اصيب الطالب او الطالبة بيغيب ويجلس بالبيت طيب ليش ما يجلس يدرس عن بعد وهو سليم بصحة وعافية,confusion
0,مره اقل خطورة ومره اشد فتكاً ،،،، ياخي مين الي يصرح بهذي الامور ومين ينقل عن مين مدري احنا نعيش في كوكب واحد والا في اكوان متعددة نفسي بس اعرف ومتأكد ان التصاريح السلبية والايجابية تعود لنفس الجهة….,confusion
0,ماعدنا نعرف من الصادق ومن الكذاب واحد يحذر وواحد يهون وواحد يبشر وواحد ينذر,confusion
0,بصراحه الواحد مو عارف فيه انفلونزا عاديه او ميكرون اوكارونا في هالاجواء البارده ماتفرق بين الانفلونزا العاديه وبين الكارونا,confusion
0,والله حيرتونا مره تحذرون ومره تبشرون,confusion
1293215145418788865,...,confusion
1312755488988291073,...,confusion
1320765685199474691,...,confusion
1411335246096879622,...,confusion
0,لماذا لايعملو المسحه في المطارات مباشرة وليس في مراكز عمل المسحه قبل يوم ؟؟,confusion
1427716645242482694,...,confusion
1327362535813771264,...,confusion
1467808420610854913,...,confusion
1467264691697246215,...,confusion
1440886915767623684,...,confusion
1272223201658130432,...,confusion
146601597057781350,...,confusion
1418292052756926465,...,confusion
0,عجيب أمر هذه البلد، نقاش حول مؤامرة كورونا ثم خطة وزارة الصحة ثم سلامة اللقاح، و رفض فرضه، ثم "فريزرات",confusion
1431738649234837508,...,confusion
1466905886962630662,...,confusion
1389227343978418182,...,confusion
1338773937136734208,...,confusion
1381741852802572292,...,confusion
0,استاذ هل دواء سيبروفلوكساسين مفيد ضد كورونا علما اني مشتبه في حالتي وعند اخذ هذا الدواء احس بالتعافي .,confusion
1466842324479221763,...,confusion
1462573715066085390,...,confusion
1430147666319757332,...,confusion
1467265303876882441,...,confusion
0,شكرا دكتور مر شهر على اصابتني بكور ونا و ظهر الفحص ايجابي رغم اختفاء كل الاعراض ما العمل,confusion
1435372620875280384,...,confusion
1450940945311191042,...,confusion
1430913366885912577,...,confusion
 1431588871637176320,...,confusion
1422818279526182912,...,confusion
1466361845846056965,...,confusion
1466866738667081736,...,confusion
1429474653983186948,...,confusion
0,هل المريض بصرع فائق يواصل التعليم عن بعد ؟,confusion
1400260724660768769,...,confusion
1310852845403594754,...,confusion
1316128389099552777,...,confusion
1421802170769358857,...,confusion
1469660864919871489,...,confusion
1326162697503854594,...,confusion
1328653171116421121,...,confusion
1319955027977490432,...,confusion
1323324596020482052,...,confusion
1422328470445694980,...,confusion
1405828014034849793,...,confusion
1439954274188935175,...,confusion
0,قلق في قلق (أولياء الأمور بيكنوا قلقين..المدرسين قلقين..الطلاب قلقين)..ما وضح معالي الوزير الآلية المتبعة لإكتشاف أي حالة داخل القاعة الدراسية؟ هل ستمر فرق ميدانية صحية على جميع الطلاب كل يوم؟!,confusion
0,مافهمت الابتدائي حضوري او عن بعد,confusion
0,ياجماعة انا عمري 11 وداخل هذي السنة اول متوسط يعني حضوري وعشان اروح حضوري لازم اخذ اللقاح وعشان اخذ اللقاح لازم يكون عمري ايش اسوي😂,confusion
0,ضحكتني .. لا نعلم هل هناك مرض بالفعل وهل هناك شيء اسمه فيروس كورونا قد يكون هناك فيروس لكن اتوقع لا يصل لهذا المستوى,confusion
0,حضوري ؟,confusion
0,بنهار المقطع على الجرح 😭 يوم تعلقت الدراسة وسمعت الخبر يوم الاحد كنت اذاكر كان عندي اختبار يوم الاثنين 😭 ولمن سمعت الخبر وقروبات الجامعة عندي اتحرقت رسايل انهرت ما ادري ا ولا ابكي 🙂🙂 كانت حالتي زي الهبلة 😂😂 والله استغفر الله صح انه عن بعد حلو بس يخي ابغا ارجع حضوري وحشتني الجامعة والركض بين القاعات 🙂🙂💔,confusion
0,انا المشكله مدرسه اهليه و يوم الخميس انقطع السحاب التنوره قلت لابوي يصلحه وتعبت يوم السبت وغبت الاحد بعدين سويت قطه مع صديقتي وابوي جاب شيبسين بعدها علقو دراسه وكنت اكل الشبس وانا كلي دموع على ما اعرف احدد وضعي 🌚💔,confusion
0,ياخي ليه نبي عن بعد وناس الي تبغى حضوري مادري وش فيهم اقعد بالبر الحالي بليل ولا اروح المدرسه,confusion
0,المحلات و المطاعم و السفر هاذي على حسب الشخص و مو إجبار طيب يمكن فيه عايله مهتمين في انفسهم و مايطلعون و ما يتخالطون واخر شي المدرسه حضوري و إجباري و تجيهم كورونا وش الفايده,confusion
0,ليش تبون حضوري تكفى علموني 🥺,confusion
0,وشو الحين بيكون فيه عن بعد وفيه حضوري ما يصير قررو ترم عن بعد ولا ترم حضوري ما نبي نص ونص,confusion
0,الابتدائي حضوري أو عن بعدددددد؟؟؟؟؟,confusion
0,قالت بس حضوري بس ماندري في المنصة؟,confusion
0,الابتدائي حضوري مدخله غير بجرعتين او بجرعه وحده ولا عن بعد ان عمري 11 تكفين ردي,confusion
0,طيب انا عمري١١وصف اول متوسط كيف يعني بحضر حضوري ولا؟,confusion
0,تكفين ردي المدارس الابتدائية حضوري او عن بعد,confusion
0,طيب لوسمحتي انا عمري ١١ سنة ورايحة اولى متوسط لاكن رحت لي اخذ القاح وقالو لي ان ما اقدر اخذه لان عمري تحت ١٢ سنة يعني رح ادرس حضوري ولا عن بعد ؟ ردي بليززز,confusion
0,طيب متوسط حضوري مع بعد,confusion
1400632966720671749,...,confusion
1432173510294638592,...,confusion
1239315392306315265,...,confusion
1277685631703973907,...,confusion
1377048543211454467,...,confusion
1236722798225211393,...,confusion
1263998770783686656,...,confusion
1301537716090400769,...,confusion
1417647010073751552,...,confusion
1224675152383836163,...,confusion
1226187847423578113,...,confusion
1236031534647463937,...,confusion
1239983980834885633,...,confusion
1249773333656276993,...,confusion
1252889325236359168,...,confusion
1255528407544315907,...,confusion
1259722447034687493,...,confusion
1264854723296968704,...,confusion
1267878850190610434,...,confusion
1288427142968160256,...,confusion
1289457553148006400,...,confusion
1341655121160249344,...,confusion
1353332185428877312,...,confusion
1356667211654586369,...,confusion
1468169910593458177,...,disgust
1334955791900610564,...,disgust
1466820753563824138,...,disgust
1466798537212153863,...,disgust
1468084299194843146,...,disgust
1454098156170403862,...,disgust
1458816983919693829,...,disgust
1464422282475065344,...,disgust
1464610987017973760,...,disgust
1437113874038280193,...,disgust
1425156818502815750,...,disgust
1420371786538094597,...,disgust
1412677507434831876,...,disgust
0,يعني نحن تجارب لي اللقاح لا تعليق 😑 😑 😑 😑 😑 😑 😑 😑 😑 😑 😑 😑 😑 😑 😑 😑 😑 😑,disgust
0,شكلهم يبغونا نتحور من هذي التطعيمات,disgust
0,لا حبي طريقة اقناعك قديمة 😂😂 مارح اخد اللقاح ولا راح احط الكمامة والحامي الله اصلا كل الكرونا لعبة خارجية ومؤامرة بس في الله مارح ينسى اللي عملوه,disgust
0,كانت وحده صارت ثنتين والحين ثالثه بكرا رابعه وخامسه وللأبد ومو اجباري فجأه غصب عنكم تاخذونها ولا تتعطل حياتكم انتم تصادرون حريات البشر بالأجبار وبعد کل شوي طلعتوا لنا اصدار جديد من اللقاح,disgust
0,وش التناقض ذا ويقولون ان اللقاحات ماتفيد مع المرض ذا,disgust
1466027847991107586,...,disgust
1466010195977555974,...,disgust
1467585421597097985,...,disgust
0,سلالة الكذب هههههههه ومتحور الكذب ههههههههههههههههههه,disgust
0,متحوور الفطر الأسود هههههههههههههههه,disgust
0,متحوور. وذ نكههههة ههههههههههه,disgust
0,ادا قمت باخد جرعة من اللحقاح فستتحول الى مغنطيس,disgust
0,التلقيح إستعمار تكنولوجي خطير جدا وقاتل وله علاقة بالتحكم عن بعد إنتبهو يا رؤساء العرب و يا شعب العالم,disgust
0,القضاء على البشر وليس على الفيروس الوهمي انتبهو من سمومهم,disgust
0,كلام فاضي تم تطعيم مليونين شخص من اصل ٤ ملايين ومازالت الوفيات والاصابات لا تنخفض,disgust
0,وش ذا الفايروس اللي ما يذبح لا جرعه ولا جرعتين🌚,disgust
0,مو شغلك ذبحتونا بجرعتين وناويين تكملونها,disgust
0,ما نحتاج ولا جرعه ليا سنتين عايشه الحمدلله ولاجرعه اخذت ماشاءالله فكونا من الجرعات نبغى نسافر بدون لقاح قرفنا,disgust
0,ترى مهزله شقيتونا تجارب لقاح ماهي للمرض ولا تصده… بنموووت عادي بس لاعاد تجربون فينا ترى ندري انه الثالثه مو اخر شي بعد نددددرررررري وتعببببببنا من اللقاح,disgust
0,يا اخي ازعجتونا خلاص التزمو والتزمو طفشت وانا لابس كمامه كاني لابس نقاب حرمة ليش ماتقولون من اللقاح,disgust
0,يا أخي ملينا التزم التزم التزم اكثر من سنة نلتزم ماهي عيشة,disgust
0,الحين من اللي لعب عليك وقال ان المرض الطاعون الاسود يخوي ما غير انفلونزا غثيتوا امنا فيه,disgust
0,ترى طفشنا من هاللقاحات ماعاد باخذ ولا لقاح,disgust
0,اما عاد ذبحتونا جرعات,disgust
0,ليش الدمار الزايد باللقاح خلاص طفح الكيل من هالتجارب الفاشلة المضره,disgust
1467872984941711367,...,disgust
1467854747340361729,...,disgust
1467565705977548801,...,disgust
1466187458740109313,...,disgust
1467887877426196485,...,disgust
1467794843619446788,...,disgust
1467297409222983680,...,disgust
1466321470624350210,...,disgust
1462405232894353410,...,disgust
1321484940236783618,...,disgust
1340772903521021952,...,disgust
1467830537196740608,...,disgust
1466729426603941894,...,disgust
1466106484337618945,...,disgust
1244746883064627200,...,disgust
1465988931141476361,...,disgust
1303696024960208896,...,disgust
1247148562938503168,...,disgust
1235514502575255552,...,disgust
1234618996026155014,...,disgust
1409448640075141124,...,disgust
1296026581366906881,...,disgust
1345484879568510977,...,disgust
1294039793119133698,...,disgust
1234618996026155014,...,disgust
1243198982278590465,...,disgust
1241826751287685120,...,disgust
1298133722961711104,...,disgust
1308863926617206786,...,disgust
1261267334720884736,...,disgust
1256703112561205248,...,disgust
1268526809362112513,...,disgust
1295626495990407169,...,disgust
1399449803940143113,...,disgust
1254529249756819456,...,disgust
1236768672104013828,...,disgust
1240822009761841158,...,disgust
1255663882141683713,...,disgust
1417870123302522886,...,disgust
1319949056106430465,...,disgust
1263137590733082624,...,disgust
1236257675048038400,...,disgust
1342265123885481984,...,disgust
1234106519668633600,...,disgust
1463901579447316487,...,disgust
0,ماسالفتهم الا اللقاح خلاص يكفي خلونا نعيش حياتنا طبيعيه,disgust
0,ذبحتونا باللقاحات فكونا وتسلم مناعتنا. خلقنا الله في احسن تقويم,disgust
0,خلاااص فكوووونا من توكلنا واللقاحات هلكتونا بالموضوع,disgust
0,شكل سالفة مطوله كل ما طلعنا من حفره طحنا في ضحضيرة خلاص وقفوا الرعب ذَا نفسيتنا تعبت سنتين وداخلين في ثالث ارحموا الناس,disgust
0,صرعتونا بالمتحورات،مرة امريكي مرة افريقي مرة هندي.....لا حول ولا قوة إلا بالله العلي العظيم,disgust
0,مستشفى يغلق النفس,disgust
0,هذه مهزله ، هل اصبحت الفيروسات مصدر من مصادر الدخل للدول ، كل شهر يصدر تحديث للنظام,disgust
0,يمعودين توني اخذت اللقاح الثاني... يعني كل ما يجي مرض جديد ناخذ لقاح عز الله يبست اجسامنا,disgust
1467457061407662080,...,disgust
1467335596301590528,...,disgust
0,للأسف فاتنا هذا العرس ولكن مبروك لكلا الفيروسين,disgust
0,بعد في ناس بتصدق هالمسخره؟,disgust
0,خدعه جديده,disgust
0,اطلعو من روسنا الاعراض جدا خفيفة فكونا من هالمسئلة,disgust
0,متى ينتهى امتحان كورونا واخواتها,disgust
0,انا قررت احمل تطبيق ضد الفيروسات 🤪,disgust
0,هذه مهزلة، هل اصبحت الفيروسات مصدر من مصادر الدخل للدول، كل شهر يصدر تحديث للنظام,disgust
1321520115582717954,...,disgust
0,مهزلة فيروس تافه من صنع البشر,disgust
0,مسلسل كورونا وحلقاته الطويلة انتاج واخراج امريكي لازالوا مستمرين في تمثيل هذه المهزلة,disgust
1382385643041480704,...,disgust
1238154968047194113,...,disgust
1357779146399703046,...,disgust
1270268644426223616,...,disgust
1238836334216785922,...,disgust
1268974935361368065,...,disgust
1290362826087956481,...,disgust
1295801277922844681,...,disgust
1366715998703935490,...,disgust
1272892398125944837,...,disgust
1239960706059046914,...,disgust
465539861857185792,...,disgust
1271425011505643520,...,disgust
1394490971728064522,...,disgust
1399395971747004420,...,disgust
1236422138782978048,...,disgust
1405121843212828674,...,disgust
1415067806748577792,...,disgust
1409661863202156544,...,disgust
1464386027855007749,...,disgust
1386291838936563713,...,disgust
1301126634913792000,...,disgust
1414483035643338754,...,disgust
1401268207844040704,...,disgust
1272352811909595137,...,disgust
1237100774901067778,...,disgust
1468357565704810496,...,disgust
1437484368822509572,...,disgust
1255773610184265728,...,disgust
1238486197841940486,...,disgust
1290362826087956481,...,disgust
1391142256422359040,...,disgust
1466195525078855681,...,disgust
1359129289522884610,...,disgust
1300847645511081989,...,disgust
1240337029654884363,...,disgust
1430247116606218245,...,disgust
1372952703001899008,...,disgust
1249314496830734336,...,disgust
0,لقاح كذبي ماله فايده وكلام وهرج واجد وتناقضات لاتعد ولا تحصى الى متى!!!,disgust
0,تصريحات تسد النفسسس!,disgust
0,التحورات أوهام في أدمغتكم فقط، كفى لعبًا بعواطف الآباء والأمهات وإثارة القلق والهلع فيهم.,disgust
0,المقصود منه إثارة جو من الرعب والفزع والاضطراب النفسي؟!!,disgust
0,اول مره في حياتي اشوف شخص متناقض في كلامه ها الكثر,disgust
0,من أخذ اللقاح إما من تخويف مبالغ فيه وإما من إجبار,disgust
0,ما افهم ليش التخويف,disgust
1269881937629458432,...,disgust
1238633431996796935,...,disgust
1268466605257895937,...,disgust
1377712350770438154,...,disgust
1467816789480509441,...,disgust
1286885753038020608,...,disgust
1269148822506266624,...,disgust
1233772977235415041,...,disgust
1223341375686615041,...,disgust
1313730937881063425,...,disgust
1391256588942462976,...,disgust
1295071025672011776,...,disgust
1358429467102838784,...,disgust
1240808932467265539,...,disgust
1464367550469451776,...,disgust
0,سبحان الله منافقين ورعاة الابادة البشرية,disgust
0,الهدف من الفلم هذا كامل يبونك تاخذ جرعه ثالثه .. الخ,disgust
0,كنا نقول قلة الوعي لها علاقة بالتعليم ،، والله العظيم حتى اللي معاه ماجستير و مدراء اقسام انصدمت من قلة الوعي عن كورونا اللي موجود والاستهتار!,disgust
0,بدأ الكذب والدجل على الناس,disgust
0,عطونا من الآخر وين بتوصلون .. وماهو المطلوب ..,disgust
0,يعنى ذبحتونا بالقاح ع الفاضى دام مالها داعى اعتقونا منه ايه فايدته طيب,disgust
0,ياخي انا مو فاهرني الغرب معروف بكذبه,disgust
1469703829419708417,...,disgust
1469239593107169280,...,disgust
1468956434066862091,...,disgust
1463100755917819910,...,disgust
1419888423708602368,...,disgust
1469214932038258688,...,disgust
1468605152013737985,...,disgust
1463993598211506180,...,disgust
1419936583306911760,...,disgust
1268941520478056448,...,disgust
1261811407638724609,...,disgust
1241668567952691200,...,disgust
1251198254940934144,...,disgust
1412405617998843920,...,disgust
1438598640633798657,...,disgust
1237118509907353600,...,disgust
1429100614768857094,...,disgust
1314546106450300932,...,disgust
1335246813629177860,...,disgust
1372114133928308736,...,disgust
1290362826087956481,...,disgust
1260369551063212032,...,disgust
1330521421810896906,...,disgust
1259623540355207168,...,disgust
1467831141252145160,...,disgust
1465270071652233223,...,disgust
1465983027851505668,...,disgust
1468572287456718851,...,disgust
1393296932429303810,...,disgust
1359871782208086017,...,disgust
1366060147093745666,...,disgust
0,خلاص عاد اشغلتونا باالكرونا,disgust
0,الكرونا كم حلقة بالضبط والله زهقنا ربنا يحفظنا جميعا.,disgust
1236922332519825408,...,disgust
1263653108875431937,...,disgust
1356729426910859271,...,disgust
1283740613075230720,...,disgust
1248992305379528704,...,disgust
1262187875367616513,...,disgust
1444546459458756608,...,disgust
1304069447842488321,...,disgust
1466272009709629447,...,disgust
1465485972087480321,...,disgust
1465059886878924818,...,disgust
1465106324396589060,...,disgust
1465031292475617284,...,disgust
1465035763431657474,...,disgust
1465031741995991040,...,disgust
1464982508697800716,...,disgust
1465458210408734726,...,disgust
1465999876806823942,...,disgust
1465982152227622913,...,disgust
1271423711552458755,...,disgust
1400433070549962753,...,disgust
1401156612551856132,...,disgust
1400797614296141828,...,disgust
1401885827446214663,...,disgust
1401883477113442306,...,disgust
1303759039466287114,...,disgust
1315175980575588357,...,disgust
1327735730584555521,...,disgust
1411664744591900673,...,disgust
1467439085249781764,...,disgust
1271178189390467074,...,disgust
1423252455349948418,...,disgust
0,لله يفكنا من. من هذا الفيروس العالم من فيروس الي فيروس مره جنون بقر ومره دجاج وووووو خلونا تحت الله وفكونا من الاخبارهذه كلا ياخذ يومه يرحم والديكم وخاصة انت ياوزير الصحه خلاص طفشنا كرهنا انفسنا. من هالا خبار وووو,disgust
0,ياعيال متى يخلص كورونا ؟؟😥😥😥😣,disgust
0,لاحول توهم مسجلين حاله,disgust
0,غثيتنا,disgust
0,استغفرالله كل ماخلصنا من شي جابو لنا شي ثاني وش هاذي البليه 😏,disgust
0,دخلنا على بدون يمناك لا عدمناك و الي يقطع لك اللحم بيده للحين صامل 😩,disgust
0,ملينا وحنا نعقم يدي صارت يد ضب 🙂متى نطلع بدون كمام وقفاز 😭😭😭 يارب ارفع عنا البلاء والوباء ياارحم الراحمين,disgust
0,ياليت الكمامه تلبس باستمرار فيه ناس يحتاجونه صراحه الكمامه ريحتنا من بعض الروايح وربحتنا من الاسنان وشفاه المدخنين يعني صراحه الكمامه نعمه يجيك يعطس ولا يكح ماحط ايده ولا منديل🤢بعضهم بهم تهاون بنظافه بشكل فضيع,disgust
0,ولكن اللقاح لايمنع الاصابة..انتوا ليش تحبوا تخلونا بخوف وعقدة النقصان .. راح يصيبنا احباط,disgust
nan,وين استجابه مناعيه وانا بغيت اموت منها وكل اسبووع زكمه 😒,disgust
1241062014665011206,...,disgust
1327326851459653632,...,disgust
1363523911619600390,...,disgust
1292707913593688066,...,disgust
1284240403613593606,...,disgust
1313823640463511552,...,disgust
1358333977363415042,...,disgust
1304417712471527425,...,disgust
1397559310243278848,...,disgust
1468610464217186310,...,disgust
0,سبعين مرة يقولون انهم سيطروا عليه,disgust
0,ومن قال أنها فعالة أصلا كفاكم كذبا على البشر,disgust
0,لم يموتو بسبب كورونا ،بل بسبب اللقاح، كفاكم تضليلا ستحاسبون امام آلله.,disgust
1269357601403305984,...,disgust
1462669798404497408,...,disgust
1447934528320856069,...,disgust
1336651309194338306,...,disgust
1419050791214665731,...,disgust
1467987999627620363,...,disgust
1413490428758749188,...,disgust
1237654609382039554,...,disgust
1263863205136302083,...,disgust
1242153623846555653,...,disgust
1236517649628172293,...,disgust
1234534455567581189,...,disgust
1242812572438597634,...,disgust
1340784501509730314,...,disgust
1269969660767866882,...,disgust
1242806182764478464,...,disgust
1239232516449542145,...,disgust
1235161266718679041,...,disgust
1242937823709335559,...,disgust
1401200958550560770,...,disgust
1423946471947309060,...,disgust
1409651608799965188,...,disgust
1394755881099739139,...,disgust
1386343429374889984,...,disgust
0,حسبي الله ونعم الوكيل في الصين وأكلهم المقرف,disgust
1398901998301368323,...,disgust
1245184801545519106,...,disgust
1257385144543055875,...,disgust
1220297244064276480,...,disgust
1467833631980888069,...,disgust
1466499602283208714,...,disgust
1466001269693329409,...,disgust
1465753378819121158,...,disgust
1340779029016752128,...,disgust
1283417522738536449,...,disgust
1248692132942094337,...,disgust
1467828862314819588,...,disgust
1467835548589084676,...,disgust
1416423058466824192,...,disgust
1465023675762200583,...,disgust
1430785863659757572,...,disgust
1465281607133278209,...,disgust
1269046078277660680,...,disgust
1390742782252404746,...,disgust
1465439369955876864,...,disgust
1280289767708676097,...,disgust
1243588101248868354,...,disgust
1320259623618859009,...,disgust
1280268892028440580,...,disgust
1357233239841193986,...,disgust
1365743114313433090,...,disgust
1369780027836035078,...,disgust
1415765706092818441,...,disgust
1368829132046483458,...,disgust
1249824177848188929,...,disgust
1396576170544611328,...,disgust
1436731057211117571,...,disgust
1430639577467867139,...,disgust
1335566874562736128,...,disgust
1320259623618859009,...,disgust
1434187854230573061,...,disgust
1340775545559281664,...,disgust
1459621921763569668,...,disgust
1374558565264977921,...,disgust
1420634760456585216,...,disgust
1465751712325644288,...,disgust
1467539451240976391,...,disgust
1269262315561594880,...,disgust
1466086590862745602,...,disgust
1466917860689817600,...,disgust
1465340254395711496,...,disgust
1465173720717316096,...,disgust
1465109033757687815,...,disgust
1466195264981590018,...,disgust
1467840650800476160,...,disgust
1466399048525660166,...,disgust
1455734897025470466,...,disgust
1298677958454935552,...,disgust
1276635778840498176,...,disgust
1335173831636480000,...,disgust
1264790418027360257,...,disgust
1271488654519787522,...,disgust
1290362826087956481,...,disgust
1415985165315231745,...,disgust
1468943061707370499,...,disgust
1327551965157441538,...,disgust
1340736721969885193,...,disgust
1413876364646756361,...,disgust
1466044880560480269,...,disgust
1468698103935078407,...,disgust
1301820902804516864,...,disgust
1466499634700988423,...,disgust
1428851730817732610,...,disgust
1465965552111923202,...,disgust
1451989761535750146,...,disgust
1359486878970429442,...,disgust
1272933683293454336,...,disgust
1320068991147192320,...,disgust
0,خلاص عاد اشغلتونا باالكرونا 😹😹😹,disgust
0,بس باقي ينتجون طعام لكورونا 😑,disgust
0,تعبنا والله مانزال مع كورونا الأب حتي يخرج أحفاده ينهكوننا بالزيارات المفاجئة,disgust
0,لسه كرونا كرونا كرونا ملللللت 😫 اصبحت مشهورة اكتر من جاستن بيبر,disgust
1460587203290148872,...,disgust
0,يعععع كورونا 😭😭😭😭😭ليش فيروس كورونا 😭😭😭,disgust
0,احس بحالة اشمئزاز من كل شي مدري هو وش قاعد يهبب فيا كورونا,disgust
0,هههههه الله ينتقم منكم. قل خيرا او اصمت,disgust
0,كذبو قد مافيكم لقاح ماراح اخذو . لو راح عيش بالغابة,disgust
0,كفاكم كذب على العباد أنتم أشد خطراً من كورونا والمتحور أنتم من صنع هذه المكروبات أنتم أخطر مكروب عرفه التاربخ,disgust
0,دكتوره انتي فككتي اللقاح بنفسك وعرفتي مكوناته ؟؟؟ ولا جايه تنقلي تصريحات المنظمات (( الامريكيه )),disgust
0,هو فيه وباء صحيح بس الموضوع بالغوا فيه الناس كثير زيادة عن اللزوم,disgust
0,الله يفكنا من. من هذا الفيروس العالم من فيروس الي فيروس مره جنون بقر ومره دجاج وووووو خلونا تحت الله وفكونا من الاخبارهذه كلا ياخذ يومه يرحم والديكم وخاصة انت ياوزير الصحه خلاص طفشنا كرهنا انفسنا. من هالا خبار وووو,disgust
1469702030335922185,...,disgust
1469719643384434691,...,disgust
1469754150871310343,...,disgust
1469674096485097472,...,disgust
1469684123015032835,...,disgust
1469637551464103941,...,disgust
1469632255152869376,...,disgust
1469652787885744128,...,disgust
1469124553293148162,...,disgust
1466249582170488841,...,disgust
1466500675857178640,...,disgust
1466750743633924107,...,disgust
1466078916976824330,...,disgust
1467566889006215172,...,disgust
0,لن ينتهي حتى الناس تفكر ليش الوباء حصل اصلآ ويش سببه 🤪,disgust
0,الوباء ينتهي بعد القضاء على البشر,disgust
0,حبيت كورونا لانو طلع شخص محترم 😂,disgust
0,الله يديمك أخي كورونا😂😂,disgust
1241759127493361665,...,disgust
1280607391889973248,...,disgust
1320938975805296640,...,disgust
1410497456564019202,...,disgust
1224570535398592512,...,disgust
1372859908748611584,...,disgust
1411703247140700160,...,disgust
1340233564760190976,...,disgust
1313098287017271300,...,disgust
1283740613075230720,...,disgust
1262187875367616513,...,disgust
1300332988669079558,...,disgust
1468179055686082560,...,disgust
1465031951996366855,...,disgust
1468824619058712579,...,disgust
0,كله كذب في كذب وما يصيبنا إلا ماكتبه الله لنا من اول كارونا لم ارتدي حتاكمامه كله كذب في كذب,disgust
0,الكرونا كم حلقه بالظبط 😂 والله زهقنا ربنا يحفظنا جميعا,disgust
0,هو بالفعل مثل الهواتف الذكية كل فترة يجددو فيه ما عم يقدروا يحققو هدفهم بقتل اكبر عدد بس يصير حرب عالمية بتوقف كورونا وما حدا رح يتذكرها,disgust
0,وبعدى كرونا فقط في بيوت الله واماكن الذكر اما الاسواق والجامعات والاماكن العامه لا يوجد (على غيري),disgust
0,الله يحفظنا من كورونا البشرية,disgust
1391508752726118402,...,disgust
1467828914064138240,...,disgust
1467901670034186255,...,disgust
1469475738378280963,...,disgust
1468192598049402883,...,disgust
1468244106119946257,...,disgust
1368108056387739648,...,disgust
0,المصيبة والطامة الكبرى إذا كان هناك فيروس ملتصق بحياتك ألعن من كورونا لاتستطيع الخلاص منه إلا بخلعه وفراقه في محكمة شرعية وهذا مايجب أن تقوم به كل إمرأة يتواجد في حياتها مثل هذا الكائن الخبيث المؤذي.,disgust
0,?شر البلية مايضحك فيه مرأة اظن من الغرب يقال جابت توائم وسمتهم واحد فيروس وواحد كورونا ومصورينها?إذا عاشو سيعانون من اسمهم ويضحكون عليهم الناس ويقولون انتم وباء,disgust
0,اشغلتونا وجبتو لنا الصداع والقلق,disgust
0,شيء م، ليس الم التصريح المخجل ولكن الم أن يذهب مواطنون للعلاج في دول، هذا مستواهم فكيف تتوقع علاج جيد، كذلك التعليم، هل ننظر للأسفل !!!,disgust
0,قرفتونا ههههه قال مكعبات ثلج بعد,disgust
1339922174761701377,...,disgust
1406570136782389249,...,disgust
1367637739374596097,...,disgust
1418956093913501699,...,disgust
1441269362287996929,...,disgust
1339629474862649344,...,disgust
1233416870604214272,...,disgust
1406236920334667779,...,disgust
1408062577611927568,...,disgust
1382433047564390401,...,disgust
1338006783911223296,...,disgust
1390627956226154497,...,disgust
1417083126187237380,...,disgust
1234563924151930881,...,disgust
1237678733881982977,...,disgust
1386411398272585730,...,disgust
1399616943473242112,...,disgust
1407800035291680768,...,disgust
1241822797350961153,...,disgust
1254396323287240706,...,disgust
1444656393856897026,...,disgust
1401935884975493124,...,disgust
1397711343088812032,...,disgust
1434153529103486976,...,disgust
1412232891409395715,...,disgust
1413486498268147715,...,disgust
1423321223291867138,...,disgust
1346725641408942080,...,disgust
0,صاحب القرار متعمد ياخر الاعلان عنه وهذا يدل على نفسيه مريضه,disgust
0,تناقض عجيب .,disgust
0,الي يخاف على عياله مسوي خايف عليهم من الحضوري هو ماخلا ولا مول ولا سوق ولا مكان الا وراح له,disgust
0,حريم السلطان وخرفان خليفة العجم مقهورين هههههههه لسا ما شفتوا حاجة يا خرفان العصملي يا عملاء يا خونه انتم سبب دمار بلدانكم يا همج,disgust
0,المذيع مستهتر المفروض يترك مايك على جنب ويسكر فمه ويطفي سيارة لان سيارة يخرج منها حرارة للاخرين الى برى سيارة ويفتح الباب ويخرج منها ثم يذهب الى غرفة مستشفى ويستلقي على سرير ومن ثم اخذ العينة ويذهب الغرفة تكون معقمه وتكون خاصة لمرض كورونا وتعقيمها دوريا ولاحظت شغله ممرضة سعودية مفروض تلبس قفازات وكمام انا ماني عارف ليش الاستهتار هذا في اخذ عينه,disgust
0,احس اني تعبت من سماع الموتمر كل يوم لا تستطيع التحمل 😣,disgust
0,ليه بس عشرين العالم كلهم اخذو التلقيح خلوها خمسين ستين ياخي اكثر العوايل عددهم اكبر من الخمسين بكثير وش فايدة اللقاح ما شلنا كمام ولا التقينا في او عزا ؟,disgust
1339629474862649344,...,disgust
1339922174761701377,...,disgust
1357272394193399814,...,disgust
1367637739374596097,...,disgust
1399698963457007620,...,disgust
1406236920334667779,...,disgust
1410903845794889732,...,disgust
1418956093913501699,...,disgust
1441269362287996929,...,disgust
1234563924151930881,...,disgust
1237678733881982977,...,disgust
1238563696705765378,...,disgust
1240561546943705088,...,disgust
1265014260717019137,...,disgust
1338006783911223296,...,disgust
1399616943473242112,...,disgust
1406485011088424962,...,disgust
1407800035291680768,...,disgust
1410897207339986946,...,disgust
1254396323287240706,...,disgust
1406139311402229762,...,disgust
1412232891409395715,...,disgust
1413486498268147715,...,disgust
1444656393856897026,...,disgust
1357335667148132358,...,disgust
1466155945197715459,...,disgust
1465988288582463493,...,disgust
1302383332823576576,...,disgust
1242545592640905221,...,disgust
0,يارجال وربي مستانس عشان بتكون الدراسه عن بعد ههههههههههههههههههههههه,disgust
0,العالم صار اسوأ من قبل، الحين الناس صارت مجنونة ومافي استيعاب حتى انا في العمل عندي موظفين قليلين ادب ومافي احترام للناس فعلاً هذا الزمن مايسوى ولاريال وين وصلنا الحين كل ماتقدمنا كل مارجعنا اسوأ,disgust
1461669724207603718,...,disgust
1365368946271092739,...,disgust
1271182675974459392,...,disgust
1417885244330549253,...,disgust
1235016508595671041,...,disgust
1415650974862094336,...,disgust
1236771904477896715,...,disgust
1269609999241809929,...,disgust
1469619304203227136,...,disgust
1251495239950438400,...,disgust
1409998077918953480,...,disgust
0,بس شغلتهم يمنعون الناس من الدوام و من المولات هذي شغلتهم بس. بعص!,disgust
1425998656080125963,...,disgust
1301535778091274240,...,disgust
1424096072071274502,...,disgust
1339450396583063552,...,disgust
1375624373323898884,...,disgust
1400092480410984452,...,disgust
1431317366244261889,...,disgust
1292707913593688066,...,disgust
1239599339292459009,...,disgust
1465319959622475781,...,disgust
1358686359020580864,...,disgust
1395261217346830343,...,disgust
1465256580656545794,...,disgust
1466404506434949122,...,disgust
1314257172717613056,...,disgust
1467718852956012546,...,disgust
1293587784389795840,...,disgust
1465761651186094085,...,disgust
1467714662678597634,...,disgust
0,اشغلتونا بالدراسه عن بعد الطلاب مافهمو وهم يدرسون وأنتم تقولون عن بعد اضرب درجات النصف الاول بي٢ ونجح الطلاب وانهو الدراسه وخلو عن بعد للسنه القادمه,disgust
0,القرار صحيح بس توقيته قبل الاختبارات باسبوع لم يراعي الجانب الاستعداد للطالب النفسى ويدل انه من اتخذه غير ملم بالتربيه فجاءة من بعد الى حضورى لا بد من الاستعداد النفسى لطالب الله يعينهم,disgust
0,من المخجل نشوف الطلاب في الدول المجاورة و بقية الدول يدرسون حضوري و هنا عن بعد و تسيب و فوضى و فراغ,disgust
0,يخلون الدراسه حضوري والاختبارات عندنا بالبيت عن بعد عشان نراقبهم لايغشون وبالمرة نريح ابمعلمين والمعلملت من شوي ????,disgust
0,في كائنات ماودها تختفي كرونا ولذلك شادين حيلهم يبون الدراسة حضوري يا ان مت عندهم عيال يا انهم حاقدين عالمجتمع والبلد فالدراسة عن بعد هي الحل الوحيد بعد الله للقضاء كرونا وصحة عيالنا مو لعبة,disgust
0,اكبر خطا الروضه والابتدائي اهم مرحلتين للتاسيس تكون عن بعد لابد من اخذ اللقاح للكل وتكون حضوري,disgust
0,الى غير معروف القرار صدر وزارة التعليم قالو كل المعلمين والمعلمات راح يداوم حضوري يعني لاتسوي ذكي راح تداوم حضوري لاتسوي ذكي تجيب عذر راح تداوم حضوري,disgust
0,من البديهي كل داشر مبسوط بتعطل الدراسة,disgust
0,حمدلله والشكر المفروض تكونوا خايفين لأنه صار الوضع ي والمرض ف كل مكان والدليل لأنه حطوا تعليق دراسه مو عشان الناس تضحك ومدري ايش هم خايفين عليكم,disgust
0,لاشرح لا مكيفات لا حمامات نظيفه لاسجاد نظيف ومشاكل وسماجه ومدرسين منفسين يعني والله لو عن بعد افضل يقدر اطالب يشتهد ويجيب نسب ٩٠ ولا حضوري يجيب ٦٥,disgust
0,كل يوم كلام م عنده كلمة وحدة مرة عن بعد ثمن حضوري و يخربط بالأنظمة و يجيب انظمة جديدة,disgust
0,يارب تصير عن بعد محد يبيها حضوري من كل النواحي الصحع البنات المعلمات الكل والله انا شايفه اغلبهم الاكثر يبيها عن بعد من ناحيه الراحه وكل الحالتين بندرس بس عن بعد احلى ياخي ابدا مافيه امان غثى والله كل يوم اصحى الصباح,disgust
1455816633474297856,...,disgust
1401469686664019970,...,disgust
0,ماادري. كثرت التطبيقات المفروض مافيه اي تطبيق الا للضروره مثلا مستشفى تعبان او عندك دوام اما غيرها خرابيط. أما تصريح للرياضه وتصريح مادري ايش مالها داعي أو فكو الحظر وكلن يتحمل مسؤلية نفسه. هذا رائي,disgust
1347593605435813893,...,disgust
1455251298924830728,...,disgust
1265960740671950848,...,disgust
1289203183395332099,...,disgust
1401469686664019970,...,disgust
1455767704485380096,...,disgust
1466084784086654979,...,fear
1468648798620684295,...,fear
0,فيروس لا يرى بالعين المجردة يرعب اقوى دول العالم,fear
1394196605138518018,...,fear
1455589711226015748,...,fear
1220898174644183040,...,fear
1379112596800950274,...,fear
1466791307972685833,...,fear
1396961787061448714,...,fear
1408657791976411136,...,fear
1366792534631067649,...,fear
1411432366061539339,...,fear
1269250979301638144,...,fear
1232291920648527872,...,fear
1307288397254397955,...,fear
1266371560631234564,...,fear
1421473111371886601,...,fear
1468559969607987203,...,fear
1416406264503021569,...,fear
1469455576455421954,...,fear
1420038436937945093,...,fear
1406961425080258566,...,fear
1396200063693692930,...,fear
1424545677275799561,...,fear
1456155251317354497,...,fear
1340839431910158340,...,fear
1464984176340480011,...,fear
1284937518354518017,...,fear
1340765445662658562,...,fear
1278425702262595584,...,fear
1268216044407185414,...,fear
377762546432114688,...,fear
1232242959334232064,...,fear
1250860580048699392,...,fear
0,المعلومات الأولية عن متحور أوميكرون الذي صنفته منظمة الصحة العالمية بمستويات "مثير للقلق",fear
0,و يستمر مسلسل الخوف و التهويل اغلب المتوفين من هذا الوباء نتيجة نقص المناعة الي سببها الخوف الشديد الذي سببه التهويل الاعلامي الكبير و المتكرر.,fear
0,يالهوي المنظر يرعب ما حال الناس اللي في الموقف بجد الموضوع دا عايز حد مسوال يظبط مسار المستشفيات حرام كدا الاعداد بتزبد بسبب الاستهطار بتاع البشر,fear
0,هذا الصباح | لكل مصابي فيروس كورونا من يشعر بأي مراحل اكتئاب يلجأ لطبيب نفسي للعلاج,fear
0,كل الناس الذين يعانون من اضطرابات القلق او الهلع قد يشكون من بعض الاعراض التي تشبه اعراض الإصابة بفيروس كورونا,fear
0,والله الاكتئاب و الأرق بسبب الحجر المنزلي,fear
0,عن أي لقاحات تتكلم الم تتلقح الشعوب بأكثر من جرعتين ...و الفيروس انتشر بسرعة ...اذن مافائدة هذه اللقاحات ان لم تكن تحمي !!!,fear
0,الله يستر ياااارب,fear
0,بداية التوتر والقلق كما حصل العام الماضي.. نسأل الله السلامة,fear
0,الله يستر مايجي لسعوديه. انا بكره بشتري لي كمامات. ودسوس. الله يستر,fear
0,العامل النفسي والتوتر ترجعك توسوس وتتحسس للأمراض,fear
1395035708545552387,...,fear
1468586706140082181,...,fear
1468633738212950016,...,fear
1468828855645442048,...,fear
1467725587800371205,...,fear
1469339626653593606,...,fear
1467731341982720004,...,fear
1275173937215950848,...,fear
1466232141398818817,...,fear
1464359450593091586,...,fear
1464695090690109447,...,fear
1466476219524857856,...,fear
1427029808018608129,...,fear
1418728250176679942,...,fear
1221065410218528769,...,fear
1335619616631107584,...,fear
1416400653040115715,...,fear
1342090801116012544,...,fear
1377971739045601280,...,fear
1270446072020848641,...,fear
1380154756329529348,...,fear
1467519161425227784,...,fear
1383945167984463877,...,fear
1374789699437531146,...,fear
1459868836065427467,...,fear
1411735190125350919,...,fear
1467247158688632843,...,fear
1417156414892556299,...,fear
1399741405661118471,...,fear
1456263593347870728,...,fear
1373994762538258432,...,fear
1358203466817110016,...,fear
1409255874368049155,...,fear
1468370870833979403,...,fear
1292384264810627077,...,fear
1395024531371302919,...,fear
1467568172584820740,...,fear
1465039788990423041,...,fear
1466082502880157698,...,fear
1464938368555487242,...,fear
0,انا بكره باخذ القاح بس اني خايف مره,fear
1464973012319547400,...,fear
1466109613661696013,...,fear
1245863132662099968,...,fear
0,جائحة كورونا أدت إلى زيادة في حالات القلق والاضطراب والاكتئاب بشكل كبيرة,fear
0,ترهيب من اجل المسارعة في اخذ اللقاح,fear
0,فيروس كورونا يواصل التسارع في أغلب مناطق العالم,fear
0,أميركا قلقة للغاية من تحورات كورونا,fear
0,وزيرة الخزانة الأميركية: واشنطن "قلقة جدا",fear
0,نواجه ارتفاعاً مقلقاً في الإصابات بكورونا,fear
0,الإصابات بفيروس كورونا يتضاعف بشكل مقلق,fear
0,خايف على امي كبيره سن,fear
0,وتيرة انتقال كورونا في أوروبا حاليا مقلقة للغاية,fear
1466654854303076356,...,fear
1466080316653772805,...,fear
1468196239271415816,...,fear
1416471617623011331,...,fear
1469611488285499394,...,fear
1468611184567984134,...,fear
1237527993330753538,...,fear
1272155527775166466,...,fear
1238228002758103041,...,fear
1232265687986573312,...,fear
1237919261617782784,...,fear
1251131122534285315,...,fear
1355823753738018821,...,fear
0,لاااا الله يستر بدت ترجع كورونل,fear
0,مابغى أخاف أكثر خلاص يكفي خوف كورونا للحين ماراح مني 😭,fear
0,حياتنا مو لعبه بكلمه وحده تقرر حياتنا فيه موت ترا,fear
0,قبل اللقاح كانوا الناس يصابون بكورونا (الوهمية) و يبقون في الحجر، ثم ينتهي الأمر ويعيش كل شخص حياته دون خوف ولا تهويل..,fear
0,جاء كورونا ليعتبر الناس ليعودوا الى الله الم يجعلهم كورونا في حالة قلق وحالة خوف وعزله الم يجعلهم ينسون المال والولد غنيهم والفقير فتوقفت المصانع والترفيه والسيارات والرحلات الجوية والاجتماعات والمشاريع والخطط.,fear
0,التهويل المرافق ل اوميكرون الذي لم يمت منه احد حتى الان اصبح يحكمه خوف الحكومات الغربيه خاصه في أوربا الغربيه من اللوم كما حدث لها في بداية كورونا…,fear
0,موة خوف الله ياخذ كورونا,fear
1465983970177339394,...,fear
1466026207187775491,...,fear
1465982785320017927,...,fear
1466089882342854657,...,fear
1466073231878766605,...,fear
1455978233619419143,...,fear
1466018331090202630,...,fear
1465979579043139587,...,fear
1467483342748725259,...,fear
1414867936079192064,...,fear
1412401422868619265,...,fear
1388640245265178626,...,fear
1465755214275915779,...,fear
0,الخوف من تزاحم الناس فى منافذ بيع المواد الغذائية فى فترة السماح,fear
0,خبر التعليق ليس بالامر المفرح كثر ماهو مقلق اسأل الله أن يكشف عنا الوباء والبلاء استودعنا الله انفسنا وذرياتنا والمسلمين والمسلمات,fear
0,والله شي يخوف صراحه الله يبعد عنا الأمراض,fear
0,قرار مخييف ياربي تجيرنا ياربي اناء في وجهك والمملكه في وجهك من هالمرض ياربي 😞💔,fear
0,يارب لطفك من ٣ أسابيع كانت حاله وحدة بس يعني أقل من شهر وصلنا أكثر من ١٢٠٠ يارب لطفك,fear
0,ولله خفت كرونا كرونا 😷😷 يا يمه فدوه لا اطلعون,fear
0,دكتور الله يخليك اذا وصلت الحاله لضيق النفس ونزول الدم من النف فيها خطوره,fear
0,انا فيني صداع وفيني حرارة خفيفه الله يسترررر💔,fear
0,أنا قلقه من ارتفاع الاسعار وزيادة البطاله وبعدنا عن الدين ..أما كرونا فلن يصيبنا إلا ما كتبه الله لنا .,fear
1465039788990423041,...,fear
1467825275815833601,...,fear
1340776272578949122,...,fear
1262596308797358082,...,fear
1262596308797358082,...,fear
1239927531446337538,...,fear
1468585284266872835,...,fear
1469147977012940806,...,fear
1466980971727761409,...,fear
1464211622956871681,...,fear
1421814853203898371,...,fear
1241056606881828864,...,fear
1241057307900993538,...,fear
1241183068074979330,...,fear
1465988342940643328,...,fear
1465962641449529347,...,fear
1433771721908264962,...,fear
1454511054038478856,...,fear
1452978613033316357,...,fear
1400070306656555009,...,fear
1400077895201067014,...,fear
1400087066554273792,...,fear
1271423193304174592,...,fear
1400442154216878083,...,fear
1468667812143153160,...,fear
1466281721876422661,...,fear
1468058408725233665,...,fear
1468998768703987716,...,fear
1466653708750667783,...,fear
1420005206113325063,...,fear
0,المثير للقلق هي جرعات كرونا اللتي ليس لها فائده ولا مواطن محصن بكامل الجرعات يسافر ويرجع مصاب خلاص تعودنا على الموضوع بلاش خرط علينا أصبنا بكرونا وتعافينا والحمدلله,fear
0,مانبي مانبي خيرهم شرهم😭😭,fear
0,الله يستر,fear
0,توها سجلت اول حالة الله يحفظنا مواطن قادم من ايران 😭,fear
0,تكفون حظر كامل مازالوا ربعنا منتشرين في الشوارع في النهار اخاف يعدونا 🥴🥴😥,fear
0,تكفوووون ياوزاره الصحة اخاف زوجي ينقل لنا المرض انه مايجلس في البيت ابدا ابدا كله برا ويختلط مع العمال. حسبي الله 😭😭,fear
0,انا خايفه من اللقاح لانه يقولون انه تضر ع الي عندهم حساسيه هو صدق او كذب يصلح اخاذ لقاح وعمري 14,fear
0,منظمة الرعب العالميه كل يوم متحور جديد ورعب جديد يارب انك نتقم منهم يارب حسبنا الله ونعم الوكيل فيهم لاحول ولاقوة الابالله فيهم يارب متحور الحقيقي الفقر اعوذبالله من الفقر والبطاله تدمير نفسيات من وراء الاعلام,fear
1372755792642809862,...,fear
1419986005818580993,...,fear
1450774172389584896,...,fear
1220921633617129472,...,fear
461861447635857408,...,fear
1231542755823890432,...,fear
1465577619131441154,...,fear
0,كابوس كورونا لا يزال يطارد الناس سترك ياااااااااارب اللهم احفظ أمة محمد وابعد عنهم هذا البلاء,fear
0,انا اخدت الجرعة الأولى اليوم.... احسسست بحرارة في جسمي. و تعب و وهن فقط.... سينوفارم..... انا خايفة من أنه يسبب العقم في البويضات... كنت لازم أطعم جسمي لأ نه زوجي يعمل في مجال الصحة.. و خوفا على بناتي,fear
0,متى يخلص هالكابوس😞,fear
0,اناخايفه من كرونا😥😥😥 الله يكفينا شرنا,fear
1468473959373021185,...,fear
1467825275815833601,...,fear
1467370300618780673,...,fear
1355944415781679108,...,fear
1328764439080951808,...,fear
1464988081308717058,...,fear
1464958879540916233,...,fear
1302963031207362566,...,fear
1289269328236310530,...,fear
1466175724189011969,...,fear
0,انا امي مزكمه و مسخنه و انا طول الوقت ابكي و اتمنى ما يكون كورونا امي رح تكشف عند الدكتور ادعو لها ما يكون كورونا,fear
0,كملنا اكثر من ٧ اشهر واحس نسيت الحياه قبل كورونا صراحه صار جزء من حياتي,fear
1429202127604310028,...,fear
1443510538168946690,...,fear
1457768653307400194,...,fear
1449918688526807040,...,fear
0,يااخوان معي سكر والحمدالله وابغي أخذ لقاح كرونا لكن مرضت بمرض نفسي خوف وقلق ولااستطيع اخذ اللقاح احس بخوف شديد دعواتكم لي أن الله يفرج ماانا فيه,fear
0,يا جماعة الخير الله يعطيكم ما تتمنون محتاجاكم 🥲 انا اليوم بدي اعمل لقاح ومناعتي كتير ضعيفة فيدوني الله يخليكم الله يخليكم خايفة ومتورترة,fear
0,دعواتكم لامي وابوي ولي 😭😭😭جدا خايفه ومتضايقه,fear
1341123859953704961,...,fear
1418819770128994314,...,fear
1467829821015306245,...,fear
1467835793305657355,...,fear
1467882878709207048,...,fear
1463993105586307072,...,fear
0,يمممه الله يستر الله يستر الله يستر 😣يارب احمينا بسم الله علينا والله جاتني قشعريره خاييفه,fear
1467568172584820740,...,fear
1466097727805214720,...,fear
1420490079320121355,...,fear
1409848390800789504,...,fear
1467560800969756676,...,fear
1373642830506307590,...,fear
1466028064308146176,...,fear
1465273087688163328,...,fear
1464915917033418754,...,fear
1464095697989292044,...,fear
1466150472167964682,...,fear
1466098188658655248,...,fear
1466129346435993601,...,fear
1466129397585432587,...,fear
1466865115668561920,...,fear
1465373652535361537,...,fear
1466060296091545608,...,fear
1465965674187079682,...,fear
1466061983132880906,...,fear
1466022277938622464,...,fear
1466085494337548289,...,fear
1379166751469006852,...,fear
1465085800094253059,...,fear
1438196644772786183,...,fear
1466086590862745602,...,fear
1468199368230465540,...,fear
1466884246379892742,...,fear
1466007881531248643,...,fear
1466039744626892802,...,fear
1467062070231371776,...,fear
1465976759711682567,...,fear
1451235464233553928,...,fear
1324368974289772545,...,fear
1467334224193720321,...,fear
1467577213734338561,...,fear
1467593191704739847,...,fear
1466911970372861953,...,fear
1249318601124917248,...,fear
1468902493157421058,...,fear
1410080547657945094,...,fear
1249394936014831618,...,fear
0,اللهم احفظ بلدي وأهلي واحفظني يارب اللهم احفظ جميع البلدان وصرف عنا هذا المرض ياارب😭😭😭😭😭😭😭😭😭😭😭😭😭,fear
0,انا مرعوبة منه 😢 المناعة عندي ضعيفة 💔,fear
1465970729598566403,...,fear
1357157949295198212,...,fear
1357150437384851457,...,fear
1453571765318397954,...,fear
1466357176872620039,...,fear
1378823666146893824,...,fear
0,يارب اصرف عنا هذا البلاء و الطف عليناا بلطفك يا أرحم الراحمين انك انت على كل شيء قدي,fear
0,ادعولي بكره باخذ اللقاح شجعوني,fear
1426313190145679363,...,fear
1469646899808329728,...,fear
0,وربي فيني خوف مو طبيعي ع اهلي تم تشخيصي قبل قليل بالفايروس وانا عندي ربو الله يستر ويلطف ويرحم يااارب لطفك 😭😭,fear
1462090647649853441,...,fear
0,😨بسم الله الرحمن الرحيم لا حول ولا قوة إلا بالله حسبي الله ونعم الوكيل فيهم والله صعيبة بزاف وخطيرة😱 ياسبحان الله بعيد شر,fear
0,تلاعبات و تخويف إعلامي مخطط له لأجل ربح الشركات و إقناع غير الملقحين باللقاح بعد الإحتجاجات الأخيرة... ضحك على الدقون. حسبنا الله و نعم الوكيل و نفوض أمرنا لله,fear
0,يقول العالم: نحن في خطر، علينا الحذر و أخذ الحيطة. 👏,fear
0,تُسجل بعض الدول عودة لارتفاع أعداد الإصابات بفيروس كورونا وسط خشية من موجة ثانية لانتشار الفيروس... وفي مقابل خوف من حدّة هذه الموجة,fear
0,يواجه الكثيرون فوبيا لقاح كورونا أو رُهابَ الخوف من أخذ اللقاح بشكل عام اذ قد يرون أنه لم يتم اختبارُه بشكل كاف معدلاتُ رفض ِ التطيعم في الولايات المتحدة وبريطانيا اقتربت من 30%,fear
0,😳😭😭😭😫😢اكتفينا من كرونا مانبي ميكرون,fear
0,جالسه اصيح 😭😭🤧🤧,fear
1469641022560997376,...,fear
1469684567451787264,...,fear
1469690793686355983,...,fear
1469651721584582656,...,fear
0,الله يحمي السعوديه ويحفظ شعبها من هذول اليهود اللي مايخافون الله اللي فرضو علينا هذه اللقاحات التي تضرنا ولا تنفعنا ولا تمنع الإصابة بالمرض وهم يعرفون هذا وكذبو علينا أكثر من مره عن هذه الجرعات التنشيطية وأعادو كذبتهم وراح يستمرون في الكذب على حساب صحتنا عليهم من الله مايستحقون ..,fear
0,حسبي الله ونعم الوكيل في كورونا بنموت,fear
1466037725065318404,...,fear
1443510538168946690,...,fear
1416406264503021569,...,fear
1465373652535361537,...,fear
1465520580417966084,...,fear
1464907439288033285,...,fear
1469111164558790662,...,fear
1469100141982404610,...,fear
1468510826160082946,...,fear
1358484516311023620,...,fear
1469806288058130432,...,fear
1356492828843638784,...,fear
1296532482767101954,...,fear
1326197549917671424,...,fear
1368667621713936386,...,fear
1268827856865550338,...,fear
1234559636268711936,...,fear
1464416205079461893,...,fear
1469630241291264004,...,fear
1469529799295123462,...,fear
1469277270720266246,...,fear
1468569137849020416,...,fear
1468198755870650372,...,fear
1468315545330237443,...,fear
1466652352211943429,...,fear
1439942151799033861,...,fear
0,سبحان الله يخوفون من كورونا طيب مافيه احد مخلد على وجه الارض ماهذا الاستخفاف حسبنا الله ونعم الوكيل حسبنا الله ونعم الوكيل حسبنا الله ونعم الوكيل,fear
0,الله يستر من أوميكرون ولد كورونا 😔😔,fear
0,انا انصبت بالعدوى من ابويا الله يرحمه هو توفى بعد ١٥ يوم بس وانا طولت لتعافيت منها لسا تجيني حمى شديدة وشعري بيتساقط . الله يبعدها عنا ويشافينا ويعافينا 😷,fear
0,مع كل متحور سيعطونا جرعة جديدة لا محالة 😫,fear
0,اللهم اصرف عنا الوباء، بلطفك يا لطيف.. إنك على كل شيء قدير» اللهم احفظني انا وياكم من كورونا وباقي الامراض امين يارب العالمين.,fear
0,اخاف ان اكمل بقية حياتي بالكورونا ... حقيقة كرهنا من هذا الفيروس .,fear
1466050466090000388,...,fear
1376608635875434496,...,fear
1468788115204722689,...,fear
1469441030684655626,...,fear
1469029428428685313,...,fear
1466918583812988937,...,fear
1366111576705667080,...,fear
0,لقاح مميت الله يستر خلونا بدون لقاح احسن,fear
0,رعب,fear
0,اقسم بالله العظيم مرض قاتل احذرو,fear
0,وتساهم الخدمة في حماية المراجعين من خطر العدوى داخل المستشفى)يعني المستشفى فيها الوباء!!شي مرعب,fear
0,بآخر الخبر ي لو ماله ضرر كان أول من استخدمته امريكا وهي تشوف شعبها الكثير منهم مات ومصابين بكورونا,fear
0,الفيديو في المقطع الثاني في غرفة العناية المركزة مرعب لا تسمع سوى اصوات اجهزة الانعاش والقلب – يارب ارحمنا وابعد عنا الوباء واصرفه عن بلادنا الطاهره وعن شعبنا السعودي العظيم اللهم أمين.,fear
0,بسم الله توكلت على الله اعراضك جدآ مخيفة وخاصة الصداع و الاغمى اللهم احفظني واحمي من كل داء وبلاء ومن كل سر و مكروة حفظك يارب,fear
0,كورونا مصيبة يلعب حتى بالاعصاب اكتئاب وحاسة شم,fear
0,اتوقع ٩٩٪ صارت عنده هلوسه ??????? افضل حل للاكياس بعد مايحطهم العامل بكيس تاخذ كيس نظيف وتحط الكيسس الأول بالكيس الثاني ولاجيت البيت تطلع الكيس الأول من الكيس الثاني وتقعد تفرك الأغراض لين تفرج,fear
0,الله يجيرنا منه والله ان ال على الاطفال المفروض نتأهب من الان مو ننتظر يجي اتوقع وقت الغبار مشكله اكبر وانتشاره بيكون اسرع الله يكفينا الشر,fear
0,لازم الاسم صعب حتى يخاف الفيروس,fear
0,سلسلة أمراض مرعبة .. نسأل الله اللطف والسلامة ..,fear
0,خذيته جتني حراره يومين وراحة،، لاكن فيه مشكلة الم برقبتي عيت تروح,fear
0,الله يشفيك تعليق 1 انا مصاب الان تعليق 1 كم يوم تعبت فيها من فضلك,fear
0,بالذات للي فيهم هذه الأمراض البس كمامه ضع مسافة بينك وبين الآخرين وإذا فيه أطفال شفهم من بعيد لايقربون لك وغسل اليدين و تحمل لحد ماينتهي الكورونا .فطر أسود ي,fear
0,اعتقد والله اعلم أن كرونا والفطر الاسود هما الموتان العضيمان الذي ذكرهم الحبيب المصطفى الذي لاينطق عن الهوى أن هو الا وحي يوحى والله اعلم !! قد يكون وباء ي الله به عباده لعلهم يرجعون,fear
0,هذا سم قاتل يجب الحذر قريبتي لقحت فخرجت في جسمها حبوب كثيرة والتهاب في الجلد وهي الآن في وضع حرج ادعو لها بالشفاء احذروا يا اخوتي,fear
0,اعرف واحد معايا في أوروبا كان سليم جدا أخذ اللقاح بعد 20 يوم مات,fear
1388032760753831940,...,fear
1394608545748946944,...,fear
1410191188683104256,...,fear
1412371870050029569,...,fear
1416134819059310594,...,fear
1290459876448231430,...,fear
1310615417136840704,...,fear
1383046935746084865,...,fear
1297117655166586880,...,fear
1309084534856724483,...,fear
1378711917573836805,...,fear
1387001460899127297,...,fear
1398047795597221888,...,fear
1411670108758499329,...,fear
1415706536085700611,...,fear
1416066749628358658,...,fear
1407584326557093891,...,fear
1408969001175298054,...,fear
1421019495666159617,...,fear
1345452743964717059,...,fear
1396372648674873346,...,fear
1399805493166608389,...,fear
1405916548087402500,...,fear
1407353187816939526,...,fear
1383806913926733837,...,fear
1419322513818066947,...,fear
1387371992878305284,...,fear
1438875555852693505,...,fear
1250777164649291776,...,fear
1269260270486065152,...,fear
1393257421179609088,...,fear
1400181500470075395,...,fear
1404486382077231108,...,fear
1407361433931857920,...,fear
1411669659204689924,...,fear
1416810295394193415,...,fear
1415534530639839233,...,fear
1240825047796912131,...,fear
1349342844029444097,...,fear
1277340923639271427,...,fear
1395358717797928966,...,fear
1405969945050157060,...,fear
1407982809696907269,...,fear
1409046337035771909,...,fear
1450479251413737475,...,fear
1456532513397088263,...,fear
1382393638387392515,...,fear
1408623299668500482,...,fear
1411054065140830209,...,fear
1378708875898191872,...,fear
1424357891025289217,...,fear
1416806795281108995,...,fear
1264011208421769216,...,fear
1309263534535118848,...,fear
1310703518882422785,...,fear
1341765450993164293,...,fear
1384498255015317505,...,fear
1456888635215601671,...,fear
1456408661367136269,...,fear
1341786998613405698,...,fear
1384222406097608706,...,fear
1408314377225355264,...,fear
1415700955375489026,...,fear
1359847388706443266,...,fear
1253850950139285504,...,fear
1268510172240130048,...,fear
1359132004277772292,...,fear
1359177445279162372,...,fear
1366818153129521165,...,fear
1374774949626404873,...,fear
1376166539213291525,...,fear
1376167549176537093,...,fear
1381228348488216576,...,fear
1382392051690569734,...,fear
1384274108754448387,...,fear
1392030466107187200,...,fear
1395363400134414341,...,fear
1397628814079971337,...,fear
1418161015041273858,...,fear
1355871624235528192,...,fear
1271148805572956161,...,fear
1391845780881911811,...,fear
1384815147613630464,...,fear
1392086751926173697,...,fear
1407401514075832324,...,fear
1393315149407264769,...,fear
1222099357467643906,...,fear
1398636853260083202,...,fear
1395265677011955715,...,fear
1298400466544599040,...,fear
1348087334235992071,...,fear
1238133535619366912,...,fear
1239411999035011074,...,fear
1243922694669840385,...,fear
1386719757299245064,...,fear
1419733703433998358,...,fear
1247103348987375621,...,fear
1387135653297672196,...,fear
1243162289722871808,...,fear
1306736891782410248,...,fear
1378300036711378944,...,fear
1381371055286202374,...,fear
1398294953797763073,...,fear
1429250980474982400,...,fear
1232053119229386752,...,fear
1221210461552750592,...,fear
1410571351593828362,...,fear
1414279665703915526,...,fear
1379377877121175556,...,fear
1400990320096075780,...,fear
1413862290760376321,...,fear
1401843121080635394,...,fear
1340142410991603713,...,fear
1241126457088376834,...,fear
1411246999681310722,...,fear
1268632057309265929,...,fear
1374750656343457797,...,fear
1394301694092189705,...,fear
1340786065926479873,...,fear
1245783684868902915,...,fear
1394479799398248449,...,fear
1413831577973440512,...,fear
1242078666487672834,...,fear
1250921940396752900,...,fear
1410731087320403968,...,fear
1239179641111416832,...,fear
1331625263592058880,...,fear
1459796392872976385,...,fear
1383029610015830017,...,fear
0,خايف من المسح,fear
0,والله اني خايف على خشمي,fear
0,الي خايف من يوم الجمعه لايك😭💔,fear
0,والله شي ي صراحه الله يبعد عنا الأمراض,fear
0,مسحة الانف لازم !! العود هذاك ي يلف فالخشم ٣٦٠ درجة لا والله صعب,fear
0,عدد الوفيات صار ي قبل كان قليل جدااا الان كل يوم خمسين.,fear
0,عندي يوم الاحد موعد 💔 والله خايف ومتردد,fear
0,والله الصراحة اني خايف من اللقاح مراح اخذ اللقاح,fear
0,والله انه خبر مي احس ي,fear
0,انا راح اقعد فالبيت والله الموضوع بدأ ي,fear
0,والله انا خايف من كروان او كورونا😂,fear
0,الله يستر بس ترا انا مو ان انا خايف من كرونا,fear
1292287937858736129,...,fear
0,الوضع ي اكثر التجار راح يسبحون فلوسهم ولا المشاريع العملاقه,fear
0,ايش قالو وزارة الصحه اول ما اصاب كورونا الدول الكبيره وماقدرو يسيطرو عليه قالو الزمو بيوتكم ولا تطلعون لان حتى احنا ماراح نقدر نسيطر على المرض زوجي في المستشفى في الماليه يقول يكلف المريض الواحد فقط الجهاز حق التنفس 300 الف للاسف الناس استهترت والاجانب خافو من الذهاب للمستشفى بسبب مخالفة الاقامه مما زاااد المرض وانتشاره اكثر شي في مكه والمدينه والرياض لانها المدن اتوقع فيها العماله الاجانب اكثر لان الاصابات 80 بالميه للاجانب .. الله يعديها على خير ويوقف العدد لهذا الحد لانه انتشر انتشار فضيييع الله يجيرنا ويكفينا,fear
0,انا خايف اتزوج ويطلع اسمه كارونه,fear
1226925550075248641,...,fear
1234073733050052609,...,fear
1236677249128161280,...,fear
1237493951474655232,...,fear
1240825047796912131,...,fear
1244356206455664647,...,fear
1244544937607266306,...,fear
1246842630073434112,...,fear
1247775285384077312,...,fear
1247777438605574145,...,fear
1250698551396630529,...,fear
1251884630673948672,...,fear
1252521337790357505,...,fear
1253850950139285504,...,fear
1257819298380296192,...,fear
1258548673106960384,...,fear
1260751091672768517,...,fear
1261463110214397954,...,fear
1264011208421769216,...,fear
1267930946168401920,...,fear
1268172248768286722,...,fear
1268364445203472386,...,fear
1268510172240130048,...,fear
1271148805572956161,...,fear
1271578879111634947,...,fear
1277340923639271427,...,fear
1290459876448231430,...,fear
1297117655166586880,...,fear
1299787763898777600,...,fear
1306673451793551361,...,fear
1307120757714161666,...,fear
1309084534856724483,...,fear
1309138770688708608,...,fear
1309139014927241217,...,fear
1309139680999477250,...,fear
1309141107503235078,...,fear
1309149795672621056,...,fear
1309163426338549761,...,fear
1309263534535118848,...,fear
1309317871911272450,...,fear
1310615417136840704,...,fear
1310703518882422785,...,fear
1314314671239901184,...,fear
1319116801310162945,...,fear
1326085654028095488,...,fear
1331087644575604738,...,fear
1338156196092633091,...,fear
1338217871940448257,...,fear
1339501037661634564,...,fear
1341765450993164293,...,fear
1341786998613405698,...,fear
1345452743964717059,...,fear
1349398871588352007,...,fear
1351609239123464194,...,fear
1352909038934220806,...,fear
1355113737380913153,...,fear
1355871624235528192,...,fear
1355879054742839297,...,fear
1359132004277772292,...,fear
1359177445279162372,...,fear
1359847388706443266,...,fear
1359847591303929856,...,fear
1360199993387343881,...,fear
1360973548135849985,...,fear
1361642432153202690,...,fear
1361644085711409154,...,fear
1363474685472743424,...,fear
1364843867758080000,...,fear
1365131487742488576,...,fear
1365191583545643010,...,fear
1366818153129521165,...,fear
1369289081675522052,...,fear
1370444867474702336,...,fear
1374774949626404873,...,fear
1376153637928452097,...,fear
1376157272594919429,...,fear
1376157272594919429,...,fear
1376167549176537093,...,fear
1376206172198477825,...,fear
1376209605731082249,...,fear
1376224129792290822,...,fear
1376540219315458048,...,fear
1377568172778328068,...,fear
1377980241356947458,...,fear
1377986139114639361,...,fear
1378449162228785153,...,fear
1378708875898191872,...,fear
1378711917573836805,...,fear
1379081354516779015,...,fear
1379187185069522950,...,fear
1379251775950184452,...,fear
1379823993910390786,...,fear
1381165001482899458,...,fear
1381228348488216576,...,fear
1381965487299526657,...,fear
1382388362175205386,...,fear
1382392051690569734,...,fear
1382392213871677440,...,fear
1382393638387392515,...,fear
1382393686286290952,...,fear
1382403491273007104,...,fear
1382407386867064832,...,fear
1382830420690014208,...,fear
1383046935746084865,...,fear
1383805578753896449,...,fear
1383805630167748619,...,fear
1383806913926733837,...,fear
1383820666537840640,...,fear
1383829714150715399,...,fear
1383843907587375116,...,fear
1383872449037488133,...,fear
1384146018975973383,...,fear
1384152803837313034,...,fear
1384218650945622025,...,fear
1384222406097608706,...,fear
1384274108754448387,...,fear
1384498255015317505,...,fear
1384577015592988677,...,fear
1384815147613630464,...,fear
1384860171915206659,...,fear
1385625748552159239,...,fear
1386263046625038339,...,fear
1387001460899127297,...,fear
1387120341156311041,...,fear
1387351903793815554,...,fear
1388032760753831940,...,fear
1391790001235496960,...,fear
1391845780881911811,...,fear
1392030466107187200,...,fear
1392086751926173697,...,fear
1392101754456657927,...,fear
1392784959383945220,...,fear
1393059362877419523,...,fear
1393197504938795008,...,fear
1394608545748946944,...,fear
1395325556116365313,...,fear
1395358717797928966,...,fear
1395363400134414341,...,fear
1396073921280106496,...,fear
1396100396817555457,...,fear
1396372648674873346,...,fear
1397628814079971337,...,fear
1398047795597221888,...,fear
1399805493166608389,...,fear
1399827010957021184,...,fear
1400176843291074568,...,fear
1400181500470075395,...,fear
1400296211890982915,...,fear
1402186521147547653,...,fear
1404486147548590080,...,fear
1404486382077231108,...,fear
1405059079815434243,...,fear
1405916548087402500,...,fear
1405922056450068486,...,fear
1406040279723958272,...,fear
1406074818399817728,...,fear
1406203778299273217,...,fear
1406205374957559811,...,fear
1406231221294800897,...,fear
1407329244380868614,...,fear
1407353187816939526,...,fear
1407357290462724097,...,fear
1407361433931857920,...,fear
1407584326557093891,...,fear
1407587009300938754,...,fear
1407982809696907269,...,fear
1407997882616139781,...,fear
1408314377225355264,...,fear
1408623299668500482,...,fear
1408738291113934856,...,fear
1408913536433201152,...,fear
1408969001175298054,...,fear
1408969136441638913,...,fear
1408976477417246720,...,fear
1409020302424559616,...,fear
1409025013190176770,...,fear
1409020302424559616,...,fear
1409020302424559616,...,fear
1409046337035771909,...,fear
1409086370438545412,...,fear
1409121441711366145,...,fear
1410191157162876935,...,fear
1410637888153427972,...,fear
1411046993435185155,...,fear
1411054065140830209,...,fear
1411219935892848642,...,fear
1411298770302771201,...,fear
1411650872031993858,...,fear
1411658048813375493,...,fear
1411668754161885187,...,fear
1411669659204689924,...,fear
1411670108758499329,...,fear
1411870513962618893,...,fear
1411892628489113602,...,fear
1411892833104039938,...,fear
1412540531691905031,...,fear
1412872413558317058,...,fear
1412883457353596930,...,fear
1414112367802294272,...,fear
1414891179523690497,...,fear
1415402466422792207,...,fear
1415534530639839233,...,fear
1415556033334943748,...,fear
1415700955375489026,...,fear
1415556033334943748,...,fear
1416066749628358658,...,fear
1416107399639875587,...,fear
1416406576836059137,...,fear
1416804220930568199,...,fear
1416806795281108995,...,fear
1416808984820998150,...,fear
1416810027923431425,...,fear
1416810295394193415,...,fear
1416814583524827137,...,fear
1418161015041273858,...,fear
1418169229514248193,...,fear
1418194991319498752,...,fear
1419277203725070336,...,fear
1420644358445993985,...,fear
1420936595541307396,...,fear
1421019495666159617,...,fear
1421060077209935872,...,fear
1422176771856900099,...,fear
1424357891025289217,...,fear
1424435444205371392,...,fear
1425909891772862464,...,fear
1426890885355249665,...,fear
1432361350529912832,...,fear
1433008380013056002,...,fear
1438081154037559305,...,fear
1438875555852693505,...,fear
1456249830309875712,...,fear
1232053119229386752,...,fear
1238242241908551681,...,fear
1238551050149298178,...,fear
1239179641111416832,...,fear
1243162289722871808,...,fear
1243922694669840385,...,fear
1247102327980515329,...,fear
1247103348987375621,...,fear
1248646767605932033,...,fear
1251251998126739457,...,fear
1260166922454302723,...,fear
1265928192822558721,...,fear
1269316199499870208,...,fear
1270080715363934209,...,fear
1270700613333135361,...,fear
1271881587207163904,...,fear
1272451282603839488,...,fear
1276865735936167937,...,fear
1280024440542199810,...,fear
1298400466544599040,...,fear
1304162518726836225,...,fear
1306736891782410248,...,fear
1319019652253700098,...,fear
1335891622429667331,...,fear
1340142410991603713,...,fear
1348087334235992071,...,fear
1364328471934205956,...,fear
1367841504220315650,...,fear
1378013389138591747,...,fear
1378056950349492225,...,fear
1378300036711378944,...,fear
1378691444207144962,...,fear
1378697911270268935,...,fear
1379310223320567818,...,fear
1379377877121175556,...,fear
1381371055286202374,...,fear
1383193119722721281,...,fear
1386411398272585730,...,fear
1386719757299245064,...,fear
1386745894456938501,...,fear
1386969479293411332,...,fear
1387135653297672196,...,fear
1389175279957024776,...,fear
1389416801365278721,...,fear
1390727830040948737,...,fear
1394468817640857605,...,fear
1394576365475835905,...,fear
1395078591306682369,...,fear
1396057795024330756,...,fear
1398294953797763073,...,fear
1398636853260083202,...,fear
1400990320096075780,...,fear
1401843121080635394,...,fear
1405002066133725185,...,fear
1405492046983577602,...,fear
1406123438222237698,...,fear
1407294360627167233,...,fear
1410571351593828362,...,fear
1412354093167910916,...,fear
1413862290760376321,...,fear
1413873961415450626,...,fear
1413963291529986062,...,fear
1414279665703915526,...,fear
1416782085159800852,...,fear
1419733703433998358,...,fear
1426239988279259136,...,fear
1429250980474982400,...,fear
1441299126822580224,...,fear
1233111334243459075,...,fear
1237962219800924161,...,fear
1246669143715258371,...,fear
1254528675338489858,...,fear
1256087925172903936,...,fear
1238185814204481539,...,fear
1268632057309265929,...,fear
1273958598113181696,...,fear
1276857173608464386,...,fear
1282781568067657728,...,fear
1337725488232542209,...,fear
1337983600495616000,...,fear
1339955911394287618,...,fear
1340255201211637761,...,fear
1340786065926479873,...,fear
1340857175414063104,...,fear
1373254178101940227,...,fear
1373620354887921667,...,fear
1374750656343457797,...,fear
1380176367308922883,...,fear
1387443772649246721,...,fear
1387450511423639558,...,fear
1394301694092189705,...,fear
1394479799398248449,...,fear
1405817121163067396,...,fear
1410605981101297675,...,fear
1411246999681310722,...,fear
1411397773216342025,...,fear
1413831577973440512,...,fear
1421948033860841472,...,fear
1433459582123266056,...,fear
1437038402109677570,...,fear
1437048174309412864,...,fear
1437053665521569797,...,fear
1451335166522179585,...,fear
1455491868192612357,...,fear
1410721741635080195,...,fear
1234011634118647808,...,fear
1237050132283166728,...,fear
1238133535619366912,...,fear
1240339704320536579,...,fear
1244232343696662533,...,fear
1245088916182568961,...,fear
1359446647575576576,...,fear
1399957779738251267,...,fear
1409454568556089344,...,fear
1419353881142771714,...,fear
1453264151665577986,...,fear
1453270570779484166,...,fear
1453292845603954695,...,fear
1374297130106511368,...,fear
0,كل ما أسمع كلمة الموجه الثاني تجيني ام الركب عشان كورونا,fear
0,مخالط مصاب كورونا ليومين ومابقى مكان مارحت له معه!! طقتني أم الركب، مع العلم ان قد جتني كورونا,fear
1285327824283406337,...,fear
1362126716915896322,...,fear
1422319125687422976,...,fear
1423269399885189127,...,fear
1418857460685840393,...,fear
1402566501002055685,...,fear
1466821179046567940,...,fear
1466829781660536839,...,fear
1321547302478249985,...,fear
0,لا أخاف من كورونا و تحديثاتها ولكن أخاف على الأغلاق التام للدول و أنهيار الأقتصادات العالمية التي تنتج عنها الحروب و الكوارث,fear
1239885883370766338,...,fear
1235555692041441281,...,fear
0,#شي_تتمناه_lلان اتمنى ان كورونا ومتحوراتها تروح ونرجع إلى اوضاعنا الطبيعية بدون خوف بدون هم بدون غم ☹ 💔,fear
1236720893184937986,...,fear
1236722159487258625,...,fear
1243523222890479620,...,fear
0,والله ما عرفنا نقسم همنا واهاتنا ياويلنا غلاء معيشة ويا ويلنا متحورات كرونا وياويلنا تحقيق الامن لاولادنا .. مالينا غيرك ي رب العباد يالطيف ألطف بحالنا الضعيف.,fear
1466442927383658512,...,fear
1468309896651317249,...,fear
0,1والله من جد علقو المدارس حنا خايفين ع اولادناا,fear
1268827458570268673,...,fear
1431626144210685955,...,fear
1265159313762459649,...,fear
1464274995085991944,...,fear
1466087862282211339,...,fear
1384831567856603136,...,fear
1240706964012666881,...,fear
1466137896579182597,...,fear
1321265431781560320,...,fear
1455623833516482562,...,fear
1466714322168598532,...,fear
1465403000340549634,...,fear
0,والله من جد علقو المدارس حنا خايفين ع اولادناا,fear
1466010084237103104,...,fear
1466760037053911040,...,fear
1469944544473006086,...,fear
1469254955852877824,...,fear
1469748639392272390,...,fear
1466046870694809602,...,fear
0,عودة المدارس ستسبب كارثة ….اتمنى ان تكون عن بعد فلن نخاطر بابنائنا ابدا,fear
0,الطلبة في خطر اذا التعليم حضوري …. خاصة مع ظهور المتحور دلتا وانتقالة السريع بين الناس .,fear
0,تكون حضوري صح بس بتطبيق التباعد اما. بأخذ اللقاح ما انصح وبقوه,fear
0,اشتغلو اهل المكتبات واهل النقل ومحلات المراييل اقول من بيعوضني عن ابن المصاب بالسكر والربو اذا اصبحت الدراسة حضوري لن اغامر بابنائي يجلسون في البيت الى ان ياتي العلاج,fear
0,جبلي اللوكيشن بس الحمدلله كنت خايف من المدارس لان فيها تجمع لايوصف,fear
0,الله ياخذكم متى ترجعونها حضوري عدنا بنموت 👠,fear
0,أنا خايف أروح المدرسة ويعدوني وهذا يخليها حضوري؟؟,fear
0,يالله تكفون مانبيها حضوري الحين انا سبيت ناس وحالفين يصفقوني تكفون لا اا خلوها عن بعد,fear
1282842698894974976,...,fear
1288164040452300800,...,fear
0,تكفي يالوزير الابتدائي خلهم حضوري اذا درسوا من ٣ الى٧ اليوم كامل بيضيع,fear
0,اللهم احفظ بلاد الحرمين الشريفين من كل شر والله ثم والله ان يما سمعت خبر ان اسعار البترول ادمرت ما ت غير ع السعوديه والله مش ع شان مقيم فيها بالعكس ع شان خايف ع مصر لان السعوديه ومصر واحد تحيا مصر والسعودية وكل الدول العربيه,fear
1236264874520588288,...,fear
1336252848959598592,...,fear
1355980709727506435,...,fear
1378658466450059265,...,fear
1379541415751999491,...,fear
1390600681711710211,...,fear
1410111133919371264,...,fear
1412085441340317701,...,fear
1414128498470539268,...,fear
1414129418990243840,...,fear
1414137480614350849,...,fear
1414139896181178368,...,fear
1414189293694763014,...,fear
1414449423564877825,...,fear
1416806667061190661,...,fear
1416971059484520448,...,fear
1401484065446973442,...,fear
1226946477882212352,...,fear
1236727939993088006,...,fear
1243434574417297408,...,fear
1433562476281430020,...,fear
1223878901925105669,...,fear
1232340214217089026,...,fear
1236725219328434176,...,fear
1237136817385885703,...,fear
1238033014178922502,...,fear
1238181853112254464,...,fear
1239839743774515201,...,fear
1239917715021869058,...,fear
1239935260416229377,...,fear
1240592233931341826,...,fear
1240744181485711370,...,fear
1243229093178548226,...,fear
1250443528406106112,...,fear
1252130124335587329,...,fear
1272769596622278657,...,fear
1282768874124042240,...,fear
1288164040452300800,...,fear
1302185292280066051,...,fear
1357246060792598528,...,fear
1358859622908645380,...,fear
1358861303985635333,...,fear
1362694908084158464,...,fear
1372312447500087296,...,fear
1377972319830876160,...,fear
1381021864710045697,...,fear
1381624914793365506,...,fear
1398688826298613763,...,fear
1413844695810289668,...,fear
1419994165593714688,...,fear
1431614862455607300,...,fear
1431675588872450048,...,fear
1455724972874387456,...,fear
0,ويبغون الدراسة حضورية !!! ماعندنا استعداد نخاطر باطفالنا,fear
0,اولا الحالات تزدادكل يوم وأطفالنا امانه ولن نخليهم يدرسون حضوريا ابدا حتي يزول الوباء,fear
0,الله يستر نتمنى ان تكون الدراسة عن بعد لدى البعض خوف شديد من هذا الوباء,fear
0,الله يبشرك في الخير وجزاك الله خيرا🥰🥰🥰🥰🥰,happiness
0,الحمدلله على نعمة العافية يارب زوال الوباء الى الابد يارب🥰🥰🥰,happiness
0,الحمدالله كملت الجرعتين والله يعز دولتنا والحمدالله بدون م نعرف السبب واثقين بدولتنا🇸🇦😍,happiness
1467463883623473165,...,happiness
1467590931771650048,...,happiness
1333177576324476933,...,happiness
0,الله يحفظك يابلد الخير والمحبه بلدي المملكه العربية السعودية,happiness
0,الحمدلله يارب ان شاءالله يروح باسرع وقت,happiness
0,هذا من فضل ربي وكرمه علينا,happiness
1467840663182053376,...,happiness
1464573981957185545,...,happiness
1464574628106485763,...,happiness
1464575733133684736,...,happiness
1461313337887756294,...,happiness
1460953954242678784,...,happiness
0,الحمدلله كملت الجرعتين والله يعز دولتنا والحمدلله بدون م نعرف السبب واثقين بدولتنا 🇸🇦😍,happiness
0,الحمدلله جرعتين ولو فيه ثالثة بإذن الله باخذها,happiness
0,اليوم الحمدلله اخذت الجرعه الثانيه,happiness
0,الوزير يجرب اللقاح على نفسه جزاه الله خير .عشان الناس يتشجعون ويدرأ مخاوفهم,happiness
0,افضل وزير صحه في العالم,happiness
0,الحمدلله ماجتني كورونا ولا مكرونا مناعة طبيعية لله الفضل والمنة,happiness
0,وزارة الصحة تبذل جهود جبارة في الحد من انتشار هالفيروس فليبارك الله في هذه الجهود,happiness
0,والله ماعمري شفت الشعب السعودي ملتزم اكثر من هذه الايام !,happiness
1467835633448148995,...,happiness
1466721070568951813,...,happiness
1468510571209318400,...,happiness
1330859797944659970,...,happiness
1449682372249665536,...,happiness
1466302554502049799,...,happiness
1284072205488459776,...,happiness
1261868212335120384,...,happiness
1465724939269513219,...,happiness
1326544335161102341,...,happiness
1448999720257470518,...,happiness
1235409140379455495,...,happiness
1465954168250712064,...,happiness
1260200985378598912,...,happiness
1236321850550091777,...,happiness
1275045764843155456,...,happiness
1266001199955836928,...,happiness
1344310730305253378,...,happiness
1386881185360617472,...,happiness
1467209823879974913,...,happiness
1467607791560974344,...,happiness
1443887108880470017,...,happiness
1291445636672425986,...,happiness
1332066740281479168,...,happiness
1413427773197193216,...,happiness
1356665245020925953,...,happiness
1372799833673588743,...,happiness
1465273832248336387,...,happiness
1306265032519495680,...,happiness
1407899776373436418,...,happiness
1283399710544400384,...,happiness
1274796842996445187,...,happiness
1283718945443319808,...,happiness
1286207588355452930,...,happiness
1286325325534769157,...,happiness
1318257828772171777,...,happiness
0,دولة عظيمة تحب شعبها الله يحفظهم,happiness
0,ماني راعية كمامة بس فرحت ماعاد فيه كمامة الحمدلله,happiness
0,الحمد الله والشكر لله فعلا انخفاض الاصابه بالكارونا خف واجد وملحوظ وان شاء الله ترجع الحياه مثل اول واحسن,happiness
0,الحمد الله اخذته و مافيني غير الصحة و العافية,happiness
0,#الصحة:تسجيل (27) حالة تعافي ليصبح إجمالي عدد الحالات المتعافية (538 966) حالة ولله الحمد.,happiness
0,بفضل الله أكثر من (45 000 000) جرعة من لقاح كورونا (كوفيد-19) تم إعطائها حتى الآن عبر أكثر من (587) موقع للتطعيم في كافة مناطق المملكة.,happiness
1339151972696543233,...,happiness
0,لله الحمد والشكر,happiness
1466024499380465669,...,happiness
1467463883623473165,...,happiness
1465678772380831748,...,happiness
0,الحمدلله والشكر اعراضه خفيفة,happiness
0,الحمد لله الذي عافانا مما ابتلى به غيرنا وفضلها على كثير مما خلق تفضيلا,happiness
1465327187423281158,...,happiness
1468251614515548162,...,happiness
1466944380263149570,...,happiness
1452263729366769673,...,happiness
1449606381036785666,...,happiness
1359574413574893575,...,happiness
1468500214487126022,...,happiness
1467518026983645195,...,happiness
1467997313910067209,...,happiness
1289277068287434752,...,happiness
1266889486220353538,...,happiness
1353778692842008579,...,happiness
1319261760474484736,...,happiness
1391770041880915968,...,happiness
1243519665290313728,...,happiness
1277586890779242497,...,happiness
1265624495831818248,...,happiness
1464677201341829124,...,happiness
1387854733881249796,...,happiness
1266950781711929345,...,happiness
1247392309995593732,...,happiness
1466183965707014144,...,happiness
1386800970592555010,...,happiness
1288820956874539009,...,happiness
1384190389687443456,...,happiness
0,الحمدلله نتيجة الفحص سلبية وماعندي شي ❤❤,happiness
1315274317744267264,...,happiness
1456904760469172232,...,happiness
1403120999621615620,...,happiness
1425799599621558276,...,happiness
1254247727086686215,...,happiness
1254237289515028482,...,happiness
1335206532259180545,...,happiness
0,بالنسبه لي احلا ايام كانت إيام الحظر حسيت بالأمان اكثر وكل شي يوصلني لعندي والمكياج ارتاح من وجهي,happiness
1450509831618564097,...,happiness
1325925562783821824,...,happiness
1283839098541801472,...,happiness
1468246653106888707,...,happiness
1251143036412628995,...,happiness
1263495181946351616,...,happiness
1466787136502439943,...,happiness
1466720354840236037,...,happiness
1338402086283849730,...,happiness
0,توي اخذته انا كنت خايف من الابرة انهم يضربوها حاده بس بالنهايه والله ماحسيت فيها الحمدلله صح الم في ظهري بس حمدلله بسيط ويدي مافي قوة بسيطه لاتشيلو هم لانها ضروري بالتقاديم العسكرية الله يوفقنا وياكم يارب❤,happiness
1350362606469578757,...,happiness
1275744486270918657,...,happiness
1294642479304712194,...,happiness
1320208199291686914,...,happiness
1289671762569908224,...,happiness
0,عدد الوفيات في تناقص الحمدلله,happiness
0,الحمدلله الذي عافانا تعافيت من كورونا,happiness
0,اخيرا اخذت الجدعتين,happiness
0,الاصابات تتناقص ياربي لك الحمد,happiness
0,احلى شي صار هو الحجر,happiness
0,ازمه وعدت,happiness
0,ياربي لك الحمد الى الان مااصابتنا كورونا,happiness
0,خلصت حجر اخيراا,happiness
0,اعتقد ان كلنا فرحانين بالحجر,happiness
1465986594641428482,...,happiness
1389627175628906497,...,happiness
1309034506448449537,...,happiness
1440250879668412423,...,happiness
1414291612524584964,...,happiness
1467841742695194624,...,happiness
1467062265178431491,...,happiness
1467070693472878602,...,happiness
1449469653638656004,...,happiness
1274340637727490050,...,happiness
1449622262429143040,...,happiness
1296685592659582977,...,happiness
1444755472557477893,...,happiness
0,ويتوقع بعض خبراء الأمراض المعدية أن يصبح "أوميكرون" في النهاية هو المتغير السائد لكوفيد-19، وذلك نظراً لزيادة قابليته للانتقال، ولكن هناك أخبار جيدة في هذا الصدد إذ أعلنت شركة "فايزر" أن الجرعة المعززة الثالثة من لقاحها يمكنها التغلب على "أوميكرون",happiness
0,وأشارت إلى أنه على الرغم من أن الدراسات المعملية تظهر أن المتغير الجديد يقلل من الحماية التي يوفرها اللقاح بأكثر من 25 ضعفاً لدى الأشخاص الذين حصلوا على جرعتين كاملتين، فإن الجرعة الثالثة تعزز مستويات الأجسام المضادة مرة أخرى إلى ما كانت عليه.,happiness
0,الأكيد ان هذه الأزمة ستمضي..,happiness
0,وسط ترقب عالمي وسباق مع الزمن، أوكسفورد تعلن نجاح تجارب لقاح كورونا (كوفيد-19)،,happiness
0,عدم المعرفة عبء كبير عشته الأيام الماضية تحت ظل شبح كورونا ..حيرة وألم وربما وهم وبُعد عن عملي وأسرتي وهاهو الفرج يقترب 🕊,happiness
0,الحمد لله ، أخبار مفرحة عن كورونا ، نسأل الله زوال هذا الوباء وأن يحفظ عمان وأهلها من كل سوء ..,happiness
0,عاجل: ترامب عبر تويتر يؤكد تواجد أخبار مفرحة عن لقاح لفيروس كورونا: "أخبار عظيمة حول اللقاحات".,happiness
0,الحمد والمنة لله أخبار مفرحة عن فايروس كورونا جعله الله ضعيف أمام صبرنا على البلاء الذي فرضه الله سبحانه على الأرض وهاهو رب العالمين يكافئنا على صبرنا لقوله سبحانه "وبشر الصابرين",happiness
0,اخبار مفرحه عن فيروس #كورونا وهو ان علاج الملاريا يعالجه بنسبة 100%,happiness
1457455349250854912,...,happiness
1450885983315050499,...,happiness
1453391988959629319,...,happiness
1465983907199922180,...,happiness
1264807945826598913,...,happiness
1436817304386424835,...,happiness
1461449153872113670,...,happiness
1464273393121959937,...,happiness
1458062880553775109,...,happiness
1464900223550038016,...,happiness
1334532030453964807,...,happiness
1342129893614575619,...,happiness
1408402004590972935,...,happiness
1449406845064466432,...,happiness
1411179839764172801,...,happiness
1404216940076351490,...,happiness
1418840807717605377,...,happiness
1449009281328680961,...,happiness
1321174252515692544,...,happiness
1272977600860872704,...,happiness
1282568923754438656,...,happiness
1276815730332389376,...,happiness
1284868887104892930,...,happiness
1265301381340180480,...,happiness
1274419216985337860,...,happiness
1317883549643689986,...,happiness
1427560950928969729,...,happiness
1400850350534443008,...,happiness
1290556817244905472,...,happiness
1354526169694138369,...,happiness
1279448683252195331,...,happiness
1453087049477726222,...,happiness
0,كفو يا كورونا اشكرر امك يشيخ. تصدق انهم عاد عطونا إجازه سبوعين,happiness
0,فخر لي اني كنت من ابطال كوفيد ومن احد الممرضين الواقفين في الخط الاول تجاه كورونا وكانت لي يد وبصمه في حربنا تجاه كوفيد,happiness
1286757448527818754,...,happiness
1265830762663890946,...,happiness
1376889042994917379,...,happiness
1246539228927885315,...,happiness
1261955393514848262,...,happiness
1276895711922135041,...,happiness
1443271971517706243,...,happiness
1225002807046090752,...,happiness
1309878930816602113,...,happiness
1264711149955710976,...,happiness
1248651054696325121,...,happiness
1245964197256744961,...,happiness
1464937781864636420,...,happiness
1464965192236818433,...,happiness
1465426131834839047,...,happiness
1465377707404021763,...,happiness
1463858245462810633,...,happiness
1463500864002404363,...,happiness
1463132396233101313,...,happiness
1433045974558072832,...,happiness
1433046208533123072,...,happiness
1433046970592079877,...,happiness
1449002205235789862,...,happiness
1463852318097653779,...,happiness
1463852532908896259,...,happiness
1401864956572749825,...,happiness
1274327150708101121,...,happiness
1466884200385110017,...,happiness
1466944380263149570,...,happiness
1466937555786600454,...,happiness
1468541792207396867,...,happiness
1466979740737277955,...,happiness
1339552665475440640,...,happiness
0,لحمدلله حمدًا كثيرًا طيبًا مُباركًا فيه💚 خنقتني العبرة، و لامس قلبّي🥺🥺 فيلم رائع جدًا، وجهد واضح تُشكرون عليه🙏🏻💕✨,happiness
0,المفروض متحدث الصحه خلاص م عاد يتحدث.. يحط لهم ذا المقطع و يبرد ع قلبه 😂😂😂👌,happiness
0,والله إن الربيعه وده يفقع كل واحد كف 😂😂😂 الرجال تعب مع شعب مايعرف يقول نعم 😂,happiness
0,رفع راسك وانت سعودي عظيمه يالسعوديه ورحيمه وبشهادة العالم اجمع حفظ الله بلادي من هذا الوباء وجميع المسلمين دائما سباقه وفي المراكز الاولى في شتى المجالات حفظ الله هذا الوطن وحفظ الله الملك سلمان وولي العهد محمد بن سلمان لهذا الوطن وحفظ الله القائمين جميعا في ردع هذا الوباء ❤ ❤ ❤ ❤ ❤ ❤ ❤ ❤ ❤ ❤ ❤ ❤ ❤ ❤ ❤ ❤,happiness
0,عز وفخر 🇸🇦🇸🇦🇸🇦❤ ❤,happiness
0,بتنفرج كرونا 😍😍😍😍🤩🤩🤩 قال وزيرالصحة كرونا بتروح خلاص يس يس يس يس 🥰🥰🥰🥳🥳🥳🤩🤩🤩😍😍😇😀😃😄😁😆😎🤓😏,happiness
0,شعور جميل جداً ولا يوصف كوني من من هذا البلد الرائع الذي يصعب وصفه كوني سعودية احساسي بالفخر يزداد يومًا تلو الآخر🇸🇦🇸🇦🇸🇦🤍,happiness
0,لحمد لله على السلامة الله يعز حكومة المملكة العربية السعودية وينصرهم ويحق لنا الفخر فيها وجزاهم خير الجزاء وزرة الصحة والعاملين فيها,happiness
0,لحمد لله دائما وأبدا.. اللهم احفظ اهلينا وكل من نحب واحفظ المسلمين والمسلمات .. وشافي وعافي كل مريض/ة وابعد عننا هذا الوباء آمممييينننن💙💙,happiness
1302344703820652548,...,happiness
1403759918247731206,...,happiness
1379782707547365377,...,happiness
1265788387765747712,...,happiness
0,لحمدلله والشكر اعراضه خفيفة,happiness
1468541817075417089,...,happiness
0,حمد الله أخذت القاح والأعراض بسيطة جدا 💚💚,happiness
0,مشكورين مملكه الانسانيه فعلا اللقاح مجاني للمواطن والمقيم ❤ ❤ ❤ ❤ 🇸🇦🇸🇦🇸🇦🇸🇦,happiness
0,الحمدلله مرره فرحانه اخذت اللقاح باسرع وقت شكرا مملكتنا الغالية,happiness
1455486175100215302,...,happiness
1454715097314639875,...,happiness
1453702053851717638,...,happiness
1468141273643167749,...,happiness
1469365171453927425,...,happiness
1448997583213449219,...,happiness
1299099123526836224,...,happiness
1420358487280848900,...,happiness
1412359286097915904,...,happiness
1431717085906939906,...,happiness
1464962272921595906,...,happiness
0,احسن حاجة فى كرونا انوا مفيش مدارس😂😏,happiness
0,فعلا مرحلة صعبه حتى ع الافراد الصغير والكبير الغني والضعيف الكل يشكر ع التزامة الله يجعلها اخر الاوبئة وحفظ الله لنا وطنا ♥ ♥ ♥,happiness
0,بحياتي ما انسى ازمة كورونا علمتنا اشياء كثير ومستحيل احد عاصرها ما حتظل في باله راسخه ايام كانت صعبه وحلوه ومليئه بالاشياء اللي ما اعتدناها كانت فترة صعبه بس بفضل الله تخطيناها 🙏🏻,happiness
0,يسعد ام الاخبار الي كذ,happiness
1441754846089003013,...,happiness
1441743374139207680,...,happiness
1397244597340934147,...,happiness
1348307846740529155,...,happiness
1303316789468762117,...,happiness
1289978615715659778,...,happiness
1433857695908614153,...,happiness
1428335630749208580,...,happiness
1302643047260454918,...,happiness
1342099135370039297,...,happiness
1449726887622754305,...,happiness
0,من افضل دول العالم في مواجهة كورونا 👍,happiness
0,انا مصاب و بي فضل الله ثم جهودكم الحمد الله صرت أحسن من قبل الله يقويكم,happiness
0,انا جاتني مرتين والحمدلله عدت على خير,happiness
1466677452881776640,...,happiness
1242793087258243073,...,happiness
1291435562403078144,...,happiness
1466319896392970242,...,happiness
1466498178610614274,...,happiness
1420708573705871362,...,happiness
1466937555786600454,...,happiness
1445375648583856137,...,happiness
1293695634210467842,...,happiness
1466302554502049799,...,happiness
1466745427974307846,...,happiness
1283839098541801472,...,happiness
1465301038026665986,...,happiness
1463809896344920072,...,happiness
1464497570806484995,...,happiness
1463084559097028609,...,happiness
1402124268209684480,...,happiness
1242142523130339330,...,happiness
1241862845924589568,...,happiness
1448992038503043073,...,happiness
1448992038503043073,...,happiness
1448996297311203329,...,happiness
1448992290832269324,...,happiness
1448992290832269324,...,happiness
1468177835189751809,...,happiness
1448993271171137571,...,happiness
1418531138864402434,...,happiness
1369954443421159425,...,happiness
1415171898149937156,...,happiness
1341964602595307526,...,happiness
1321369002099331072,...,happiness
1441380646421630976,...,happiness
1441380646421630976,...,happiness
1449677627539722245,...,happiness
1396900356693667846,...,happiness
1429059458819403782,...,happiness
1466867693320089605,...,happiness
1466082203398463491,...,happiness
1466042197879537665,...,happiness
1467845498312794118,...,happiness
1464309765962612736,...,happiness
1463249886162337801,...,happiness
1462401413749911552,...,happiness
1433647924676812800,...,happiness
1386091206577434624,...,happiness
1298586729344118784,...,happiness
1266505801167929351,...,happiness
1241764020207652864,...,happiness
1241765870508146695,...,happiness
1450917248160370693,...,happiness
0,شكرا من كل قلوبنا لحكومتنا الرشيده وبخاصة القطاع الصحي الذين انقذوا بعد الله شعبنا من انتشار كرونا وسيطروا عليه بل اتو باللقاح,happiness
1469355100510511105,...,happiness
1373604276468076548,...,happiness
1469638825492295684,...,happiness
nan,انا صابتني كرونا والحمد لله والشكر لله ثم وزاره الصحه ع اهتمامهم الكبير َ للمواطنين َ وبذات مرضى كرونا,happiness
0,الحمدلله على حكومتنا ماقصرت مع شعبها الله يجزيهم كل خير ويكفينا شر الحاسدين,happiness
1465357843566112774,...,happiness
1407220306104758273,...,happiness
1459321094960259082,...,happiness
1468855888249303040,...,happiness
1466357893750571009,...,happiness
1283455173197783043,...,happiness
1468671070257430538,...,happiness
1464965836490346497,...,happiness
1462036754576277508,...,happiness
0,انا مصاب بكورونا و فرحت له 😁😍,happiness
0,الحمدلله 😭😭بابا اتعافى من كورونا ..كان من ضمن الحالات الحرجة اللهم لك الحمد ولك الشكر اتعافى. وخرج من المستشفى,happiness
0,ياربي لك الحمد الحمدالله على سلمتك يا ابوي 😭,happiness
0,حتية تقدير وحب لكل اطباء ولدكتورات في جميع انحاء لعالم على جهودكم لجباره في انقاض وسعاف لمصابين من مرضى فايروس كورونا عاشو الاطباء الابطال🌹✌🌹👍,happiness
0,الله يحفظ المملكة.. سبحان الله اول ماصار الفايروس بالصين كنت خارج المملكه ورجعت للمملكه قبل الاغلاق اول مارجعت قبل دخولي تم فحصي قبل تصير الاغلاق التام.. ربي تحفظ هاذي البلاد من كل شر..,happiness
0,الحمد لله على تخفيف الاحترازات عقبال باقى دول العالم وعقبال مانسمع عدد الحالات صفر فى السعوديه وانتهاء جائحة كورونا من جميع دول العالم وترجع الحياه لطبيعتها وتفتح السعوديه ابوابها للجميع والمقيمين والمعتمرين,happiness
0,الف الف مبروك جزاكم الله خيرًا ورحم الله كل من توفى من هذا الفايروس وشكرا لحكومتنا على جهودها الجبارة 🇸🇦🇸🇦🇸🇦,happiness
0,طبعا" القرار مرحب به ،، ولكن منظر يحزن له القلب جدا" ،، اللهم لا تبعد المؤمنين من اللقاء لقربك ، وصلى بك ،، اللهم أنشر الصحة الشفاء في مكة والمدينة وفي كل مكان من المملكة العربية السعودية ، واحفظ أهلها من كل شر وداء ،، وحرسها بعينك التي لا تنام,happiness
0,الله يعطيكم الف الف عافيه شعب اصيل و حكومه رشيده نظيفه الله يطول في عمركم,happiness
1469135228061069315,...,happiness
1469801814669340681,...,happiness
0,التصرف السليم كان سبب في انخفاض الحلات في المملكه جهود جبارة,happiness
0,تحياتي للحكومه السعوديه. اخوكم ناجي الكميم. ولاهتمامكم.,happiness
0,انا صابتني كرونا والحمد لله والشكر لله ثم وزاره الصحه ع اهتمامهم الكبير َ للمواطنين َ وبذات مرضى كرونا ❤,happiness
0,جزاكم الله خير دولة عظيمة تحب شعبها الله يحفظهم 🇸🇦💓,happiness
0,نشكره اذا الوزير فوالله انني الحظت تطور الي الاحسن,happiness
0,#شكرا_وزارة_الصحة الله يعطيكم العافية اهتمام منقطع النظير من الدولة وتكاليف باهضة سخرتها الدولة لصحة المواطن🌹,happiness
0,شكراً على وزارة الصحة على جهودها في القضاء على فايروس كورونا ❤ 🇸🇦,happiness
1311367992534618114,...,happiness
1274331785820807168,...,happiness
1339482293564551168,...,happiness
0,الله يريح بالك يادكتور,happiness
0,حمدلله ان بريطانيا علقت رحلات ليس مثل الصين الذي اخرقت جميع القواعد,happiness
0,اخذت فايزر قسم بالله ولااي حاجة حتي يدي ماوجعتني ولا عضلاتي عورتني,happiness
0,اخذنا اللقاح والحمدلله احنا بخير,happiness
1463872575306665984,...,happiness
1459257563279761413,...,happiness
1466744867762147329,...,happiness
1466745119860826118,...,happiness
1446417876836028416,...,happiness
1469597663846932480,...,happiness
1376889042994917379,...,happiness
1254480597248020485,...,happiness
1470051921151021068,...,happiness
1468452010622169088,...,happiness
1468116585223278594,...,happiness
1469772278909054978,...,happiness
1469266394084749318,...,happiness
1468267516443205632,...,happiness
1469664087474937859,...,happiness
1469273659751677965,...,happiness
1469285726248480772,...,happiness
1467371401216761858,...,happiness
1468267516443205632,...,happiness
0,الحمدالله ما جتنا اصابه من بدايتها لنهايتها الله يديم الصحة والعافيه للجميع 🤍🤍,happiness
1417195003244384263,...,happiness
1406937152408244226,...,happiness
1467983123463950350,...,happiness
1238426179620745218,...,happiness
1274348494560657411,...,happiness
1259675066717089793,...,happiness
1324859774316515330,...,happiness
1259520524679553024,...,happiness
1376889042994917379,...,happiness
1428363544035168256,...,happiness
0,حلو الحمدالله اني طعمت ابنائي,happiness
0,تعليق اكثر من رائع فعلاً هذه هي الحقيقه,happiness
0,الله يعطيكم العافية ع جهودكم التي نتشرف بها امام العالم اجمع فعلاً نجاح المملكة في إدارة ازمة الجائحة كان مميزاً وعظيماً,happiness
0,السميط ههههههه الله يسعدك اضحكتني من قلبي,happiness
0,ياسلام كلام جميل الله يسعدك ويكفيك شر الامراض والمسلمين,happiness
0,هاااااااا هذه الاخبار التي ت القلب على الاقل نخرج من حالة الهلع وال والانتظار,happiness
0,أخذت اللقاح ولم أشعر بأي عارض نسأل الله السلامه.,happiness
0,نعم أخذته وانا مصاب بالتصلب ممتاز جدا وحسيت بتحسن الحمد لله,happiness
0,أكثر من رائع تحليل عقلي سليم واتفق معاك باراي برافوا,happiness
0,ما مثلك بها الدينا بلد... كل التعليقات اللي تقلل من حكومتنا اقولهم السعوديه حربها ليست على الفايرس فقط كل الدول تقاتل على جبهه واحده الا السعوديه حرب على الفايرس وجنود على الحدود يحمون الوطن ..اعداء متربصين يستنو فرصه علشان يهجمو لكن جنودها بتوفيق الله لهم ب المرصاد ..الله يحميك ياوطني ويعزك ولا يعز عليك الله يقويهم لخدمة دينك افتخر اني سعوديه... الله اللي عزنا ما لحد منه....,happiness
1252930975476178945,...,happiness
1290565413559062528,...,happiness
1348273891119132673,...,happiness
1416779698391158786,...,happiness
1372129316532854792,...,happiness
1409857467375362049,...,happiness
1380575679469789185,...,happiness
1400916514270859270,...,happiness
1323022513052540928,...,happiness
1413574552869871618,...,happiness
1239459967431778304,...,happiness
1287439697682341892,...,happiness
1239606586244505600,...,happiness
1246120131236945920,...,happiness
1239053361401540608,...,happiness
1241815483181150208,...,happiness
1243453100184276994,...,happiness
1243744238375964674,...,happiness
1249017068957110272,...,happiness
1242849382015340552,...,happiness
1245943348030058497,...,happiness
1238080470014996480,...,happiness
1238478265741959170,...,happiness
1239586984559067137,...,happiness
1241715050143977472,...,happiness
1256194659707244546,...,happiness
1367894394217635848,...,happiness
1362094990713905153,...,happiness
1371168277733519373,...,happiness
1423560243221606403,...,happiness
1371136116263424005,...,happiness
1459912457145749514,...,happiness
1373992580699021315,...,happiness
1364466718534479875,...,happiness
1266809914061656065,...,happiness
0,كفووو الله يوفقكم ويقويكم على كل مستهتر وعاصي للقوانين,happiness
0,مجهود رائع,happiness
0,كورونا اظهر امور كثير فشلت فيها حكومات الغرب خاصتآ حكومات الدول الكبرى وتدعي القوه والانسانيه واغلبهم فشلو في حقوق الانسان بينما دول الخليج وخاصتآ السعوديه اذهلت العالم بمجهودها لمواطنيها بشكل فائق و رائع ودقيق الله يعزهم وعزنا بالله وسنة نبينا محمد صلى الله عليه وسلم,happiness
0,والله ياجماعه احس دمعتي بتنزل تأثرت. الحمدلله يارب اني سعودية وانا فخورة بمملكتي وحكومتي الله يعزها ويرفع شانها ويحميها من كل شر ويخلي انا ملكنا وولي عهده وشعبنا المختار. اتوقع هذا وقت كورونا ورا العالم مين هي السعوديه الي ياما تكلموا بالسوء عنها هي هذي السعوديه تحمي شعبها قبل كل شي. هي هذي الدولة العظمى. الحمدلله يارب 💚💚💚,happiness
0,الحمدلله على نعمة السعوديه وعلى حكامنا المسلمين جعلوا من ازمة الوباء استراحه ف البيوت ووناسه والخير للسماء ولم ولن ومستحيل يجوع الشعب او الوافدين والكل مبسوط ومرتاح اما الدول المتقدمه الرهيبه اخر همهم شيء يقولون له انسان,happiness
0,ماشاء الله التنظيم بمطار الملك عبدالعزيز اكثر من رائع وسريعين,happiness
0,يا عيني عليك كلامك مريح جداً أكثر من رائع,happiness
0,دكتور رائع كلامه مفهوم وموزون بدقة طال الله في عمرك حفظك من كل مكروه شكرا كتيرا على نصائحك ..,happiness
0,أكلك شي ترا أني و صفي كلنة عناقنة بعضنة البعض وبجيت كل صف لمة شفن بعضنة ت ة كثيررررررررررررررررررررررررررة,happiness
0,مبسوط اهم شيء اجازه,happiness
0,اشوف ان قرار المنظومة جداً رائع وبخصوص اللي ماعندهم نت شركة stc فتحته مجاني فقط للمنظومة واللي يقولوا انهم يالله يفهمون عن قرب شلون عن بعد الحمدلله عقلك كامل ولا فيه شي مانت حمار عشان ماتفهم الا لما يكون فيك شي ذي حاجه ثانية وماتوقع يكون فيك شي دامك جاي تصيح هنا,happiness
0,حوار رائع الاستاذ م متميز والضيفه الاستاذة ابتسام متميزه ولبقه .,happiness
0,ان هاي,happiness
0,مع إني سهران قهران تعبان و نعسان بس ان استمر يا وحش♥,happiness
1235424294370455552,...,happiness
1326229853801230339,...,happiness
1309904904174141442,...,happiness
0,تطبيق اكثر من رائع وسريع عطاني تصريح لمدة ساعة داخل الحي ثاني يوم العيد,happiness
0,تطبيق رائع,happiness
0,فيلم رائع وجهد جبار.,happiness
0,إبداع وإخراج رائع ماشاء الله تبارك الله 👌🏻,happiness
0,فيديو رائع بكل ماتعنيه الكلمة رغم ماحواه من صور مؤلمة وعبارات مؤثرة 💔 ولكنه أجاد التعبير عن روح كل مسلم تهفو نفسه إلى بيوت الله لا شك أن العالم امتلأ بالصور المؤلمة حينها لكن صورة إغلاق أبواب المسجد النبوي آنذاك تربعت على عرشها 💔 فلم يخطر لنا ببال أن يأتي يوم على المسلمين لا يستطيعون فيه دخول بيوت الله وأن يقصون عن مقدساتهم بلا حول للعالمين ولا قوة اللهم لك الحمد على إحسانك بإن رددتنا إلى بيوتك وشكر الله سعي كل من بذل جهداً في العناية ببيوت الله والحرمين الشريفين خاصة شكراً جزيلاً غدقاً مدراراً على روعة الفيلم والذي أثار شجوننا وأسال مدامعنا وروعة انتقاء الجائزة على تقييمه وكأنكم تقولون أصدقكم تعبيراً وشعوراً ومحبة لمسجد رسول الله صلى الله عليه وسلم أحقكم باختياره لزيارته اللهم بلغنا وكل محب ومشتاق 🌹,happiness
0,فيلم رائع جدا تظهر مامرينا به الايام الماضية مع ال العميق لخلو المسجد النبوي الشريف من المصليين والشوق الشديد للحضور والصلاة فيه خاصه في رمضان,happiness
0,فيلم وثائقى اكثر من رائع .. عبر عما كان يدور بأفئدتنا .. وسَكَب الدموع منا .. لفراقنا طيبة الخير .. وسجل ماحدث من اجراءات احترازية لولاها ماتم افتتاحه فى هذا الوقت .. فيارب لك الحمد .. 💚,happiness
0,جزاكم الله خيرًا رائع,happiness
0,رائع جدا ماشاءالله لاقوة الا بالله,happiness
0,بجد فيلم رائع ❤️❤️,happiness
0,الله اكبر الله اكبر الله اكبر لا اله الا الله الله اكبر الله اكبر ولله الحمد الإلقاء كان رائع,happiness
0,اللهم لك الحمد والشكر فيلم وثائقي رائع ومخرج بإخراج جميل ومؤثر ومعبر ومعيش للحظة. لك الحمد لك الحمد لك الحمد.,happiness
0,اللهم لك الحمد .. وثائقي رائع تشكرون عليه,happiness
0,فيديو رائع جدا وجميل شكرا لكم قناة DW.,happiness
0,رائع . حلو كتير 👍,happiness
0,وثائقي رائع اهنيكم,happiness
0,تقرير رائع,happiness
0,شكرا dw وثائقي رائع,happiness
0,فيديو رائع وجميل جداً جداً جداً شكرا لكم قناة DW على النشر.,happiness
0,فيلم وثائقي رائع وجميل جداً اشكركم قناة DW على النشر .,happiness
0,رائع جدا 👍🏻,happiness
0,فلم رائع جدا,happiness
0,رائع رائع👍🏻,happiness
0,مقطع اكثر من رائع 🥺😍❤️❤️❤️❤️,happiness
0,فيلم جميل وتوثيق رائع للمرحلة الصعبة اللي مرينا فيها وجهود دولتنا العظيمة في مواجهه الجائحة مشكورين 👏🏻💚💚,happiness
1346856768266240000,...,happiness
1426820909990621184,...,happiness
1237079537160241152,...,happiness
1252930975476178945,...,happiness
1269060659179925504,...,happiness
1281258570668015622,...,happiness
1290565413559062528,...,happiness
1346100438807011334,...,happiness
1348273891119132673,...,happiness
1369381876083916806,...,happiness
1372129316532854792,...,happiness
1380575679469789185,...,happiness
1400916514270859270,...,happiness
1409857467375362049,...,happiness
1240086094609334272,...,happiness
1323022513052540928,...,happiness
1333817096288014336,...,happiness
1339148486911078401,...,happiness
1365020807785807873,...,happiness
1387409047209582593,...,happiness
1413574552869871618,...,happiness
1421493495139819521,...,happiness
1233200673711366144,...,happiness
1235512587531563015,...,happiness
1235969771155468289,...,happiness
1237621561819107330,...,happiness
1238080470014996480,...,happiness
1238478265741959170,...,happiness
1239053361401540608,...,happiness
1239537774535073792,...,happiness
1239581305815339008,...,happiness
1239908257982042113,...,happiness
1241084176704495616,...,happiness
1241713969989124096,...,happiness
1241815483181150208,...,happiness
1242849382015340552,...,happiness
1243453100184276994,...,happiness
1243744238375964674,...,happiness
1245359152953798657,...,happiness
1245943348030058497,...,happiness
1246120131236945920,...,happiness
1247516485607538694,...,happiness
1249017068957110272,...,happiness
1249139196712927233,...,happiness
1251067240461537280,...,happiness
1253036507654479872,...,happiness
1253950970838626311,...,happiness
1366341447440609280,...,happiness
1367550105927245829,...,happiness
1415240620239736832,...,happiness
1419732530052349965,...,happiness
1409553157575827458,...,happiness
0,نحمد الله على نعمه الكثيره، ومنها نعمة توفر اللقاحات، هناك بلدان كثيرة يتمنون جزء من اللقاحات المتوفرة في المملكه.,happiness
1402497353467129856,...,happiness
1460485417510260736,...,happiness
1449042663752208390,...,happiness
1466493383929647105,...,happiness
1449030731162914863,...,happiness
1467998315216318466,...,happiness
1431890440807239687,...,happiness
1238937498941886466,...,happiness
1265156375438647296,...,happiness
0,عمل مثالي لوزارة الصحه,happiness
1467930061948997642,...,happiness
1259284987855228929,...,happiness
1267032978150109186,...,happiness
1467998315216318466,...,happiness
1246061491234713603,...,happiness
1254216447456432130,...,happiness
 1256904022088351745,...,happiness
1326174683931303937,...,happiness
0,عمل مثالي لوزارة الصحة تحياتي وتقديري,happiness
0,يسعد الله رح نعطل عن الدراسة والنجاح مضمون 🤣🤣,happiness
1439270021327462403,...,happiness
1274544172914130945,...,happiness
1243549377777598467,...,happiness
1365280255120973830,...,happiness
1243601830887731202,...,happiness
1308499175349288963,...,happiness
1431894860613787651,...,happiness
1467121335017037830,...,happiness
1468156701652230147,...,happiness
1449556917358104576,...,happiness
1466901217926434820,...,happiness
0,مبسوطط الاختبارات عن بعد,happiness
1456963308129558529,...,happiness
1431876919172247553,...,happiness
1418410147521732608,...,happiness
1381702232538763266,...,happiness
1449760756887605248,...,happiness
1265171068576292866,...,happiness
1467724969840889856,...,happiness
1467473462423916548,...,happiness
1262126547244396546,...,happiness
1337372356021538817,...,happiness
1467473462423916548,...,happiness
1274321811979874305,...,happiness
1467577828556300296,...,happiness
0,خر لي اني كنت من ابطال كوفيد ومن احد الممرضين الواقفين في الخط الاول تجاه كورونا وكانت لي يد وبصمه في حربنا تجاه كوفيد.. مرحلة مؤلمه حقا وآلمتني عندما ارى زملائي بالعمل يتساقطون واحد تلوا الاخر بعد اصابتهم بكوفيد شفاهم الله جميعا.,happiness
1332774624145403906,...,happiness
 1431828928662999040,...,happiness
0,شفيكم منفسين احلا اجازة يرجال بس الله يكفينا شره🤲🏻,happiness
1288966225289256962,...,happiness
1466345562421317633,...,happiness
1466382346182144002,...,happiness
1449646615233449985,...,happiness
1450401662774960131,...,happiness
1449495577272758279,...,happiness
1464161307972845570,...,happiness
1265102181142794244,...,happiness
1431890440807239687,...,happiness
1448996297311203329,...,happiness
1428787077467025413,...,happiness
1462428574489759744,...,happiness
1467531645888704514,...,happiness
1449814807830478850,...,happiness
1449313605501980676,...,happiness
1449257243774525440,...,happiness
1265356810946588677,...,happiness
1294726155032043521,...,happiness
1431887840930156545,...,happiness
1421965908466077696,...,happiness
1428368409692016640,...,happiness
1319250779887357953,...,happiness
1469644331762003971,...,happiness
1467185432911917062,...,happiness
1300863329192247302,...,happiness
1467998315216318466,...,happiness
0,كفو الغاء عن بعد وعودة الدراسه حضوري بنسبه 100%,happiness
0,كفو نشكر وزارة التعليم ووزارة الصحه ون جميعا بعودة الدراسه حضوري عشان لايشغلونا الولد مااختبر الولد مادخل منصه حضوري يداوم زيه زي الناس الآخرين,happiness
0,كفو ياوزارة التعليم استعجلو فيها نبي الدراسه حضوري بنسبه 100% لابد من عودة الحياه الطبيعيه وعودة المعلمين والمعلمات وأعضاء هيئة التدريس بنسبه 100%,happiness
0,كفو هذا الي نبيه ماعاد فيه عذر نبي نسبه الحضور 100% الكل ياخذ جرعتين ويداوم حضوري,happiness
0,الف مبروك عودة الدراسه حضوري عقبال النسبه 100%,happiness
0,كفو المفروض التعليم حضوري للكل ياخذ اللقاح الغو التعليم عن بعد,happiness
0,نشكر قرار الدراسه حضوري لايتغير الابتدائي والروضة جيبو لهم اللقاح المسموح بعدها الكل يداوم حضوري نبي النسبه 100%,happiness
0,كفو ايوه غياب الي ماياخذ ليه على راسك ريشه كلنا اخذنا اللقاح داومنا حضوري,happiness
0,الف مبروك عودة الدراسه حضوري الي ماخذ الجرعتين وزراة الصحه تسجل له موعد يروح ياخذها يصير نسبه الحضور 100%,happiness
0,حضوري حضوري حضوري طفشنا من التعليم عن بعد الذي لا يسمن ولا يغني من جوع,happiness
0,الحمدلله اللي عن بعد الابتدائي والله لوكانت حضوري ماخليتهم يدرسون ذي السنه. الصغار ينسون امر التباعدمع اللعب. ولايدركون خطورة المرض ذا الله يكفينا شره. ويحفظ لنا ابناءنا جميعا. أمين.,happiness
0,الف مبروك للمعلمين والمعلمات والطلاب والطالبات الدراسه حضوري,happiness
0,نبارك لوزارة التعليم على الانجاز الكبير الدراسه حضوري نشكر وزارة الصحه على القرار الموفق,happiness
0,كفو افضل قرار الكل يرجعون حضوري خلي الدلع ينتهي المفروض تكون شهر فقط مثله مثل اي موظف اخر,happiness
0,العام الماضي والسنوات الماضيه كان ولدي مضاربات مع الطلاب واتنفس الصعداء اذا جاء يوم ماتضاربو وجا كورونا وفكني من وجع الراس وانا مرتاح نفسيا ولدي عندي والتعليم عن بعد على الجميع سبحان الي يدبر الكون,happiness
0,الحمد لله اليوم كنت مع والدتي في مركز التطعيم الحقيقه كان التنظيم والخدمه شي رائع ومتقدم جدا حتى اماكن الاستراحه بعد التطعيم مزوده بالماء والعصير والخدمة راقيه جدا شكرا للحكومه ووزارة الصحه وكل العاملين في تلك المراكز على ما يبذلوه للزوار الله يوفقكم,happiness
0,بخصوص أنني فالاجازة 💃💃💃 ويقولون الفصل الثاني حضوري 💃💃💃,happiness
0,انا اول ما علقو المدارس انا واختي كن حيضين على الأخبار وكن ندعي ويوم علقو نا معمرن نا وانمن اكون مشهوره,happiness
0,‏أنا كنت مزبطة نظامي قبل المدرسة وهذا شي نادر يا ضبطه ‏وأنا كمان ‏أن الأبلة كانت طلعتني رحلة يوم الأربعاء وكنت وقتها أسوي راجع من السوق مع أمي عشان أنا ما ضبط النظام بعدين وحنان رايحين نجيب حاجة ثاني من السوق أمي قلها قاعد قاعد على جوالها بعدين قالت لي فاتن ايش ‏علق الدراسة أنا كنا كانت عندي لكل محل ما مر شهر شهرين ثلاثة طفشنا قلت يا ليت أن تجعل مدرسة😂😂😂😂😂😂,happiness
0,انا اكثر واحد مبسوط عشان المدرس حقي طلب ولي امري وبعد 8 ساعات علقو المدارس هههههههه,happiness
0,مو حلو الدراسه عن بعد الحمدلله بس انو انا درست حضوري و دحين حضوري عن بعد صعب ونت و مدري ايش ٧ ساعات و سماعات اذنك صارت دائريه ولله قوقل مو مقصر معاهم انتو فاهمين اش قصدي عن بعد 😏 98%👀 عن بعد مو معناته التطور ماله دخل طيب المدرسه اش مقصره معاكم مو في البيت وربي لما كان عن بعد بسبب اغلب الفصل يقولو جانا اكتئاب كل يوم ندرس في البيت,happiness
0,التعليم عن بعد افضل من الحضوري ولو يكون للابد افضل لانو ساعدني وساعد ناس واجد في اشياء ماتقدر نسويها حضوري صحيح بعض الاحيان يكون في كسل عند الطلاب اوماعندهم نت بس وجهة نضري انو عن بعد احسن,happiness
0,لأ حول ولا قوة الا بالله العلي العظيم هذا لي تعليق الدراسة ويتسلم راتبه نسأل الله السلامة والعافية,happiness
0,هههههه أن شاء الله حضوري تخرجنا يارب لك الحمد ✌️💔✋,happiness
0,الحمدلله حترجع المدرسة حضوري واخيرا مرة متحمسة والله 😇💞,happiness
0,الحمدلله يارب صار حضوري الحمدلله يارب يا كريم الحمدلله الحمدلله الحمدلله,happiness
0,قسم بالله قبل ما يعلقه دراسه وقته كنت اذاكر رياضيات وا تفسير وا وقته جاء ابوي وقالي ي بنات علقو دراسه والله وقته ت مو طبيعي قعد ارقص من كثر ه,happiness
0,انا خايف بس مستانس خايف عشان المرض عندنا في الباحة ومستانس عشان علقو الدراسة WTF شوي اختي تعطس😂,happiness
0,اخيراً حضوري بدون غش,happiness
0,يس حضوري شكرا الله يعطيك العافية الحمداالله بكيت ست مرات,happiness
0,انا من الحماس ان الدراسه حضوري ضميت اخواني وغفصتهم من الهههههههههه,happiness
0,الحمدلله انها حضوري لانه في يعني امهات حرام بل يالله يدفعون حق المدرسه و قبل خليتوها عن بعد طيب عندي سوال يمكن الام او الاب ما عندهم فلوس الجوال او الايباد او النت عشان يدرسون عليه ترا حرام و الحمدالله حضوري,happiness
0,اههه ونااسسه الحمدلله يارب الحمدلله اسجد شكر لله للحمدلله يارب انها بترجع حضوري,happiness
0,الله و اكبر الحمدالله يا رب لك الحمد الحمدالله اخيرا راح نرجع حضوري 🤍🤍🤍🤍🤲🏻🤲🏻,happiness
1349966917797355521,...,happiness
1350491696807743494,...,happiness
1415708958480818177,...,happiness
1252751794796707840,...,happiness
1285424053390647296,...,happiness
1265140703866347523,...,happiness
1352268400203063299,...,happiness
1380478323344687105,...,happiness
0,كفو نبي نسبه الحضور 100% بسبب الدراسه حضوري الحالات نزلت,happiness
0,عمل رائع جدا بارك الله فيك,happiness
0,عمل وثائقي أكثر من رائع باركك الله في جهودكم,happiness
0,قلبي وعيني تدمع بعد ما تعلق الصلاة في الحرمين ..فأتى البشارة من الله بان يفتح باب الحرمين ويرجع المصلين فتنهار الدموع بهذه البشاره ..فلك الحمد يالله ..على جميع النعم الفيديو جدا رائع عشنا معه الحرمين بعدما خلت من المصلين ..والان فتحت للمصلين اللهم لك الحمد 🌿,happiness
0,الله أكبر الله أكبر ولله الحمد عمل اكثر من رائع جزيتم خيرا يا حراس الحرمين الشريفين .,happiness
0,لك الحمد ربنا.. حقاً.. عمل رائع,happiness
0,ماشاء الله عمل رائع,happiness
0,عمل رائع .. تشرفت بمشاركتي في هذا العمل الذي يوثق بالفعل مرحلة صعبة,happiness
0,التحليلات الشخصية تختلف عن الاثباتات والابحاث الطبية .وهذا الفيروس ما زال في مراحلة الاولى من الانتشار السريع في العالم. ولا توجد معلومات مؤكدة عن الاثار الصحية لهذا الفيروس على المدى المتوسط أوالبعيد,neutral
0,وأشارت #منظمةالصحةالعالمية إلى أدلة مبكرة من بيونتك وفايزر على فعالية لقاحهما ضد #أوميكرون .,optimism
0,الله الحامي حتى من اللقاح نفسه ما راح يرك الا وقد كتبه الله لك,optimism
1457741901038243842,...,optimism
1459890059784728588,...,optimism
1451895949102551040,...,optimism
1466083144776527890,...,optimism
1465996631808131074,...,optimism
1465988914833940492,...,optimism
1465996688233930759,...,optimism
1344524977064849409,...,optimism
1300043248052908034,...,optimism
1467614621385342977,...,optimism
1254589590486335490,...,optimism
1262505177652834304,...,optimism
0,ازمة وراح تروح سلام يا موطني🇸🇦 حفظك الله من شر الحساد والاحقاد,optimism
0,قريباً .. إن شاء الله ستختفي الكمامة وتشرق الإبتسامة أين الواثقون بالله - قولوا يارب ...,optimism
0,ازمه وتفرج أنشاء ألله ادعاء هوا العباده ادعو الله ان يرفع عنا وعنكم وعن المسلمين هذا الوبا يارب العالمين,optimism
0,لاداعي للرهبه والرعب . يقول عليه الصلاة والسلام (بشرو ولاتنفروا)((التعليق فقط للوقايه ولحفظ ارواحنا. )لايوجد مايجعلنا نحزن او نتشائم . .. اللهم احفظنا واحفظ بلادنا من كل سوء ومكروه,optimism
0,سيبدأ الڤايروس بالإنحسار بإذن الله.. وسنستقبل رمضان مبتهجين مطمئنين بإذن الله.. هذه إجراءات احترازية فقط ذلك نهج الأنبياء بشروا ولاتنفروا,optimism
0,أملنا في الله كبير هو الحامي وهو الناقذ وهو القادر أن يوقف المفسدين ويجعل كيدهم في نحورهم .,optimism
0,فالله خير حافظا وهو أرحم الراحمين .... صدق الله العظيم.,optimism
0,نسأل الله العفو والعافيه من هذا الوباء ي رب العالمين .,optimism
0,لن يخوفنا الوباء بجميع تحوراته نحن نخاف الله رب العالمين وهو خير الحافظين وهو ارحم الراحمين .,optimism
0,ان شاء الله تكون كورونا واخواتها ..مجرد سحابة صيف وتزول من كوكبنا الجميل بقوة الله تعالى.,optimism
1248552103641001986,...,optimism
1249324309077688322,...,optimism
1249678472437551106,...,optimism
0,لن يصيبنا إلا ما كتبه الله لنا .,optimism
1465299761880309762,...,optimism
1465058908700131330,...,optimism
1464214823277895685,...,optimism
1466583267977543681,...,optimism
1466399594204569610,...,optimism
1465962983008391169,...,optimism
1433061124841394178,...,optimism
1430147602054631455,...,optimism
1467191691027353608,...,optimism
1469695464769396737,...,optimism
1395575044416364547,...,optimism
0,قبل شهر واحد الحمدلله نحن في آخر مرحلة كل مر سيمر اللهم لك الحمد,optimism
0,بينتهي قريب خلال ايام ان شاءالله بيد الله وواثقين بالله ليش ثلاثه شهرين تفاءلو والله اذا قال لشي كن فيكون,optimism
1260568939987435521,...,optimism
1420281785456500740,...,optimism
1363391013176287235,...,optimism
1258087954574192641,...,optimism
0,انا جاتني كارونة . وستمريت على الاكل السمك مع ايدام البر وفيتامين .A.D.C والنفسية أهم شيء،. واهم شيء نغسية المريض . والحمد انا الحين بخير وصحة وعافية .,optimism
0,انا اخدت اللقاح الحمد لله .الاعمار بيد الله وليش القاح السبب .,optimism
1420302978137923589,...,optimism
1420302978137923589,...,optimism
1249462118371508231,...,optimism
1437323619449905152,...,optimism
1441956018779353097,...,optimism
1465995850002440198,...,optimism
1466330171259162635,...,optimism
1449554476520587268,...,optimism
1340831886420094976,...,optimism
1260682849629413382,...,optimism
1466096811832225800,...,optimism
0,راح تصير هذي الايام حدث وذكرى لاينسى وبترجعون تبحثون عن الخبر وتورون الجيل القادم المهم اذكرو الله وادعولي,optimism
0,تاريخ 23/3/2020 ، وقت حضر التجول ، وقت وباء كورونا، فقط تذكرو :ستمضي الأيام و سيزول الوباء ، وتفتح ابواب المساج د ، ويأتي رمضان وسنسمع تراتيل القرآن سيأتي الخير و سينتهي كل آلم ، وتعود الحي اه لسابق عهدها فقط ثقوا و آمنوا و توبوا و صلوا،أسال الله العظيم بأن يعم علينا بالامن وبالصحه والعافيه ❤ 🙏,optimism
0,أزمت كورونا ستصبح جزء من التاريخ وقصة يتداولها جيل بعد جيل "علّموا أولادكم بأن السعودية باعت كل شئ وشرتنا."🇸🇦❤ ❤,optimism
0,ستختفي الكمامة وتظهر الإبتسامة 😄 قولو ان شاء الله,optimism
0,انشاء الله سينتهي المرض ويكتشفون علاج له يارب يحفظ العالم 🌏 من هذا المرض,optimism
1441744649127874560,...,optimism
1440682349709049875,...,optimism
0,الله موجود هو اقوى من اي قوة ع سطح الارض 😍,optimism
1331572104857350144,...,optimism
1244691379168690183,...,optimism
0,لله يكفينا وياكم ياجماعة والمسلمين من فايروس كورونا وترجع حياتنا كما كانت وترجع مساجدنا ويرجع كل شي,optimism
1466054473520926721,...,optimism
1234469562441195525,...,optimism
1344918092502212608,...,optimism
1344739048485773314,...,optimism
1410497311424356352,...,optimism
1274766662819106817,...,optimism
1465000248338694153,...,optimism
1243168191196602368,...,optimism
0,أزمت كورونا ستصبح جزء من التاريخ وقصة يتداولها جيل بعد جيل "علّموا أولادكم بأن السعودية باعت كل شئ وشرتنا.,optimism
1241862845924589568,...,optimism
1441763311738032128,...,optimism
1274537601244987393,...,optimism
1257057784136425473,...,optimism
1455160559796637705,...,optimism
1465751712325644288,...,optimism
1464211081958731784,...,optimism
1464211081958731784,...,optimism
1466016675854266368,...,optimism
1397014231317458944,...,optimism
1417836114077962249,...,optimism
0,أملنا في الله كبير هو الحامي وهو الناقذ وهوالقادر ان يوقف المفسدين ويجعل كيدهم في نحورهم,optimism
0,أغلب الحالات المحيطة في الفترة الأخيرة بسيطة بفضل الله وبتتحسن بسرعة حتي كبار السن وأصحاب الأمراض المزمنة زي مابيقولوا وآخرهم حالة كانت معانا في نفس البيت وبفضل الله اتحسنت سريعاً حتي لو حالة كورونا الكل بيبقا جالس معاها وعادي والحمدلله,optimism
1466407275120238597,...,optimism
1469305205971984391,...,optimism
1256583326514786304,...,optimism
1468559736115277832,...,optimism
0,ان شاءالله نخلص من هذا الوباء للابد,optimism
0,للهم ابعدنا عن الأمراض وارفع عنا الوباء والبلاء وانزل علينا السكينة والطمأنينة والشفاء ورضاك ومغفرتك وجود كرمك وعزك وعفوك وغفرانك وتوفيقك سبحانك أنت وحدك القادر على كل شىء,optimism
1457325712134770691,...,optimism
0,شكرا لك دكتور؛ نرجوا من الله تعالى أن يرفع عنا الوباء والبلاء,optimism
0,أزمة كورونا ستصبح جزء من التاريخ وقصة يتداولها جيل بعد جيل "علّموا أولادكم بأن السعودية باعت كل شئ وشرتنا."🇸🇦❤ ❤,optimism
0,الله يكفينا وياكم ياجماعة والمسلمين من فايروس كورونا وترجع حياتنا كما كانت وترجع مساجدنا ويرجع كل شي,optimism
1469709406556327949,...,optimism
1469791407187574784,...,optimism
1469632099879723010,...,optimism
1469105861624844292,...,optimism
1466105683544358919,...,optimism
1349773212868087816,...,optimism
1249432788983599104,...,optimism
1249204857833164800,...,optimism
1271760796775825409,...,optimism
1296531627410108419,...,optimism
1296530229524156418,...,optimism
1466611130525270018,...,optimism
1462324656619376640,...,optimism
1466271736559808512,...,optimism
0,ممارسة الرياضة هي الجرعة الأكثر تأثيراً في مكافحة وباء كورونا وأي متحوّر جديد ناتج عنه,optimism
0,اللي حفظنا من المتحورات اللي فاتت قادر انه يحفظنا من هذا الفيروس الله يحفظنا احنا وجميع المسلمين يارب العالمين,optimism
0,افضل لقاح بسم الله الذي لا يضر مع اسمه شيء في الأرض ولا في السماء وهو السميع العليم,optimism
1263815001447555073,...,optimism
1263819239304990721,...,optimism
1468597543084998657,...,optimism
1467879150522408965,...,optimism
1467110902004654082,...,optimism
1466027257902809093,...,optimism
1466027257902809093,...,optimism
1467110184766087171,...,optimism
0,وجه مبتسم ذو عيون مبتسمةاليوم اخذت الجرعه الثالثه فايزر والله يحفظ الجميع,optimism
1274692643683958785,...,optimism
0,عقبال المساجدد والحرمين يارب 😔😔😔🤍,optimism
1466818896296661001,...,optimism
1466755254159036421,...,optimism
1466189866006421507,...,optimism
1468665435918852096,...,optimism
1383341946878398473,...,optimism
1466020011554840582,...,optimism
1466030207110950918,...,optimism
14660323697024286761,...,optimism
1466029662157611014,...,optimism
1434958642583941125,...,optimism
1466425547840495627,...,optimism
1466370566173122560,...,optimism
1466790949095411714,...,optimism
1466801433706213381,...,optimism
0,إنكشفت اللعبة .....ابتسم فرزقك مقسوم .. وقدرك محسوم .. واحوال الدنيا "والله" لا تستحق الهموم .. لانها بين يدي الحي القيوم.....لا الكورونا و لا غيرها تزيد أو تنقص في أعمارنا ....لنا رب جليل لا يعلم مفاتيح الغيب إلا هو.,optimism
1241452204223016961,...,optimism
1466497245264719883,...,optimism
1464868905311248385,...,optimism
1465764953261068297,...,optimism
1464206443859615754,...,optimism
1464459679547936773,...,optimism
1466371917074554885,...,optimism
1465264783075201026,...,optimism
1238648307037200384,...,optimism
1332766207976488961,...,optimism
1362985781665660930,...,optimism
0,للداء رب كبير عظيم...لا يعجزه شيىء..,optimism
0,النظام الصحي في السعودية من أقوى الأنظمة الصحية في العالم برافو لكل المسؤولين و جهود الدولة لمواجهة الوباء,optimism
1466356030439366659,...,optimism
1435964373755998209,...,optimism
1431967457472827395,...,optimism
1466367276580577284,...,optimism
1415030552651083776,...,optimism
1245134128229556224,...,optimism
1393728189181087745,...,optimism
1427406860630560770,...,optimism
1362783548198031360,...,optimism
1264821352474820609,...,optimism
1466642904495968261,...,optimism
1468186006511833089,...,optimism
1466113376279531526,...,optimism
1361394160335544320,...,optimism
1455989544810172424,...,optimism
1468790367160053768,...,optimism
1466773804726771712,...,optimism
1466474238009876487,...,optimism
1302669961161310211,...,optimism
0,ايمانا اقوي من اي متحور ونتمني للأمة الاسلامية الصحة التامة والتكافل بين مجتمعاتها وقت توقف الانشطة اليومية رفقا باخوتهم الضعفاء والالتزام بمعايير الصحة من اجل سلامة المجتمع ونتوكل علي الله فهو خير وكيل,optimism
0,ياجماعة في ناس خايفة تاخد اللقاح لان بخافو يطلع مضر للصحة و مو منيح بس لا تخافو انا و اهلي و كتير اصدقاء بعرفهم اخدناه و ما صار شي يعني خدوه,optimism
0,الحمدلله ، يارب ارفع عنا الوباء❤,optimism
0,لاتنسون الكمامه لسلامتكم والمعقم والله يكفينا من ذا الفايروس🤍,optimism
1467897597180452872,...,optimism
1467879940225961995,...,optimism
1467865940478074881,...,optimism
1467832470875914246,...,optimism
1300050232047173632,...,optimism
1466729228943167489,...,optimism
1467060826183979012,...,optimism
1429083509491183624,...,optimism
1466517644971069450,...,optimism
1423063900581412864,...,optimism
1265110631528779777,...,optimism
1339205207536832512,...,optimism
1259252250737881100,...,optimism
1338151852089749507,...,optimism
1272996220026454016,...,optimism
1263926324147761154,...,optimism
0,هنا نقول انه كورونا انتهى,optimism
1466818215703687185,...,optimism
0,عندما تنخفض مناعتك فإن الجرعة التنشيطية ترفع منها لحمايتك.,optimism
0,سينتهي هدا الوباء وتكون الإصابات والوفيات العدد 00 اللي معايا لايك وقولوا يارب هدا هو شعاري حتى الموت,optimism
0,منظمة الصحة العالمية: لا داعي للذعر من أوميكرون,optimism
0,يا جماعة تفائلوا بالخير تجدوه احنا في ايام مباركة اكثروا من الدعاء و ثقوا بالله,optimism
0,المتحور الجديد لايشكل خطرا كبير,optimism
0,العالم اصبح متشائم وسائل الإعلام اصبحت تحبط الناس ولكن توكلوا على ربكم وواجه الصعاب,optimism
1265560653860872192,...,optimism
1442188726390640641,...,optimism
1261732391325925376,...,optimism
1259289900601487363,...,optimism
1262544126525964291,...,optimism
1466123204674703364,...,optimism
1293126695852089345,...,optimism
1389018300198309889,...,optimism
1371204200495988741,...,optimism
1390583989216456704,...,optimism
1419720524414980097,...,optimism
1456017533086142464,...,optimism
1449717657008230402,...,optimism
1469031422346280969,...,optimism
1272996220026454016,...,optimism
1244615120262778883,...,optimism
1393728189181087745,...,optimism
1261768068512067585,...,optimism
1260349652106448896,...,optimism
0,محد يعرف ربنا ايش كاتب له استهدوا بالله,optimism
0,التحصين ثم التحصين,optimism
0,لا يخوفكم فايروس امنوا بالله,optimism
0,محد بيموت الا بيومه,optimism
0,التطعيم خير وحجج مقنعة,optimism
0,فيروس كورونا لم يشهد متحورات جديدة تدعو للقلق حتى الآن,optimism
0,لا يوجد ب المملكة تفشيات مقلقة عن انتشار كورونا المتحور.,optimism
1467273647429672967,...,optimism
1285704014986989570,...,optimism
1294992244622135298,...,optimism
1286039206486302720,...,optimism
1239707744778715137,...,optimism
1278689076539949058,...,optimism
1261436185953488896,...,optimism
1282278485868806144,...,optimism
1239983765323210753,...,optimism
1465014592535474184,...,optimism
1465014592535474184,...,optimism
1465014592535474184,...,optimism
0,وجدت دراسات جديدة أن الجرعات المعززة من لقاح "فايزر" المضاد لكورونا تجعل المطعمين أكثر استعداداً للتغلب بشكل فعَال على متغيرات "دلتا" و"أوميكرون".,optimism
0,لموسيقى حياة...متطوعين يعزفون ويغنون أمام مستشفى الحريري في بيروت للتخفيف عن مرضى الكورونا.💃🏻💃🏻💃🏻💃🏻🌸💃🏻💃🏻,optimism
0,أرجوكم يَكْفِي أمسيات عَن كورونا..أمسيات عَن الأوبئة..تقارير عَن كورونا..أمسيات عَن الأوبئة عَلَى مَرِّ الْعُصُورِ.نُرِيد جُرْعَة تَفَاؤُلٌ...😔,optimism
1469641989192921098,...,optimism
1258961868669976579,...,optimism
1461312157346373634,...,optimism
1467845911363698688,...,optimism
1409802824918212612,...,optimism
1354464648133795841,...,optimism
1260153736263094272,...,optimism
1364847699502247937,...,optimism
1272996220026454016,...,optimism
1359931894599663624,...,optimism
1361400109213372417,...,optimism
1269971144817418240,...,optimism
1463880141063565321,...,optimism
1467951750397181952,...,optimism
1467237487282212870,...,optimism
1467444164522655750,...,optimism
1466014748345094151,...,optimism
1433045919340056582,...,optimism
1433046521315041287,...,optimism
1433048747584462851,...,optimism
1433058249041981443,...,optimism
1467483088607453185,...,optimism
1467931563065286663,...,optimism
1468368395473145864,...,optimism
1442872642856316929,...,optimism
0,اصبت اليوم بفايروس كورونا 25 / 6 / 2021 أسأل الله الشفاء والعافية لي ولجميع المرضى والله يرحم من مات يارب,optimism
0,ربي يحفظ كل العالم العربي من المرض الفيروس كورونا..لا تيأس : فقد جرت العادةْ إن آخر مفْتاح في سلسلَة المفاتيٍح هُو الذي يفتَح البابْ,optimism
0,الحمدلله على كل حال يارب عجل بالفرج,optimism
0,اح يكون مرجع جميل جداً لجيل المستقبل❤ اذا تشوفوني انا الحين اشوفه وانا بأخر سنه ثانوي يوم الاربعاء الساعه ٦:٣٣ صباحاً ٢٠/٢/١٤٤٢ ان شاءالله نرجع نشوفه واحنا بخير وسعاده وينتهي هذا الوباء وترجع الحياه لمجراها تحياتي لكم يا جيل المستقبل اختكم/شهد❤ ❤,optimism
0,اللي أخطر من كورونا أننا اكتشفنا أن فيه مواطنين يسافرون إيران رغم قطع العلاقات ودخول بلادنا مواجهة معه علي كل الأصعدة.... رب ضارة نافعة,optimism
1292945533456257025,...,optimism
1274269471159484416,...,optimism
1453148212919996418,...,optimism
1242433271499296769,...,optimism
0,يخي عقوبة يخي 😟😟أنتم وطريقة اعلامكم للحدث تخيف اكثر من اي فيروس 🤔🤔🙄وش بيك تنهجي للكون رب ينجيه وان اراد قال للشيء كن فيكون والحمد لله اللهم لا نرجوك سوى ميتة نقابلك بها وانت راض عنا دمتم سالمين 😘😘😘😘,optimism
0,17 الف طبيب وممرض في بريطانيا كانت الإصابات كثيره بينهم وبعد أخذ اللقاح مضت فتره من الوقت ولم يصب أي واحد منهم وهذا دليل واضح وملموس فكيف للمشككين 4,optimism
0,قريبآ ستذهب الكمامة😷 وتظهر الابتسامة😊 اين الواثقون بالله "",optimism
1241762612267880448,...,optimism
1332370479152295939,...,optimism
1361400109213372417,...,optimism
1466103324902670340,...,optimism
1361400109213372417,...,optimism
1344739048485773314,...,optimism
1260380608603316224,...,optimism
1466097299214508042,...,optimism
1255127385541799938,...,optimism
1258138937408786432,...,optimism
1464583994272538632,...,optimism
1269426534957416448,...,optimism
1264378006077915138,...,optimism
1448992290832269324,...,optimism
1448992290832269324,...,optimism
1272996220026454016,...,optimism
1341011136733392899,...,optimism
1285559333372211200,...,optimism
1466003423434706950,...,optimism
1466809373544570882,...,optimism
1468370903704555523,...,optimism
1466003864247799815,...,optimism
1466069485035610116,...,optimism
1465986454191058944,...,optimism
1444333068869935110,...,optimism
1466295708840079364,...,optimism
1468584874223316999,...,optimism
1357516483723673601,...,optimism
1446867801059336201,...,optimism
1338846354802700300,...,optimism
1442555389703245834,...,optimism
1469634105310654464,...,optimism
1469300913017958408,...,optimism
1469024655101112327,...,optimism
1467475230482444291,...,optimism
1459453592721666048,...,optimism
1467551682913521670,...,optimism
1465962168856330240,...,optimism
1242142708287836169,...,optimism
1251239261044703235,...,optimism
1419280444730888200,...,optimism
1462036754576277508,...,optimism
1469633073683836929,...,optimism
0,فيروس كورونا... خوف من موجة ثانية وأمل بتراجع حدّتها,optimism
1469268008673685507,...,optimism
1469109630647390208,...,optimism
1469638559019802627,...,optimism
14691064496243220510,...,optimism
1287045615071961091,...,optimism
1346807558233878529,...,optimism
1284764818378022912,...,optimism
1238500667775422467,...,optimism
0,اكييد لكل شيء حكمة والله في خلقه شؤون,optimism
0,ونعم بالله وباقداره ....وشكرا لك دكتور .....فعلا الرعب سيطر علينا,optimism
0,نصيحة لله كل مصاب كورونا ياخذ عصير برتقالة واحدة مع عصير ليمونة واحدة مع حبات ثوم يخلط جيدا بالخلاط ثم يشرب تكرر الامر 5او 6 مرات يوميا وستجدون نتائج مذهلة خلال يومين انصبت بكورونا وكان وضعي صعب جدا جربتها والحمدلله,optimism
1273595260929802245,...,optimism
1470822402460471312,...,optimism
1275173929917788166,...,optimism
1254871915610677248,...,optimism
1260274805003206658,...,optimism
1296535935367225347,...,optimism
1468583643475955716,...,optimism
1439940942862106634,...,optimism
1359931894599663624,...,optimism
0,الحمد لله اني لقحت وملتزم دائماً بالكمامة حتى لو اطلع لأقرب مكان اتمنى من الكل ان يأخذ الاجرائات الوقائية لحماية محبينه ومن يهتم لأمرهم من هذا المرض الخطير,optimism
1377307636400541697,...,optimism
1467825177702674437,...,optimism
0,الموت والحياة بيد العزيز الجبار وَلِكُلِّ أُمَّةٍ أَجَلٌ ۖ فَإِذَا جَاءَ أَجَلُهُمْ لَا يَسْتَأْخِرُونَ سَاعَةً ۖ وَلَا يَسْتَقْدِمُونَ,optimism
0,قل لان يصيبنا الا ماكتب الله لنا ورحمة الله وسعت كل شي في اعتقادي ان الفايروس هوا الله علينا بسبب كثرة الذنوب والمعاصي في الفتره الاخيره ولو رجعنا الى الله واكثرنا الاستغفار والتوبه سيرحمنا الله,optimism
0,هذا التقرير فيه تهويل؛ شفت مئات المصابين الذين تعافوا، ونقابلهم دوما وهم بخير والحمد لله، ولم يتغير عليهم شيء، بحمد الله من نجا من الموت فهو بخير الحمد الله.,optimism
0,هذا الغبار تناوله رئيس وزراء بريطانيا لما اصيب بكورونا وادخلوه العنايه ولكن باردة الله ثم هذا العقار انقذه من الموت قبل حوالي 8اشهر,optimism
0,اقول الموت واحد والرب واحد وهؤلاء مثل سلنحق الحواري كل يوم واحد منهم يفرقع طقاعة على ربعة ومستقيدي بربرة الحافظ الله والتوكل عليه ولن يصيبنا الا ماكتب الله لنا لنا عام ولله الحمد الامور في تحسن يارب,optimism
0,ال بالخير توجيه من النبي صلى الله عليه وسلم ، نعم للظن خير في الله ابشروا بالخير ابشروا بالفرج ابشروا بما يسعدكم تمسكوا بطاعة الله واتقوا الله يجعل لكم مخرجا .,optimism
0,أسأل الله في هذه الليلة المُباركة باسمه الأعظم ذو جلال والإكرام أن يغفر لي ولكم ولوالدينا وأبناؤنا ومن له حق علينا جميعا وأن يسعدنا في الدارين ويألف بين قلوبنا,optimism
0,اتوقع الافضل بعد دا التقرير,optimism
0,والله انة هلع للبشرية وليعرف الجميع ان الحافظ الله تؤكلوا على الله الامور بخير انشاء الله (بسم الله الذي لايضر مع اسمة شئي في الارض ولا في السماء وهو السميع العليم 3مرات ومع صور المعؤذات وعدم متابعتهم,optimism
0,بشروا ولاتنفروا استبشروا خيرا فإن الله خلق الداء وخلق معه الدواء,optimism
0,الوقاية خيرا من العلاج ممتاز ??,optimism
0,القرفه تقضي على اعتى الفيروسات صابتني قبل سنوات انفلونزا الخنازير اسبوع ما فكت السخونة و الكحه و شربتها و الله كانها غمه و نقشعت بعدها ذكرها لي استشاري سوداني بمستشفى العزل قال انسى الفيروس معها,optimism
0,طالما مجرب واخذت فايزر ليش خايف كمل وتحصن بالباقية,optimism
0,خذ اللقاح عزيزي اذا لم تثق بالعلماء فبمن ستثق !! اللقاح لا يحميك من الاصابه بل يحميك من الموت وتفاقم وضعك وايضا فوتشي عضو لجنة مكافحة كورونا في البيت الابيض صرّح انه طبيعي ولم يتم تصنيعه او قد تكون طفرة وراثية انا كنت منخدعه صراحة بالمؤمرات لكن قررت افتح عقلي وابحث وان شاء الله ناخذ اللقاح,optimism
1237745966775754753,...,optimism
1409627160596332546,...,optimism
1398429433841717250,...,optimism
1361631343768182784,...,optimism
1398371705765220354,...,optimism
1339579035794337794,...,optimism
1382108768436117509,...,optimism
1421791661466603521,...,optimism
1433376119496056833,...,optimism
1259613078725017604,...,optimism
1271329209793646592,...,optimism
1340333036202803201,...,optimism
1333383099334483969,...,optimism
1385066205158023171,...,optimism
1234613446408359944,...,optimism
1320171998656548870,...,optimism
1455640244490051598,...,optimism
1386045768042221570,...,optimism
1385543741897854976,...,optimism
1449725182394970122,...,optimism
1400808106561507328,...,optimism
1399245208697643011,...,optimism
1272463664566743041,...,optimism
1271375975935291394,...,optimism
1395029358801264640,...,optimism
1445811095382413320,...,optimism
1359405063614177280,...,optimism
1238861207748128774,...,optimism
1351993954225557509,...,optimism
1410219793488269315,...,optimism
1370444867474702336,...,optimism
1404453353099304960,...,optimism
1388061326031917059,...,optimism
1247777438605574145,...,optimism
1257733140124176385,...,optimism
1341446894724272129,...,optimism
1348417262299074563,...,optimism
1242594989064040448,...,optimism
1263291935768412161,...,optimism
1326058268607860736,...,optimism
1341421276427137026,...,optimism
1377980667229827072,...,optimism
1378957455825235968,...,optimism
1447651437551435790,...,optimism
1359344297070501896,...,optimism
1413950772522389509,...,optimism
1365292103815856129,...,optimism
1238397331432779776,...,optimism
1236966089457831937,...,optimism
1265291937931833344,...,optimism
1413801447754539010,...,optimism
1417248014159302657,...,optimism
1237009282270363648,...,optimism
1241477065284694021,...,optimism
1398017985210617860,...,optimism
1409856098216124421,...,optimism
1374003342935007233,...,optimism
1241665543373049857,...,optimism
1244461093176651777,...,optimism
1255240846930214921,...,optimism
1235918273407078401,...,optimism
1251283305435140096,...,optimism
1241965124371525632,...,optimism
1241380816145518595,...,optimism
1242569985433706496,...,optimism
1242846599828721666,...,optimism
1251275241315340288,...,optimism
1251502392065097728,...,optimism
1241706220442071041,...,optimism
1249686339500597248,...,optimism
1243392064160591875,...,optimism
1241314914339258368,...,optimism
1239093696781524992,...,optimism
1253333772197494784,...,optimism
1242949742696464384,...,optimism
1412320310838374406,...,optimism
1320055156604624897,...,optimism
1374346362662367235,...,optimism
1378380836177862666,...,optimism
1375285726875508744,...,optimism
1455545696220766213,...,optimism
1410502150678093825,...,optimism
1456245562790105088,...,optimism
1411975904222400515,...,optimism
1387577019244941312,...,optimism
1291057501908144128,...,optimism
1241777637309263875,...,optimism
1245396337404923904,...,optimism
1245397618949324800,...,optimism
1248576923405561858,...,optimism
1278028182034284545,...,optimism
1347554167263547392,...,optimism
1394194941908242432,...,optimism
1419899176347914241,...,optimism
1437051178655916035,...,optimism
1413866446388666374,...,optimism
1404322882625454081,...,optimism
1249759024649732096,...,optimism
1332667175002365953,...,optimism
1330186392643710978,...,optimism
0,الحمد لله عملت فحص الم خفيف وراح بسرعة مايحتاج توتر بسيط ان شاء الله,optimism
0,تخافون من الفايروس وماتدرون ان التوكل ع الله ومايصيبك الا إلي كاتبه لك الله ومايخاف غير الي متهاون بصلاته واكل حقوق الناس لكن انا متوكل ع الله وماني خايف لامن كرونا ولامن غيرها,optimism
0,مستغرب من بعض التعليقات خايف من اللقاح استخر ربك !!!! وفكنا من شرك كيف تبي دولة تقتل شعب الدولة تبي شعب تعتز فيه الحكومة ماتعطي شي ضار لمواطينيها و " قُل لَّن يُصِيبَنَا إِلَّا مَا كَتَبَ اللَّهُ لَنَا هُوَ مَوْلَانَا ۚ وَعَلَى اللَّهِ فَلْيَتَوَكَّلِ الْمُؤْمِنُونَ ",optimism
0,ماشاء الله عنك يا دكتور والله تعبت هالفترة احترامي الك ولصدقك ولحضورك وانت نجم بكورونا وغير كورونا الله يقويك وتطلع عالتلفزيون وتقول لنا لقد سيطرنا على الوباء بفضل الله وبفضل حكمة الإدارة الطبية والحكومة السعودية تحياتي الكم من فوفو السورية,optimism
0,اللقاح ما ي كثير شي ي كورنا لازم ياخد للقاح عشان تحمو نفسهم من كورنا بعدين صير عنده عراض خفيفه بعد لأيام تروح,optimism
0,لماذا العنوان ي . لماذا التهويل . انا مرضت و شفيت في أقل من اسبوع,optimism
1412517184866336770,...,optimism
1425396049275928576,...,optimism
1319702658144493571,...,optimism
1298734478089752576,...,optimism
0,بارك الله في جهود معالي الشيخ وزير الشؤون الإسلامية ، فعلا قرار ممتاز و رائع ، و يا ليت الدخول يكون لمن استكمل الجرعتين,optimism
0,23 سبتمبر يوم توحيد المملكه ان شاء الله الامور تفرج كل جائحه تزول باذن الله تعالى والايام القادمه ان شاء الله كل وسرور على الكره الارضيه والامه الاسلاميه نعيش في محبه وسعاده,optimism
0,اولا اسأل الله ان يرفع هذه الغمة عن العالم الإسلامي وعن الإنسانية جميعا. ثانيا اتمنى ان تكون حكومات العالم العربي فهمت الدرس تماما بأن تحولنا من شعوب مستهلكة إلى شعب لديه اكتفاء ذاتي من أساسيات الحياه من القمح والخضار والفاكهة والألبان واللحوم. إذا وصلنا لهذه المرحله فنحن بألف خير ولا قلق وارزقنا بيد رب العباد.. نقطه أخيرة للتنبيه دمرت كلا من سوريا والعراق نظرا لوصولهم لمرحلة الاكتفاء الذاتي وبدؤوا في مرحلة التصنيع. ومنعت السعودية من قبل أمريكا في عهد المغفور له الملك فهد بن عبدالعزيز من تصدير القمح السعودي حينما أصبح ينافس قمح أمريكا في العالم. الأوطان تبني من الداخل وليس من الخارج. حمى الله السعودية والعالم العربي والإسلامي من كل شر.,optimism
0,الله يرفع الوباء عن الجميع وثائقي رائع جزاكم الله خيرا,optimism
0,اللهم صل وسلم على نبينا محمد وعلى آله وصحبه أجمعين ‏الله يرفع عننا الوباء والبلاء ... وثائقي رائع أبدعتم💕,optimism
0,فيلم وثائقي رائع ومميز يصف الحال اثناء جائحة كورنا حمانا الله واياكم,optimism
0,‏‎فيديو رائع يجسد مشاعرنا بصدق. فليبق للاجيال القادمة علها تعرف قدر هذا المسجد العظيم. وقيمة البركات التي يغمرنا بها. جزاكم الله خيرا.,optimism
0,‏‎فيديو رائع يجسد مشاعرنا بصدق فليبق للاجيال القادمة علها تعرف قدر هذا المسجد العظيم وقيمة البركات التي يغمرنا بها جزاكم الله خيرا.,optimism
0,ما شاء الله تبارك الله فيلم توثيقي تاريخي رائع للأحداث إن شاء الله سوف يرفع الله البلاء قريبا و نتذكر هذه الأيام و نحمد الله كثيرا و كثيرا على ما أنعم بع علينا جزاكم الله خيرا,optimism
0,فلم رائع جدا تم اخراجه بشكل ممتاز وان شاء الله ربنا يكتب لنا زيارة المسجد النبوي الشريف قريبا,optimism
0,نص ساعه كأنها ثلاث دقايق ليت المده كانت اطول والله يحفضنا ويحفظ مملكتنا وحكامنا والله يرفع الوباء شكرا لكم على الفديو الاكثر من رائع,optimism
0,إنتاج رائع 👏🏻 وفعلًا مرحلة صعب والحمدلله الوضع في تحسن وإن شاءالله يجي اليوم اللي نقول فيه كورونا راحت,optimism
1232284241330876416,...,optimism
1235217765511897088,...,optimism
1237143444851757062,...,optimism
1237745966775754753,...,optimism
1238861207748128774,...,optimism
1239961823614586880,...,optimism
1240009128510132224,...,optimism
1242594989064040448,...,optimism
1245433390318354432,...,optimism
1246898172594716673,...,optimism
1250847536652435456,...,optimism
1251190605851525127,...,optimism
1257733140124176385,...,optimism
1259613078725017604,...,optimism
1264892438436548608,...,optimism
1266714265345548289,...,optimism
1268434527472562177,...,optimism
1268480488420802560,...,optimism
1270734179429425152,...,optimism
1270772418483752960,...,optimism
1271016879335800838,...,optimism
1271237811082010624,...,optimism
1271329209793646592,...,optimism
1272463664566743041,...,optimism
1287355588901568519,...,optimism
1301143439812296704,...,optimism
1302692108957085696,...,optimism
1308502727350276099,...,optimism
1309131380748582927,...,optimism
1309146530117550085,...,optimism
1309164876498186241,...,optimism
1309173125628690432,...,optimism
1309196293709930497,...,optimism
1309202520099696640,...,optimism
1320171998656548870,...,optimism
1326058268607860736,...,optimism
1330614836036767746,...,optimism
1333383099334483969,...,optimism
1338111353496743937,...,optimism
1339446945870438406,...,optimism
1341421276427137026,...,optimism
1341446894724272129,...,optimism
1341457438172655622,...,optimism
1342580502092517376,...,optimism
1351993954225557509,...,optimism
1359344297070501896,...,optimism
1359405063614177280,...,optimism
1361631343768182784,...,optimism
1361642768372752384,...,optimism
1377980667229827072,...,optimism
1378957455825235968,...,optimism
1382108768436117509,...,optimism
1384493142725079045,...,optimism
1385543741897854976,...,optimism
1386045768042221570,...,optimism
1386871143907352578,...,optimism
1387939622903291907,...,optimism
1388061326031917059,...,optimism
1395029358801264640,...,optimism
1395288233160941568,...,optimism
1398308592659357697,...,optimism
1398371705765220354,...,optimism
1400458181164158978,...,optimism
1400801948140462084,...,optimism
1401139409794260994,...,optimism
1403079264468189189,...,optimism
1404045626720108544,...,optimism
1404453353099304960,...,optimism
1406197781279223808,...,optimism
1406229329256800259,...,optimism
1409518608561147907,...,optimism
1409627160596332546,...,optimism
1409775224573333506,...,optimism
1410219793488269315,...,optimism
1411785120265261059,...,optimism
1412539735122264064,...,optimism
1413950772522389509,...,optimism
1421791661466603521,...,optimism
1432967171521622018,...,optimism
1433376119496056833,...,optimism
1445811095382413320,...,optimism
1455640244490051598,...,optimism
1235437180484542464,...,optimism
1238397331432779776,...,optimism
1244647976242499584,...,optimism
1265291937931833344,...,optimism
1266419866774495233,...,optimism
1284469635585396736,...,optimism
1287439697682341892,...,optimism
1297924766817558530,...,optimism
1374003342935007233,...,optimism
1375757985507590146,...,optimism
1380114143919886338,...,optimism
1386355628520656896,...,optimism
1396020682669109249,...,optimism
1413787089737555969,...,optimism
1413801447754539010,...,optimism
1415581212941463562,...,optimism
1235918273407078401,...,optimism
1237095761122406402,...,optimism
1237266123831173123,...,optimism
1238865056370233344,...,optimism
1239488433720037376,...,optimism
1241360103682572288,...,optimism
1241620858038300672,...,optimism
1241706220442071041,...,optimism
1242569985433706496,...,optimism
1242846599828721666,...,optimism
1242925915006517249,...,optimism
1243392064160591875,...,optimism
1244461093176651777,...,optimism
1249069174309167104,...,optimism
1249374264102445057,...,optimism
1249683088470409221,...,optimism
1249686339500597248,...,optimism
1249687051194302464,...,optimism
1249874036726824961,...,optimism
1251275241315340288,...,optimism
1251277059852242954,...,optimism
1251283305435140096,...,optimism
1251502392065097728,...,optimism
1252530676550840321,...,optimism
1253333772197494784,...,optimism
1254251513612025863,...,optimism
1255240846930214921,...,optimism
1255951290678550529,...,optimism
1256171984981024769,...,optimism
1237493052870217731,...,optimism
1241777637309263875,...,optimism
1242943549261451264,...,optimism
1245396337404923904,...,optimism
1245397618949324800,...,optimism
1246450989953155081,...,optimism
1249742151526895616,...,optimism
1271398404367802368,...,optimism
1278028182034284545,...,optimism
1347554167263547392,...,optimism
1371168277733519373,...,optimism
1374346362662367235,...,optimism
1375285726875508744,...,optimism
1378380836177862666,...,optimism
1378453131743350796,...,optimism
1379429981399343108,...,optimism
1380902297501376512,...,optimism
1380937924280209410,...,optimism
1393949620255043585,...,optimism
1394194941908242432,...,optimism
1397183556393357319,...,optimism
1404322882625454081,...,optimism
1410489154501283843,...,optimism
1410502150678093825,...,optimism
1411975904222400515,...,optimism
1413866446388666374,...,optimism
1422010146616709120,...,optimism
1436139039367827457,...,optimism
1437038269112492045,...,optimism
1437051178655916035,...,optimism
1444407821320212484,...,optimism
1455545696220766213,...,optimism
1456245562790105088,...,optimism
1270905697396494336,...,optimism
1304527024506253312,...,optimism
1373807748371087365,...,optimism
1405636979384061952,...,optimism
1413468338764718085,...,optimism
1441381847624126467,...,optimism
0,انا ولله الحمد استقبل كل يوم 160 مراجع ولم اصب بالفايرس اصحابي اصيبوا وانا لا ولله الحمد,optimism
1467901026007232514,...,optimism
1263118563067539456,...,optimism
1249987397825282048,...,optimism
1250114228704460801,...,optimism
1441750872615235588,...,optimism
1325811272798113799,...,optimism
1319014284169543681,...,optimism
1268075982025625600,...,optimism
1241752578502864897,...,optimism
1466376887278702597,...,optimism
1243587943857618947,...,optimism
1257016726891479046,...,optimism
0,تفاؤل #الحقيل عن #جائحة_كورونا بأنها اعطيت اكبر من حجمها والعودة للحياة الطبيعية,optimism
1363013155857776641,...,optimism
1244704429007405056,...,optimism
1464992948010037252,...,optimism
1276311853224902656,...,optimism
0,بحول الله وقوته تعود الحياة كما كانت. فالله قادر على كل شيء والله حافظ لهذه البلاد ثم بجهود الدولة المشرفة و الأكثر من رائعة وبتعاون المواطن والمقيم. ستعود الحياة لطبيعتها.,optimism
1469646041850990596,...,optimism
1469642980202057728,...,optimism
0,ياناس انتم تقولوا فيروس كورنا بيجي السعوديه وهو جاه وتقول بيجي في الناس متدرون الله قدر على كل شي باثانيه ياناس احمد ربكم ولو كان حن كلن بنموت مومن فيروس ماحد يموت قبل يومه ان الحمدلله نحمد الله ونشكره والي يقولوا علقوا الدراسة حرم ولله حرم فيه ناس يبون يتعلم يبون ينجحا ولله حرم رسالة لللملك سلمان ارحوا ان تنشرا هدي ارساله الي يشوفه ينشره جعنه في ذمتكم 9,optimism
0,انا متأكده ان الملك سلمان حفظه الله و خادم الحرمين الشريفين الامير محمد بن سلمان بيعرفون يتصرفون بهاذا الموضوع ومارح ينتشر بالسعوديه ان شاء الله🥺💚,optimism
1376289359348035587,...,optimism
0,يا ناس لا تخافون إن الله معانا إذا كان في مصاب اكثر من شخص الله يشفيهم ويعافيهم ويقومهم بالسلامة و إذا في متوفى اكثر من شخص ربي يرحمهم ويغفر لهم ويسكنهم فسيح جناتهم و إذا انتم كنتم تكرهون الحياة فأدعوا الله أن يرفع عنا الوباء و يسعدنا في الحياة و ينسينا الهم و الحزن اللهم أفرج الهم و الحزن لمن قال أمين,optimism
1246639247085449220,...,optimism
1268456053450170374,...,optimism
 1283034497567657985,...,optimism
 1250476303469490184,...,optimism
1261636168745189376,...,optimism
0,رغم هذا الوباء الحياة تستمر الحمد لله 🤲🏻❤,optimism
1244704429007405056,...,optimism
1240214149008941056,...,optimism
0,لحمدالله على كل حال ) انا عندي تفاءل قبل الحج بعدت ايام راح يروح كورونا بس الزم بيتك,optimism
1246191945229258759,...,optimism
1322201089031184385,...,optimism
1243711601762603008,...,optimism
1325811272798113799,...,optimism
1247381210806063106,...,optimism
1469565237863096321,...,optimism
1436922841472065536,...,optimism
1397582759913218052,...,optimism
1442386999638376450,...,optimism
1450969433749532677,...,optimism
1265094459454377989,...,optimism
1466462833298784258,...,optimism
1443602644199686150,...,optimism
1469681475712950273,...,optimism
0,قل لن يصيبنا الا ماكتب الله لنا..شكرا للطاقة الايجابية اللتي تمدنا بها فالخوف اكبر مدمر لمنعاتنا ..سعيدة لكوني وجدت هده القناة بصدفة,optimism
1426075338283569154,...,optimism
1296625330359336960,...,optimism
1344420685762994178,...,optimism
1469734026965655565,...,optimism
1263815667008057344,...,optimism
1469644331762003971,...,optimism
1469266295648567297,...,optimism
1351223670644080649,...,optimism
1449709730000216066,...,optimism
1449677323159150594,...,optimism
1345429534649294849,...,optimism
1466529112567201799,...,optimism
 1425784142927650819,...,optimism
1429701440008753156,...,optimism
1425784142927650819,...,optimism
1346117772464558081,...,optimism
1377219605115117572,...,optimism
1243574914902364161,...,optimism
0,واخيرااا بدينا نرجع للحياه الطبيعيه,optimism
1410750428690583561,...,optimism
1373989803482550274,...,optimism
1252779505040662529,...,optimism
0,مع البطل الناطق الرسمي لوزارة الصحة د.عبدالله السند في أول يوم دوام رسمي في "الصحة" ...,optimism
1460722934016839694,...,optimism
1364631890720923651,...,optimism
1430152504310960133,...,optimism
0,رب ضارة نافعة كورونا خلال العامين الدراسية بسبب متابعة زوجتي لأولادها أصبحت زوجتي ثقافتها عالية جدآ شكرا لمنصة مدرسي وأصبحت صحة اولادي جيدة قبل الكورونا بسبب ذهابهم للمدرسة كانو يمرضون التهاب اللوز والحمى والتهاب الرئتين وهناك بعض الأمراض المعدية والأمراض المعوية والتسمم الغذائي وهناك مشكلة زحمة السير والحوادث منصة مدرسي تشكرون عليها عمل جبار ونجح في المملكة العربية السعودية,optimism
1258382204264210433,...,optimism
1254808695587909638,...,optimism
1253857617107136517,...,optimism
1308602269269622784,...,optimism
1380243835083689984,...,optimism
1427418423479390213,...,optimism
1429352183141646342,...,optimism
0,تتمثل رؤية وزارة الصحة في تحقيق الصحة بمفهومها الشامل على المستويات للفرد والأسرة والمجتمع مع العمل على مساعدة المسنين والأشخاص ذوي الإعاقة بما يمكنهم.,optimism
1466425674793504768,...,optimism
1263874145865084929,...,optimism
0,التعليم عن بعد ناجح واللي يبي يغش راح يغش حضوري او عن بعد.,optimism
0,الدراسه حضوري تعود الطالب على النوم بدري وداعا للكسل والنوم,optimism
0,عندنا الحالات بالباحة 7 والأمور طيبة وجاهزين لأي عدد من الطلاب والطالبات. انتهينا من الوباء بفضل الله أو في الطريق والتعليم حضوري ولا عودة للتعليم عن بعد أبد,optimism
0,التعليم عن بعد اثبت نجاحه اغلب الطلاب أصبح لديه الجراءه المناقشة ولانجحد جهد المعلمين كان لهم دور كبير في تنميه الثقه بالطالب. ومعلمي كان اسلوبهم رائع في شرح الماده.لهم الشكر ام طلاب متوسط.,optimism
0,اي نبي كل شي حضوري ونبي لبس البنات والاولاد زي لبس المدرسه حق الكوريين و نبي الاختبارات تكون ضعن بعد عشان كورونا احم احم... بس الاختبارات اللي عن بعد الباقي حضوري😊 لوسمحتم يعني,optimism
0,خبر حلو قالو الي يبى عن بعد يدرس عن بعد ولي يبى حضوري يدرس حضروي شرايكم🙂,optimism
0,نبي الشتاء عن بعد والصيف حضوري فكروا فيها والله صدق فكرة حلوة,optimism
0,ان شاء الله حضوري,optimism
1280824312740622336,...,optimism
1359496437621551108,...,optimism
1368886844209913860,...,optimism
1255172807023001601,...,optimism
1236764010667802628,...,optimism
0,فيلم وثائقي رائع ومؤثر جزاكم الله خيرا. أنا مترجمة متخصصة في الترجمة الدينية. ووالله أتمنى أن يكون لي شرف ترجمة هذا العمل المبارك إن شاء الله إلى اللغة الإسبانية. وفقنا الله وإياكم لما يحب ويرضى.,optimism
0,عمل رائع يجسد مشاعرنا بصدق. فليبق للاجيال القادمة علها تعرف قدر هذا المسجد العظيم. وقيمة البركات التي يغمرنا بها. جزاكم الله خيرا.اللهم لاتحرمنا من مسجد نبيك محمد صلى الله عليه وسلم واجمعنا به في جنات النعيم واحسن خاتمتنا بمدينتك ومسجدك ودفنً ببقيع الغرقد,optimism
0,الرجل الكبير ايجابي رغم الظروف 💚💚 الله يحفظه ويطول بعمره على الطاعة عمل رائع,optimism
1231996843288035328,...,optimism
1238182964904767490,...,optimism
1238459340434145280,...,optimism
1241403512107433987,...,optimism
1242490385995190273,...,optimism
1253017852430495744,...,optimism
1317381957391699968,...,optimism
1339514172497940480,...,optimism
1350417815338156036,...,optimism
1368855806058303488,...,optimism
1405120665552891907,...,optimism
1413234222995804166,...,optimism
1414998871550353411,...,optimism
1422210062488068096,...,optimism
1426627917308628994,...,optimism
1260205764565782528,...,optimism
1339494432647868417,...,optimism
1396936332073652226,...,optimism
1411432711529631745,...,optimism
1411796287608000512,...,optimism
1239688115184455680,...,optimism
1241217595413540864,...,optimism
1241675899390636033,...,optimism
1242256700754800653,...,optimism
1243583015961473028,...,optimism
1244731835235647490,...,optimism
1247968388456026112,...,optimism
1250824271095648256,...,optimism
1250829828200321025,...,optimism
1254245705306210306,...,optimism
1256389633497272320,...,optimism
1250824546145513474,...,optimism
1260291951146029056,...,optimism
1273000139117015040,...,optimism
1281552733321998337,...,optimism
1288484116523036673,...,optimism
1254837029185228810,...,optimism
1224652015911014400,...,optimism
1226858327331700737,...,optimism
1236735545717526530,...,optimism
1236752450863988739,...,optimism
1236764010667802628,...,optimism
1238903444494323712,...,optimism
1239529031265071105,...,optimism
1239892953696534529,...,optimism
1239961233488560128,...,optimism
1240389354951974913,...,optimism
0,اذاً اللقاح مثل عدمه فلن يعطي مناعه اقوى من مناعة الجسم بعد الاصابه,pessimism
0,خلاص عاد فليتوها قولو انكم بتموتونا وخلاص,pessimism
0,واضحه وصريحه ٬ ف بداية 2022 بيرجع الحظر 😂,pessimism
1466834942814478337,...,pessimism
1466107098996084738,...,pessimism
1467493001643626506,...,pessimism
0,الفيروس القادم بعد اومكرون هو اوبايدون و الاشد فتكا بعده هو شي جين بيغون و لي بعدو اوبوتيون و الاشدو رعبا هو اوماسونيون,pessimism
0,يارب ينتشر,pessimism
0,قلنا اللقاااااااااح فااااااااااشل,pessimism
0,ان اللقاح هو السبب,pessimism
0,كيف نصدق اليهود والنصارىٰ وكيف نثق بهم وهم الذين صنعو هاللقاحات,pessimism
0,اللقاح خطر مميت,pessimism
0,اللقاح ليس له مفعول,pessimism
0,هو عكس يضر البشر أكثر شوفو ما طبقو تجارب للقاحات ماتو البشر,pessimism
0,لقاح لايمنع العدوه. مامنه فايده,pessimism
0,والله راح يجي فايروس كورونا الجديد 20,pessimism
0,امس اخذت اللقاح اكسفورد والله اني اتمنى الموت اليوم قبل بكرة,pessimism
0,تعريف كورونا ؛ هي عباره عن فايروس مفخخ، ضهر ولأول مره في مدينه ووهان الصينيه وفي السنه المشؤمه 2020,pessimism
0,الجرعه الثالثه ماظن به صحه,pessimism
0,خلاص الحين اللي اخذ القاح زي اللي مااخذه جاء متحور جديد يقول للعالم انا راح اعلمكم الشغل النظيف🤣,pessimism
0,ناقصين نفسيات مانبي حظر,pessimism
0,احس بيجي حظر,pessimism
0,يارجال والله لو نموت احسن قروشنا حق الصحه ذا احجرنا وانفكينا ورجعنا ولا راح زودتوها,pessimism
1467908537439469568,...,pessimism
1467901297416232974,...,pessimism
1467858712207450119,...,pessimism
1467856497069760522,...,pessimism
1467839097821556738,...,pessimism
1468639216145948678,...,pessimism
1465784440433557509,...,pessimism
1465805301110693893,...,pessimism
1468326728263258119,...,pessimism
1466111871765909511,...,pessimism
0,كل التطعيمات دي لا تحمي من هذا الفيرس ، المانيا مطعمة عدد كبير جدا من شعبها وبالرغم من ذلك عدد الإصابات والوفيات فيها عالي جدا سبحان الله,pessimism
1410048455200944130,...,pessimism
1465314310448627712,...,pessimism
1466861299288186881,...,pessimism
1416574941651038209,...,pessimism
1290728395261829122,...,pessimism
1429923519924686861,...,pessimism
1466097709232885770,...,pessimism
1466701499476680706,...,pessimism
1464971155392147456,...,pessimism
1396808497577316355,...,pessimism
1232249998496145408,...,pessimism
1303997376181436417,...,pessimism
1260289597344550912,...,pessimism
1234511251360882692,...,pessimism
1399958830872662016,...,pessimism
1376714100403736580,...,pessimism
1468274852134068227,...,pessimism
1355314642856288263,...,pessimism
1271764135680913408,...,pessimism
1249456678959022080,...,pessimism
1260241991859941377,...,pessimism
1259658007903862785,...,pessimism
1456240617135165440,...,pessimism
1365623682907922434,...,pessimism
1247235512819163139,...,pessimism
0,افا أجل 2021 راح تكون سنة مو حلوة استغفرالله,pessimism
1308813406678511617,...,pessimism
1308931913160298502,...,pessimism
1465992542131040261,...,pessimism
1244000978615050241,...,pessimism
1465398335943106577,...,pessimism
1262426224825171971,...,pessimism
1299429431061237762,...,pessimism
1454869269607600131,...,pessimism
0,من فيروس واحد كورونا أصبحنا في أصناف عدة، ومتحورات شتى، ولقاحات متنوعة وغير ناجعة وزاد يقيني بالمؤامرة ضد البشرية,pessimism
0,عن أي لقاحات تتكلم الم تتلقح الشعوب بأكثر من جرعتين ...و الفيروس انتشر بسرعة ...اذن مافائدة هذه اللقاحات ان لم تكن تحمي !!!!,pessimism
0,مسلسل كورونا واخواته ولقاحاته طويل الامد. اليوم جرعة ثالثة وغداً رابعة وخامسة والحبل عالجرار.,pessimism
0,هذا و٨٠ بالميه من الشعب ماخذ اللقاح اجل لو ما أخذ اللقاح,pessimism
0,اتمنى ايام - الحجر - ترجع اللي مثلي لايك,pessimism
0,يبون المتحول ينتشر وبعدين يقولون عن بعد الوضع,pessimism
1466073096679526402,...,pessimism
1466073096679526402,...,pessimism
0,من بعد هالجرعات كثر موت الفجاة,pessimism
0,بعد اللقاحات نسبة الاعاقات بترتفع والامراض المزمنه والمتلازمات,pessimism
0,إنتهت حروب الأسلحة وجاءت حرب الفيروسات إذن فهي حرب عالمية ثالثة الله يجيب الخير,pessimism
0,نهايت كل انسان الموت وهذه الدنيا نهايتها الزوال سواء اليوم او غدا,pessimism
1466012366903074824,...,pessimism
1467465827851120641,...,pessimism
1465999248978231297,...,pessimism
1465678900638502916,...,pessimism
0,يارب ينتشر عندنا,pessimism
0,و اللقاحين الى اعطوني، شكلك ما منها فايده، اححه,pessimism
0,التطعيم السام هو الوباء,pessimism
0,نتمنى ان لا يصل الفيروس لنا لانها ستكون حالة استشهاد جماعي,pessimism
0,لن يتعافى العالم الا بعد ٥ سنوات,pessimism
0,انا اقول لكم انه مثل سابقتها من المتحورين. انتم امام ٤ موجات اخرى.. اخر موجه اعضمهم انها الشيء الرهيب سوف يقف العالم كله عاجز امامه,pessimism
0,طول ما البشر مبقوش يخافو الله ربنا هيزيدنا من وباء لوباء ليوم الساعه العظيم,pessimism
0,حسبي الله ونعم الوكيل سنة ٢٠٢٠ كورونا وسنة ٢٠٢١ كورونا والحين كورونا الجديد هذه يدل انو يوم القيامة اقتربت,pessimism
1307591878649540608,...,pessimism
1341138977944944640,...,pessimism
1274027121619488768,...,pessimism
1361973916814745605,...,pessimism
1245168381382320130,...,pessimism
0,مفيش كرونا اصلا,pessimism
0,كلامها صحيح فيروس كورونا صناعة صينية....والصين تتحكم بالفيروس,pessimism
0,اصحوا يا عالم عدد وفيات كورونا اقل من اي مرض تاني ولو العالم مهتم فينا وبحياتنا كان انقذوا الناس اللي بتموت في إفريقيا من الأمراض واوقفوا الحروب وتصنيع الأسلحة 😒,pessimism
0,كل اللقاحات خطيرة. لانها سلاح بيولوجية تنتج سلالات جديدة وتفتك بصحة البشر,pessimism
1466127946121465857,...,pessimism
1243404864132014081,...,pessimism
1466028896835579905,...,pessimism
1465912563703721987,...,pessimism
1238920464732499974,...,pessimism
1466523542183415815,...,pessimism
1397569899346661382,...,pessimism
1386763026280460293,...,pessimism
1408715726970667008,...,pessimism
1466869005440987137,...,pessimism
1336048623738564618,...,pessimism
1267441284769353728,...,pessimism
1377265817738485760,...,pessimism
1308442146660331528,...,pessimism
1256398413790277632,...,pessimism
1394775450275229702,...,pessimism
1417967129853374465,...,pessimism
1402389380053049345,...,pessimism
1427197122328338435,...,pessimism
1416348665942355970,...,pessimism
1466490258359562248,...,pessimism
1469670886487830540,...,pessimism
1469624014633148416,...,pessimism
1469663851142602752,...,pessimism
1434202611897577473,...,pessimism
1411736703337906177,...,pessimism
1246126294951243776,...,pessimism
1466033268214702085,...,pessimism
1466797111039733761,...,pessimism
1465043678880276482,...,pessimism
1466786076492718081,...,pessimism
1466097058046222336,...,pessimism
1464301661665603593,...,pessimism
1466560062978097153,...,pessimism
0,اللقاحات مامنها فائدة هي الي جابت لنا الأمراض,pessimism
0,نصيحه نصيحه شباب وبنات لاحد ياخذ اللقاح كورونا يسبب للموت خلال سنتين والدليل نظريه المليار الذهبي قريبا راح يصير هذا شي,pessimism
0,واللقاح لايمنع العدوى ولا يمنع الاصابه والدول غير مسؤله عنك في المضاعفات او الاثار الجانبيه,pessimism
0,شكلها النهايه ياشباب,pessimism
0,الواضح اننا بنموت,pessimism
0,هذي اخر اللحضات,pessimism
0,الصين بعد الدعوة لتخزين الغذاء والمواد الضرورية,pessimism
0,الظاهر اننا بنودع,pessimism
0,شكلها الحلقه الاخيره,pessimism
0,ننتظر الزومبي بعد,pessimism
0,صلاتكم صلاتكم بكره تشرق الشمس من المغرب,pessimism
0,الوفيات تتزايد الله يرحمنا,pessimism
1467275987767508992,...,pessimism
1426974272195637251,...,pessimism
1270711011587133444,...,pessimism
1292540513183313921,...,pessimism
1302905332335874054,...,pessimism
1357152161998716935,...,pessimism
1263499313839308802,...,pessimism
1239010539390537729,...,pessimism
1315789579698532354,...,pessimism
1221076093421133829,...,pessimism
1244313666574520327,...,pessimism
1223949393377792002,...,pessimism
1357074515533119489,...,pessimism
1464435436806356992,...,pessimism
1464350152081252353,...,pessimism
1270832443579301897,...,pessimism
1239986862019809280,...,pessimism
1221143414101741574,...,pessimism
1466747796850188295,...,pessimism
1466747796850188295,...,pessimism
0,شخصياً بديت أخطط أعمل شنو لمن تجيني كورونا ممكن تسموه تشاؤم لكن بالمعطيات,pessimism
0,في بعض البشر عندهم مرض اسمه تشاؤم ويسببو للناس إحباط,pessimism
0,سبحان مغير الاحوال منظمة الصحة العالمية طول ازمة كورونا ماقالت شي نافع كله تشاؤم واحباط,pessimism
0,اتمنى اقرأ خبرا مبشرا بالخير من مدير منظمة الصحة العالمية عن كورونا.. ما وجدت.. كل اخباره تشاؤم في تشاؤم.,pessimism
0,التايم لاين عندي مؤسف حقيقة، مليان تشاؤم بسبب أخبار سلالة كورونا الجديدة.,pessimism
0,مراسل #العربية ببروكسل نور الدين الفريضي: تشاؤم من مستوى تفشي كورونا في بلجيكا.. واتجاه ﻹعلان الحجر الصحي العام,pessimism
0,تصدقون كل اللي مسافرين يقولون ماندري عن كورونا الا حزت المسحه حق السفر،،،،,pessimism
0,التايم لاين كله يا كورونا يا تشاؤم من سنة ٢٠٢٠... ملّقت🙂💔,pessimism
1469655757062914054,...,pessimism
1469611935377379330,...,pessimism
1469045740215455747,...,pessimism
1468263753674285068,...,pessimism
1467902484714827788,...,pessimism
1469171971942461441,...,pessimism
1469463127465074688,...,pessimism
1468799414093426688,...,pessimism
1468655354728919042,...,pessimism
1465959247305453571,...,pessimism
1466111153654964229,...,pessimism
1465457566377558025,...,pessimism
1466009014970552320,...,pessimism
1466175259573473287,...,pessimism
1465993589851402243,...,pessimism
1466015460055519233,...,pessimism
1465987469732630528,...,pessimism
1236722532486709249,...,pessimism
1332082220182482948,...,pessimism
1290289940140449793,...,pessimism
1379927949483315204,...,pessimism
1418953322380267528,...,pessimism
1278054951542034433,...,pessimism
1341690126146138112,...,pessimism
1436343710627860481,...,pessimism
1236722450655821827,...,pessimism
1249900292516257794,...,pessimism
1467478225551085574,...,pessimism
1465316643429564423,...,pessimism
1465317337641500673,...,pessimism
1465752159471996930,...,pessimism
1465066554178121743,...,pessimism
1465962106717626368,...,pessimism
1468571757175058433,...,pessimism
0,اللقاحات هي الوباء اذا أخذنا التطعيم سنهلك وتزيد نسبة الإصابات بنسبه كبيره من اللقاح هي فيروس والأخرى قد تكون مضادات .,pessimism
0,مصيبة دكتور شاخذ راح اموت من هل الفايروس,pessimism
1465728601093988354,...,pessimism
1235665893532856323,...,pessimism
1468760265567178752,...,pessimism
1416060216957980676,...,pessimism
1283149376521752578,...,pessimism
1239818722732396544,...,pessimism
1236831938251538432,...,pessimism
1467473967531401224,...,pessimism
1466153155155136515,...,pessimism
1466153794010550274,...,pessimism
1465056995225047047,...,pessimism
1464573600019664901,...,pessimism
1464309172317663233,...,pessimism
1464087035342376970,...,pessimism
1468326728263258119,...,pessimism
1467958570109083658,...,pessimism
1465964505008123905,...,pessimism
1271420968116924416,...,pessimism
1400093499979096066,...,pessimism
1271423882793308160,...,pessimism
1271427526783631360,...,pessimism
1400434058564415488,...,pessimism
1381317772081254401,...,pessimism
1232368796335247361,...,pessimism
1275422960963268616,...,pessimism
1393898667648684033,...,pessimism
1468486432184578052,...,pessimism
1469667120585793536,...,pessimism
1469648233202921474,...,pessimism
0,لله يشفيني من فيروس كورونا أعرف أن موعد موتي إقترب الكلمة الاخيرة لي هي "أتمنى حياة سعيدة لأمي و أحبها أكثر من أي شيء في الكون "😔💔,pessimism
0,الي فلينها اهل الابل محد يكلمهم هم الي مبسوطين والباقي حجز منزلي 🤣🤣😹,pessimism
0,الاعلان لحاله كورونا😂,pessimism
0,بشركم قفلنا الإستراحة اليوم، أمس كان آخر دق بلوت 😂😂😂... اليوم كل من في بيته💚، مين قفل الإستراحة؟؟,pessimism
0,فيروس كورونا وصل للعرب طبعاً لا داعي للخوف لأننا نحن العرب متفوقون عالمياً في الرعاية الصحية,pessimism
1469284511993061382,...,pessimism
1468900313222500353,...,pessimism
1468559736115277832,...,pessimism
1468559736115277832,...,pessimism
0,نهاية العالم والسلام عليكم,pessimism
0,شكلي وانا عندي كورونا وقاعدة ارقص:,pessimism
1340785237064867840,...,pessimism
1265884439424442373,...,pessimism
1430271831169245184,...,pessimism
1272195219220463622,...,pessimism
1265825498434846721,...,pessimism
1265315174245978112,...,pessimism
0,اعرف أشخاص أصبحوا مرضي ضغط الدم والسكري من النوع الثاني وكذالك هناك مرض سكري ن 2 أصبحوا نوع 1 هذا الفيروس لعين حتي الذي شفي منه يبقي يعاني الي الابد عليكم بالوقاية حتي صغار السن دكتور مشكور مواضيعك متميزة وممتازة,pessimism
0,مادام اللقاح غير متاح فمن المستحيل السيطرة عليه.,pessimism
0,حتى اذا سيطرت سوف يظهر مره و مرات مالم يسيطر عليه ع كافة الكره الارضية والسلاح الوحيد هو اللقاح الفعال,pessimism
0,يعني اللقاح لا فائدة ترجى منه ، ربما هو السبب، لأن انجلترا من اكتر الدول الملقحة لشعبها,pessimism
0,اللقاحات كلها غير آمنة ولا تقي من الفيروس الوقاية خير من العلاج,pessimism
1466773194577170443,...,pessimism
1466732998787796992,...,pessimism
1290405211060740096,...,pessimism
1340627472581312513,...,pessimism
1423793315154178049,...,pessimism
1467906095406620678,...,pessimism
1465967972640600065,...,pessimism
1464376959790632966,...,pessimism
1468023533783691266,...,pessimism
1253747222497419268,...,pessimism
1466126390932258821,...,pessimism
1466106212697751552,...,pessimism
1407290970887032832,...,pessimism
0,للاسف معدلات الموت في ازدياد وتقترب من حاجز المئة يوميا,pessimism
1441744151649955841,...,pessimism
1420073269777117185,...,pessimism
1342236707496849408,...,pessimism
1341113118768951297,...,pessimism
1395363478941077505,...,pessimism
1398834835486085125,...,pessimism
1254009320364290049,...,pessimism
1308862704422195200,...,pessimism
0,للأسف لن تنتهي هذه الجائحة قريباً ربما تأخذ سنوات الله يأمن الجميع ويشفي كل مريض 🙏,pessimism
0,والله انها علامات نهايتنا اتقو الله اتقو الله,pessimism
1269972999328989184,...,pessimism
1264989879890518016,...,pessimism
1323151096001552390,...,pessimism
1267593464646074372,...,pessimism
1391648944631996417,...,pessimism
1420644615758258180,...,pessimism
0,الفيروس يأتي في كل وقت,pessimism
1465958736980234250,...,pessimism
1242802004348542977,...,pessimism
1279729144381743109,...,pessimism
1297760764057522176,...,pessimism
1357369693863034881,...,pessimism
1360699356148609027,...,pessimism
1444322451706494977,...,pessimism
1256645231505813505,...,pessimism
1467828598920912901,...,pessimism
1467828633892962306,...,pessimism
1466498253273317380,...,pessimism
1466000520926187520,...,pessimism
1436402106408194049,...,pessimism
1292343221402644481,...,pessimism
1286282122555252738,...,pessimism
1253231042816770048,...,pessimism
1467167534357139460,...,pessimism
1274298871917797376,...,pessimism
1260388582080032768,...,pessimism
1466787843464912896,...,pessimism
1263527028516630533,...,pessimism
1465052870575898624,...,pessimism
1465974176066461698,...,pessimism
1261123236701646852,...,pessimism
1467519593078038532,...,pessimism
1285738636319830018,...,pessimism
0,دعائكم لي يااخوتي انا اصبت بكورونا من 5 أيام وانا الآن في المستشفى بغرفة العزل والله اني من الالم اصبحت اطلب الموت من الله عز وجل واللهِ تعباااااان دعواتكم لي ولجميع مرضى المسلمين جزاكم الله خير اخوكم من سوريا الحرة,pessimism
0,الوضع مازال خطير الله المستعان,pessimism
1448992290832269324,...,pessimism
1467838006430158850,...,pessimism
1345410426864066563,...,pessimism
1290989553403211776,...,pessimism
1270004225217609729,...,pessimism
1465809583935574018,...,pessimism
1247203462246469632,...,pessimism
1356667299206430720,...,pessimism
1392637291680698376,...,pessimism
1274537789644824581,...,pessimism
1265109425586569219,...,pessimism
1464939447951278080,...,pessimism
1323673988971843587,...,pessimism
1383537511444533249,...,pessimism
1355167251108950016,...,pessimism
1382680389404213249,...,pessimism
1271363031969214465,...,pessimism
1234523092581523457,...,pessimism
1441380646421630976,...,pessimism
1466086590862745602,...,pessimism
1466086590862745602,...,pessimism
1466086590862745602,...,pessimism
1466833514083594241,...,pessimism
1466797875770400770,...,pessimism
1465110882795540486,...,pessimism
1465990699787112448,...,pessimism
1465984489021222917,...,pessimism
1466027351255523330,...,pessimism
1444327105408520199,...,pessimism
1444324854241628162,...,pessimism
1444650384027496452,...,pessimism
1444659565761638401,...,pessimism
1464315622830059525,...,pessimism
1269573793686618114,...,pessimism
1373312405418151937,...,pessimism
1266723790337253377,...,pessimism
1467064573639417858,...,pessimism
1361656420849119232,...,pessimism
1277973126513487876,...,pessimism
1377523881402114054,...,pessimism
1340758408836866049,...,pessimism
1341045341806866432,...,pessimism
1467611468069838852,...,pessimism
1445693923809132552,...,pessimism
0,للقاح خطر مميت,pessimism
1340931596019503104,...,pessimism
1254386833603137536,...,pessimism
1383874620432912391,...,pessimism
1464286062885445642,...,pessimism
1429133110701137927,...,pessimism
1468944137252745218,...,pessimism
1468047606001586178,...,pessimism
1284353831468490752,...,pessimism
1272697334372196354,...,pessimism
0,هههههه اللقاح لايقضي على الفيروس ولايمنع الاصابه به مرة اخرى كما صرحت الشركه المنتجه لهذا اللقاح وانها غير مسؤوله عن آثاره في الجسم.. يعني لقاح مثل قلته,pessimism
0,ظهر إبن كورونا والآن نحن بإنتظار حفيده😂😂,pessimism
0,العالم كله .والاطباء و العلماء لم يستطيعو توقيف هذا البلاء,pessimism
0,واضح اننا قاعدين مع كورونا ليوم الدين لاحول ولاقوة الا بالله,pessimism
1351773494548307968,...,pessimism
135079113424368025,...,pessimism
1464965836490346497,...,pessimism
0,والله لنصير حقل تجارب من ورة الكورونا 😏,pessimism
1468559736115277832,...,pessimism
0,كذبة جديدة المتحورات لن تنتهي 😂😂😂😂😂,pessimism
0,انشالله موجة ثانية وثالثة ورابعة اللهم امين يارب العالمين,pessimism
1469805117318877184,...,pessimism
1469801988921643010,...,pessimism
1469769773382832130,...,pessimism
1469775314607820814,...,pessimism
1469744581365350404,...,pessimism
1469747246300381189,...,pessimism
1469605274130522112,...,pessimism
1469787087318794243,...,pessimism
1469794154767171596,...,pessimism
1469315969537519621,...,pessimism
1459819204891357184,...,pessimism
1449862582785949703,...,pessimism
1466830643401216019,...,pessimism
1467922489045143555,...,pessimism
1466129543761211396,...,pessimism
1465496298895855618,...,pessimism
1464870176508334085,...,pessimism
0,الواحد لمن انصاب زكام موسميه خلاض يكون مرض كاروناء ونسجل اصابه حاله كاروناء,pessimism
1464835530357673984,...,pessimism
1231880658424909824,...,pessimism
1468274648060239872,...,pessimism
1233475841054715910,...,pessimism
1396554804768432140,...,pessimism
1308346811321585664,...,pessimism
1262827157752967170,...,pessimism
1310533658634260482,...,pessimism
1272644156146487297,...,pessimism
1234661936446337024,...,pessimism
1239932512748605441,...,pessimism
1313901854489743360,...,pessimism
1350130916115550216,...,pessimism
1239818722732396544,...,pessimism
1467786372568207363,...,pessimism
1467733038859759618,...,pessimism
1469773994194726912,...,pessimism
1469740202688188421,...,pessimism
1469630799003672579,...,pessimism
1468944137252745218,...,pessimism
1465094384005828613,...,pessimism
1469246978437619713,...,pessimism
1468307880508022793,...,pessimism
1469639424883499009,...,pessimism
1469688272100237313,...,pessimism
0,والله خذيت القاح اجباري بسبب الامتحانات 😒😒,pessimism
0,احنا متى ما نخلص من كورونا,pessimism
0,كورونا أصبح منا وفينا، ما يصير يزورنا بنفس الشكل. لازم يغير هندامه وشكله. الأمر طبيعي يا عزيزي,pessimism
0,صرعتونا بالمتحورات،مرة امريكي مرة افريقي مرة هندي.....لا حول ولا قوة إلا بالله العلي العظيم.,pessimism
0,كثرة التحورات لهذا الفيروس في وقت قصير يثير الشكوك أن هذا الفيروس حيواني المنشأ ولكن تم تكيفه للبشر بالقصد .ثم خرج على السيطرة,pessimism
0,اللقاحات هي الوباء اذا أخذنا التطعيم سنهلك وتزيد نسبة الإصابات نسبة كبيرة من اللقاح هي فيروس والأخرى قد تكون مضادات,pessimism
0,اللقاح كانوا يقولون إنه فعالا و بعدها قالوا لا الجرعة التانية هي من سوف تقضي على الڤيروس عندما لم تقضي على البشرية جعلوا الثالثة من سوف تقضي علينا نهائيا,pessimism
0,والله العظيم المسألة تتجلى في أنه كل واحد ينتظر حتي تضعف مناعته باخد اللقاح المضاد والبتالي يقظي علي الإنسان اللهم لطفك يا ربي,pessimism
0,ما رح نخلص من كرونا .. حسبي الله ونعم الوكيل . علي الي سبب هذا الوباء للعالم ..,pessimism
0,يبدو اننا لن نخلص من هذه المتحورات على الاطلاق وسيضهر متحور تلو الاخر,pessimism
1467906464543039492,...,pessimism
1468100424926474241,...,pessimism
1468283725519724548,...,pessimism
0,الموت رحمه. نموت ونرتاح من هموم الدنيا,pessimism
0,ممتاز نتطمن الحين يعني اللقاح يتفاعل باجسامنا ومابنحتاج للتحنيط بتبقى اجسامنا محفوظة قرون كلها اسبوع تعذيب عقب اللقاح وعقبها راحة ابدية في الحفرة,pessimism
0,لا دخان من غير نار .ما قالوه اللي قالوه الاهم ادرى وابخص .بلا تلقيح بلا تطعيم افضل الموت بكورنا او اي مرض او حادث ولا الموت بلقاحتكم,pessimism
0,يعني ٩٢ وكم تبون يعيش لو أخذ اللقاح هذا يؤكد ان اللقاح قاتل لذوي الاعمار الكبيرة.,pessimism
0,ههههههههه اعراض اللقاح اكثر بكثير من اعراض كارونا الصراحة كارونا ارحم من اللقاح اليوم ١٢ اعراض بكرة اضف لهم عرض اضافي الا وهو الموت,pessimism
0,هذه الاعراض كلها مقدمات لسكرات الموت وما هو الداعي لاخذه بعد هذه المصاىب والالام,pessimism
0,انا مشكلتي مو باللقاح مشكلتي وشلون يفهمون ان الموت حق,pessimism
0,عمرة وانتهى … وليست مسألة سخرية أو أستهزاء … كثير أخذوا جرعتين وأصيبوا بكورنا وماتوا …. اللي يشوفكم يقول هذا اللقاح هو لقاح الخلود الابدي ؟؟؟ خافوا الله لاي علينا …,pessimism
0,لا اتوقع ان عدد الاصابات ستتوقف عند هذا الرقم بل ستتجاوزه كثيرا حيث لا يمكن ان تحصي من خالطو ؟ والمرض يبقى كامن 14 يوم ثم تخرج الاعراض شخص مصاب ينقل لشخص وهذا الشخص قبل ان يكتشف اصابته ينقل لغيره,pessimism
0,اتوقع فيه ناس شغاله تتطور بهذا الفيروس والنسخه الجاي بتكون برو او برو ماكس والعلم عند الله,pessimism
0,منظمة الصحه العالميه اثبتت فشلها بهذه الازمه بشهادة الجميع والى الان مازال يسودها الارتباك والتناقض وادارة الازمه,pessimism
0,الله يخارجنا كل ما قربنا نخرج من مصيبه جت الثانيه الوضع ما يخارج والمشكله لازال بعض الناس مستهتر وينكت,pessimism
0,كداب كداب كداب اللقاح قاتل ولا يخفف شي,pessimism
1270711051630153728,...,pessimism
1432976792445493249,...,pessimism
1435303806254948357,...,pessimism
1408989798170300420,...,pessimism
1401579050506899459,...,pessimism
1422258615730200577,...,pessimism
1414830481972080640,...,pessimism
1402508727983476738,...,pessimism
1312402877097422848,...,pessimism
1390968044063764483,...,pessimism
1390982939115143168,...,pessimism
1293558595808886784,...,pessimism
1241324454837395457,...,pessimism
1233398091841228800,...,pessimism
1243332822175232001,...,pessimism
1335624277647912967,...,pessimism
1331736610627608576,...,pessimism
1414830579208663040,...,pessimism
1380766562836221952,...,pessimism
1402205664416514049,...,pessimism
1413908041926418437,...,pessimism
1233019863494537216,...,pessimism
1252608001644670977,...,pessimism
1273746176785944577,...,pessimism
1329240865248849923,...,pessimism
1456250464740298757,...,pessimism
1399730994681417730,...,pessimism
1386891673649786883,...,pessimism
0,والله انه خايف بس يسوي نفسه😭😂😂,pessimism
0,ليش وجع الراس نجحوهم و اعطوهم اجازه لان الفيروس مش ناوي يطلع كل يوم تزيد حالات,pessimism
0,العقوبه انننا وصلنا ٢٠٢٠ ووضعنا تعبان مابعده عقوبه,pessimism
0,يووو ⁦🤦🏻‍♂️⁩😶😐 تعبت نفسيا شكله معد فيه امل يلاقون علاج الله يكون بالعون يارب العالمين ويشافي كل مريض يارب,pessimism
0,ه‍ههههههههههههههه اشهار ماسوني رائع لبيع السموم,pessimism
0,تمزح صح قول امزححححح خلاص تعبت ابي اتمشى ابي اتمشى ابي اشوف صديقاتي ابي اتمشى احتاج اكسجيننن بس اقدر اغش,pessimism
1270285232688807941,...,pessimism
0,معذرة أنا لا اثق في منظمة الصحة العالميه التابعة للامم المتحدة عايش عادي والله واست خايف من البعبع( كرونا ),pessimism
0,اتوقع هيك وصلل لكل دول العالم ..ولا عالم لقي علاج او لقاح ....الله يستر,pessimism
1221265125870657536,...,pessimism
1331629862692511745,...,pessimism
1335729357751508996,...,pessimism
1348257821482233856,...,pessimism
1348589674596626433,...,pessimism
1374335480242790401,...,pessimism
1378117814603644930,...,pessimism
1401579050506899459,...,pessimism
1406234365709987842,...,pessimism
1422258615730200577,...,pessimism
1435303806254948357,...,pessimism
1312402877097422848,...,pessimism
1330884430169305088,...,pessimism
1390968044063764483,...,pessimism
1390982939115143168,...,pessimism
1393868067508207621,...,pessimism
1399793151183888391,...,pessimism
1407415515627376648,...,pessimism
1408995724923133957,...,pessimism
1414866106729345042,...,pessimism
1233398091841228800,...,pessimism
1236730093164249089,...,pessimism
1244404767583019009,...,pessimism
1255584284800430080,...,pessimism
1256876386448441346,...,pessimism
1259619127267864576,...,pessimism
1268227230062260226,...,pessimism
1268913659188740100,...,pessimism
1309978968976691205,...,pessimism
1331736610627608576,...,pessimism
1346760462923395072,...,pessimism
1374111356891365383,...,pessimism
1375027510275153928,...,pessimism
1380766562836221952,...,pessimism
1390906316835667971,...,pessimism
1393643154977529861,...,pessimism
1404227035153698817,...,pessimism
1409035609004556288,...,pessimism
1411047140642725895,...,pessimism
1412686812909297666,...,pessimism
1413908041926418437,...,pessimism
1413931200759095303,...,pessimism
1413964318006300674,...,pessimism
1414836539763331078,...,pessimism
1416642639622033408,...,pessimism
1418061774797090816,...,pessimism
1418521562005872641,...,pessimism
1239313851503517696,...,pessimism
1252608001644670977,...,pessimism
1266346031958106113,...,pessimism
1273746176785944577,...,pessimism
1320268416427712514,...,pessimism
1326101822575087618,...,pessimism
1329240865248849923,...,pessimism
1331918291460366337,...,pessimism
1343390800034594823,...,pessimism
1399421946098503680,...,pessimism
1402762632499716096,...,pessimism
1408946737977438209,...,pessimism
1409272099005403143,...,pessimism
1411367666946871302,...,pessimism
1413814296178528258,...,pessimism
1413835661489184770,...,pessimism
1416734717207011329,...,pessimism
1456250464740298757,...,pessimism
1241416040074162179,...,pessimism
1416581405006606339,...,pessimism
1427361615704477697,...,pessimism
1431972488297209856,...,pessimism
1437766633313931267,...,pessimism
0,كورونا خاصة للعقم لدي الصينيين ..والله اعلم ان هذه الدراسة اعلاه صحيحة وممكن ينشرون العقم في العالم,pessimism
1358817863151333379,...,pessimism
0,عسى ينتشر الفايروس نفتك من المدارس الي تجيب المرض,pessimism
1246091018769813504,...,pessimism
1412292364492840963,...,pessimism
1303704175457513473,...,pessimism
1419850439252660740,...,pessimism
1318449307205439489,...,pessimism
1416013691347214338,...,pessimism
1308819159770378248,...,pessimism
1469647811784458249,...,pessimism
0,هذي ليست كورونا هذي مؤامرة وحرب العالمية الثالثة,pessimism
0,ما هذه الحياة كلها حروب وفيروسات وامراض .,pessimism
1468199368230465540,...,pessimism
1465981810970710017,...,pessimism
1400070183553798144,...,pessimism
1469087782412955658,...,pessimism
1469648525197725700,...,pessimism
1469650935890812933,...,pessimism
0,وش رايك تعلقون دارسة أول حالة كرونا جاية من إيران وحنا راح ناكله تونا في عز شباب ليش ماتعلقون دراسة لن ذا مرض خطير 🌚,pessimism
1466140202825625600,...,pessimism
1351472299216687104,...,pessimism
 1449029102149767204,...,pessimism
 1398619760489861124,...,pessimism
1320398701609758720,...,pessimism
1423961523790155777,...,pessimism
1468262451619975169,...,pessimism
1465063024243490822,...,pessimism
1465663583413583881,...,pessimism
1465377950279290890,...,pessimism
0,هذا دليل على أنهم يريدون منع الحج و العمرة . هذا يدل على أن صناع هذا الفيروس لهم نية خبيثة,pessimism
1466595796699254794,...,pessimism
1469643521116319744,...,pessimism
0,اللقاحات مؤامرة حقيقة لتقليص الساكنة العالمية,pessimism
0,كوفيد - 19 سوف تنهار دول وانظمة اقتصاديا بسبب هذا المرض او سوف تكون على وشك الافلاس لانها ستمر في اكبر ازمة مالية واقتصادية لا تحسد عليها,pessimism
1241161143449800704,...,pessimism
0,العودة للمدرسة وبدء الدراسة في مثل هذا الوقت وهذة الأوضاع. تشبه انتحار جماعي. يجب تأجيل الدراسة حتى انحسار المرض أو اكتشاف علاج له.,pessimism
0,لا حضوري و ٣ فصول!!!,pessimism
0,ياخي انا طالب في الثنوي ماهمني الجوال ولا شي ولا ابيها عن بعد بس اذا يبونها حضوري لزم يكون فيها ترتيب منسق مهب يجي بداية الدونات يلا. بدينا الان غلط يا حبيبنا المفروض يتم توزيع الكتب في جميع المدارس.,pessimism
0,اكثر الي يبغون الدراسة حضوري هم اصحاب الباصات والجموس ماهمهم المرض ولا الطلاب ولا المجتمع بكامله يبغون دراهم وبس.,pessimism
0,أعلنت وزارة التعليم عن صدرو الموافقة السامية على عودة التعليم حضوريا على المعلمين والمعلمات وأعضاء هيئة التدريس والفئات المستهدفة من الطلبة. الي يعارض يقول مابودي عيالي وبنتي ويهايط في الاخير حضوري,pessimism
0,الى تعليق 28 يتسجل غياب ويتاخر سنه وزارة الداخلية قالت ماتدخل اي منشاه الا ماخذ اللقاح مسوي ماتبي عيالك ياخذونه الدراسه مستمره حضوري مراح تتوقف,pessimism
0,الي مايبي عياله ياخذ اللقاح ولا يداوم حضوري يخرجهم في التجمعات والمولات وعند اقاربهم يوم قالو الدراسه حضوري جالس يصيح,pessimism
0,صدر القرار والدراسه حضوري لاتحاول انت وهو تدور لك عذر مدام ماعندك تقرير طبي معفي من اللقاح تاخذه ولا تتسجل غياب لاتنسى جرعتين,pessimism
0,الدراسه حضوري والي مايبغى عياله يدامون عادي خلهم في البيت ويعيدون السنه انت واولادك غيابهم على نفسهم والدراسه حضوري فوق خشومكم,pessimism
0,وش التخبط هذا الكل ياخذ جرعتين يداوم حضوري الي يجيه كرونا يتقفل الفصل ويتعقم بالكامل بشكل يومي يداومون بعدها لكن الدراسه مستمرة,pessimism
0,ويبقى المعلم مشتت مابين حضوري وعن بعد كان خليتوه عن بعد زي الابتدائي,pessimism
0,* تبي عيالنا وبناتنا يدرسون حضوري عشان الموجه الثانية تبدا لا قدر الله لا سيما ان اختلاط الطلاب في الفصول ينقل العدوى 100% وبوقت كبير 7 ساعات في اليوم مو زي ما انت برا في الهواء الطلق,pessimism
0,اجلو الدراسة ياناس والله ماحن ناقصين امراض لاسمح الله لو صارت حضوري الدراسة سيحدث مشاكل وكوارث والنظام الصحي سينهار هنا 6 مليون طالب واغلبهم شباب ما يهمهم المرض مغامر وسينقلوه الى عوائلهم,pessimism
0,انا مرضت لكن شفيت وبعد الشفاء رجعت مرضت تاني مرة. احس بوجع في صدري والله تعبت من هذي الحياة صارت حياتي مثل الجحيم,pessimism
0,قراركم ان تعليم حضوري بيودينا ورا شمس لأن الحالات بترتفع وتزيد وكلنا نصير موعرضين لكورونا,pessimism
0,حبيبي لو رجعوه حضوري يعني الحالات بتزيد فا الافضل عن بعد,pessimism
1465027474455248903,...,pessimism
1237043306367987713,...,pessimism
1444359929003925518,...,pessimism
1223820013473337346,...,pessimism
1367191219781132289,...,pessimism
1403896995107033089,...,pessimism
1431735272224563200,...,pessimism
1402236401274531842,...,pessimism
1236747412611510278,...,pessimism
1236747665855123463,...,pessimism
1238894985484926977,...,pessimism
1383559313927536645,...,pessimism
1397284681935167491,...,pessimism
1400632966720671749,...,pessimism
1405600410522488837,...,pessimism
1407409537842302981,...,pessimism
1411979841264570376,...,pessimism
1412066103258456069,...,pessimism
1412326883681783808,...,pessimism
1414181394872422403,...,pessimism
1430972037066002437,...,pessimism
1418062631307517956,...,sadness
1390577672602980354,...,sadness
1397276470511341569,...,sadness
0,مدير الصحة العالمية: علّمنا<<#كورونا>> أن لا أحد في مأمن.,sadness
1467476044399714305,...,sadness
1466790277956481034,...,sadness
1466750376070336515,...,sadness
1466137777909731333,...,sadness
1468179730683863040,...,sadness
1347420873234542592,...,sadness
1466411041294802944,...,sadness
1451966013659045890,...,sadness
1451961420862603266,...,sadness
1322246798262571008,...,sadness
1402939987415470081,...,sadness
1459445908110778369,...,sadness
1421381351530504196,...,sadness
1345653858530435072,...,sadness
1429908419490758667,...,sadness
0,ياخي تكفون طالبكم شوفو حل ل كورونا لا يموت ناس ابرياء مسلمين تكفون شوفو حل😭😭💔يالله انك تعدي موضوع كورونا هذا عاجل غير اجل يارب💔😭,sadness
0,تكفه لا ذكرني ايام حجر الله يرحم ولدينك لا ايام ذكريات ولا هوم يحزنون اشتاقت اروح عمره وناس احبهوم اشتقتلهوم,sadness
0,يارب طال الوباء وعجز الأطباء وقل الدواء وعجزت الحلول إلا حلول السماء فأصرف عنا الوباء برحمتك يا أرحم الراحمين الشفاء العاجل بحق محمد,sadness
0,انا تطعمت وسحبوا علي مانزلت في صحتي اني تطعمت ايش اسوي😥😥😥😥😥😥,sadness
1466090737888550923,...,sadness
1466027388081524737,...,sadness
0,يارب أرفع عنا الوباء والبلاء,sadness
0,اللهم أجرنا من جميع الاوبئه ماظهر منها وما بطن,sadness
0,اللهم رب الناس اذهب الباس اشفي انت الشافي المعافي اللهم شفاء لا يغادر سقما,sadness
1462762094303006728,...,sadness
1468200511732076545,...,sadness
1462045632219201541,...,sadness
1459162705353490435,...,sadness
1440677579443224594,...,sadness
0,للأسف صرنا الرشح العادي والتهاب الحلق والصداع نخاف ونفكره كورونا وسواس صاب الناس ومن ورا الكورونا والحديث عنها باستمرار,sadness
0,أدعو لجدي بالعناية المركزة وفيه كورونا يارب يا واحد يا احد يافرد يا صمد اشفيه,sadness
0,انا تعبت منها وهذي هي الاولى وامي تعبت مرا ليش ناخذ شي يتعبنا كورونا ما اتعبتنا كذا,sadness
0,وامي توفت من كورونا الله يرحمهم ويجعل مثواهم الجنة,sadness
0,امي ماتت من الجرعة الاولى ماتحملتها وعمرها ٥٦ وعندها ربو وسكر وضغط💔,sadness
0,والله امي سوت عمليه قلب بعد اخذ اللقاح بشهور وهي اصلا لا تشتكي من القلب ابدا,sadness
0,انا اخذت الجرعتين والحين يقولون اني مصاب 😭,sadness
0,تعبت بعد اللقاح ندمت عليه,sadness
0,يعني الان الى بيسافر لازم ياخذ اللقاح😢,sadness
0,يكفي جرعتين والله تعبنا😢😢,sadness
1467919089653846019,...,sadness
1467902579313106955,...,sadness
1467888375877222406,...,sadness
1468647819540148228,...,sadness
1468253444330995713,...,sadness
1242476580359684098,...,sadness
1270337681705369601,...,sadness
1467110662832807937,...,sadness
1305248266683133953,...,sadness
1348839066603819010,...,sadness
1466090586193203202,...,sadness
1382511236508700673,...,sadness
1386248113032253441,...,sadness
1388693955089416192,...,sadness
1358143580708167684,...,sadness
1302868668678844416,...,sadness
1466725600471703555,...,sadness
1465964374313558016,...,sadness
1238556193834008578,...,sadness
1269328536759918594,...,sadness
1258834309521309698,...,sadness
1268958179364409346,...,sadness
1259526406800842752,...,sadness
1466070853246988294,...,sadness
1236136776307224577,...,sadness
1466880162683932678,...,sadness
1420419452013883397,...,sadness
1406784774497312768,...,sadness
1337410240879489032,...,sadness
1272985049403621377,...,sadness
0,يؤلمني ان ابي تعرض لمثل هذا الموقف بسبب اصابته بالكوفيد،ويؤلمني اكثر انني فقدته للأبد،الله يرحمه,sadness
1285631788489023488,...,sadness
1330573851756023815,...,sadness
1466020729711960073,...,sadness
1248955713294082049,...,sadness
1414123112732430337,...,sadness
1241479437255946240,...,sadness
1467110184766087171,...,sadness
1467110184766087171,...,sadness
1463901579447316487,...,sadness
0,خلال الشهرين الماضية: 97% من المصابين بفيروس كورونا (كوفيد-19) في المملكة لم يأخذوا اللقاح، أو أخذوا جرعة واحدة فقط.,sadness
0,انا تعبت منها وهذي هي الاولى وامي تعبت مرا ليش ناخد شي يتعبنا كورونا ما اتعبتنا كذا,sadness
0,انا صرت مكتئبه مافي جرعه السعاده,sadness
0,وربي خلاص والله تعبنا من اول جرعه لين يومك هذا ونحن تعبنين,sadness
0,حياتي كلها بالنص وقفت على الجرعه الثانيه الله كريم,sadness
0,وأمي غاليتي ماتت بسبب هذا الفايري بعد قضاء الله وقدره,sadness
0,اللهم رب الناس أذهب البأس اشفِ أنت الشافي لا شفاء إلا شفاؤك ، شفاء لا يغادر سقما,sadness
0,كلام صحيح مع كورونا الوضع المادية و النفسي صعبة للغاية,sadness
1466748969577496585,...,sadness
1466023622116532226,...,sadness
1467576560119173133,...,sadness
0,الله يشفي و يعافي كل شخص مريض😔..,sadness
0,انا مصابه به الان الله يشفيني ويشفي الجميع,sadness
0,ناقصنا ، لا حول ولا قوة الا بالله العلي العظيم 😔,sadness
1412982445968867331,...,sadness
1290362826087956481,...,sadness
1345915382842990593,...,sadness
1386768810687057930,...,sadness
1333044573585682433,...,sadness
1308677844885819392,...,sadness
1365002328877621250,...,sadness
1462401481345318917,...,sadness
1392054428065226754,...,sadness
1368854403575394306,...,sadness
1299013401826529283,...,sadness
1465992254020104196,...,sadness
1424440476850077701,...,sadness
1345653162091417600,...,sadness
1235184182005035008,...,sadness
1309563949361364999,...,sadness
1245980607806615553,...,sadness
1246001745165197313,...,sadness
1271885378560167941,...,sadness
1390458032782462978,...,sadness
1384093593896329219,...,sadness
1410300466509094919,...,sadness
1308677844885819392,...,sadness
1394798651910787073,...,sadness
1452553462433079300,...,sadness
1259847288475828225,...,sadness
1354858099430055937,...,sadness
1385998238503907331,...,sadness
1357338545820635137,...,sadness
1304322085939019776,...,sadness
1267326948927320067,...,sadness
1255275886879924226,...,sadness
1416015621020692484,...,sadness
1400069356961386498,...,sadness
1402675198453858306,...,sadness
1415651787063836673,...,sadness
1468864471875604482,...,sadness
1446333838276317185,...,sadness
1469509541956050944,...,sadness
1276699146465030145,...,sadness
1272203194828029954,...,sadness
1466901488517668868,...,sadness
1332391920451133441,...,sadness
1466136007112151041,...,sadness
1457083690836762624,...,sadness
1339714137639809026,...,sadness
1439314288850743303,...,sadness
1449351530482708490,...,sadness
1356641396237697024,...,sadness
0,ايش هذي الاخبار ضيقت صدورنا,sadness
0,جدي توفى بسببه,sadness
0,خايفه على عيالي بس ولا ماعلى نفسي خوف,sadness
0,كاني ناقص هموم انا!,sadness
0,توفى جارنا بعد التطعيم حسبنا الله ونعم الوكيل,sadness
0,ابوي بالعنايه ادعوله,sadness
0,اللهم انت الشافي المعافي والحمد لله على كل حال اشتد وجع فايروس كورونا,sadness
0,دعواتكم لامي الله يسعدكم,sadness
0,التلاعب بالارقام حسبي ربي وكفى,sadness
0,كل شعور خوف وقلق عشناه من الاجبار على اللقاح اسأل الله ان تعيشة اضعاف مضاعفه وتعرف انه جزاء مافعلته بنا,sadness
1466020729711960073,...,sadness
1464624410976047116,...,sadness
1241628894916161539,...,sadness
1433977996277321728,...,sadness
1408100326947889164,...,sadness
1400050480265543683,...,sadness
1466659507216412677,...,sadness
1338588622358974471,...,sadness
1386768810687057930,...,sadness
1240294741289455616,...,sadness
1270699680612192264,...,sadness
1235818922873520129,...,sadness
1255120798991486978,...,sadness
1270141465197502464,...,sadness
1244723513673625600,...,sadness
1382511236508700673,...,sadness
0,صوات الصراخ من الوجع يلي طالعة من مشفى المجتهد بتحرق القلب💔,sadness
0,وزارة الصحة تفصح عن حالة محزنة: عدم ترك مسافة آمنة في تجمع أسري تسبب بإصابة الجدة ودخولها العناية المركزة.,sadness
0,أخبار محزنه نتلقاها اليوم لفقد عدد من الممارسين الصحيين وأطباء بعد اصابتهم بفيروس كورونا . نسأل الله لهم الرحمة وأن يسكنهم فسيح جناته وأن يرحم جميع موتى المسلمين . الوقت الحالي يتطلب من الجميع اخذ الاجراءات الوقائية فليس هناك أحد بعيد عن الإصابة .,sadness
0,آية 21 سنة ممرضة مصرية من هول ما رأت من وفيات بسبب #كورونا انصدمت وانكمشت في زواية داخل احدى المستشفيات.. وفِي وطني مازال البعض يقول لن البس الكمامة ولن التزم بالإجراءات لان الحكومة لاتدفع الرواتب...الغوغائي لا يعلم كم فقدنا من اعزاء على قلوبنا بسبب #كوفيد١٩ وكأن الفيروس راتب,sadness
0,تعب ومرض ثم ألم وفقد💔 حزن شديد عمَّ مجتمعنا خلال جائحة #كورونا,sadness
0,كورونا يخطف زهرة شبابنا، هدى حسن عطوي ترحل، تترك الاهل في حالة حزن وصدمة،,sadness
0,وليس آلخوف أن يُصيبنآ آلضُّر إنمآ آلخوف أن يؤذي أحبآباً لنآ فيؤذينآ,sadness
0,اخبار محزنه ووفيات بالجمله بسبب كورونا وصلتني اخبار صادمه عن موت اصدقاء واسرهم في صنعاء انا لله وانا اليه راجعون .,sadness
0,اخبار فيروس #كورونا محزنة كبرى في #ايطاليا بسبب كورونا.عشرات التوابيت في ليلة واحدة.الكنائس امتلات بالتوابيت.,sadness
0,دي موجه حزن مش موجه كورونا,sadness
1468197646829596678,...,sadness
1468197594874712068,...,sadness
1447541393174499335,...,sadness
1404059369323515907,...,sadness
1404090598378848256,...,sadness
1403704559806132226,...,sadness
1467330974056951808,...,sadness
1466649851383345154,...,sadness
1465984071717249029,...,sadness
1465993178713100289,...,sadness
1457866346830630916,...,sadness
1466020729711960073,...,sadness
1400135663366856707,...,sadness
1449009423788257282,...,sadness
1296590404922552320,...,sadness
1374959625762533377,...,sadness
1464563423409287175,...,sadness
1316998708756697089,...,sadness
1349020319131037700,...,sadness
1428685382959390720,...,sadness
1468527946986139650,...,sadness
1366182593931182082,...,sadness
1414867936079192064,...,sadness
1345653858530435072,...,sadness
1402939987415470081,...,sadness
1291866466480984065,...,sadness
1457866346830630916,...,sadness
1316308853135495169,...,sadness
1467856379448803331,...,sadness
0,لالتزام والوعي شئ جميل الى انه هذي المناظر محزنة ونتمنى ان تمر هذه الازمة على خير,sadness
0,المنضر يبكي 😭😭 يارب رجع الاوضاع مثل ماكانت,sadness
1468949049504010241,...,sadness
0,يعني ما رح نرجع للمدرسه ………لا.. يا رب با غفور يا رحيم نرجع للمدرسه بدون شر وما يجينا الفيروس الجديد انا اشتقت للمدرسه وكل شي فيها,sadness
1468559842524774401,...,sadness
0,ياربي متى نخلص من هذا المسلسل اللهم اجعلنا تحت جناح رحمتك فأحفظنا واحفظ أولادنا جميعا .,sadness
0,اللهم إصرف عن بيوتنا المرض والهموم والأحزان ومن عليها بالسكينة والستر والامان.,sadness
0,اللهم احفظنا من كل شر .,sadness
1378430054372417541,...,sadness
1412702379787657218,...,sadness
1388918707834003457,...,sadness
1468276182256914439,...,sadness
1466139733076201475,...,sadness
1314868363143909376,...,sadness
1423235508088590338,...,sadness
1381665384143683593,...,sadness
1467425589686644739,...,sadness
1465972696286523405,...,sadness
1430159650482233353,...,sadness
1400081095148949509,...,sadness
1400069261909954566,...,sadness
1271421916205678593,...,sadness
1401155681349210112,...,sadness
1401156837576261633,...,sadness
1400822118074523656,...,sadness
1262874443824726017,...,sadness
1446368642640326694,...,sadness
1274471575081943041,...,sadness
1246239493050511361,...,sadness
1393830248442220546,...,sadness
1432741862545166343,...,sadness
1354462332647329799,...,sadness
0,-نطالب مدرسة عن بعد 💔😩,sadness
0,اخوي قبس اهلي و العيد باقي عليه اقل من اسبوع وماراح نعيد مع احبابنا كله منه اختلط بناس و نقل لنا الفايروس 😭💔💔,sadness
0,تعلمنا من هالفيروس انو ايامنا العاديه ابدآ ماكانت ايام عاديه ا نما كانت نعمه من نعم الله سبحانه وتعال🤲 يارب يرجع العالم مثل قبل واحسن من غير امراض اووباء وربي اشتقت لاايمنا قبل الوباءالي جالس يدمر العالم 💔,sadness
0,-7 جميل ومؤلم في آن واحد.. الله يجعلها أيام تنذكر وماتنعاد.,sadness
0,الله يرحمك ي جدتي حفيظة 💔 رغم صعوبة الموقف والم الفقد الا اني في كل لحظة ازيد عشق وحب وتمسك وفخر بوطني 💚 عرفت اننا شعب نعمل بصمت ونظهر وقت اللزوم على قلب واحد ونطبق ماتعلمنا وتربينا عليه شكرا ملكنا الغالي ،شكرا ولي عهدنا البطل ،شكرا وزرائنا الافاضل المحترفين ،شكرا لكل مواطن ومقيم في هذا البلد الغالي . وفي وقت كل حكومات العالم تبرأت من شعوبها واستخدمت معهم الخطابات القاسية يظهر ابو سلمان ويقول اننا تعلمنا من الازمة الكثير ومقبلين على خير ❤ ❤ ❤ عن اي قوة وفخر اتحدث اخيرا كل الشكر على الوثائقي الممتع بشاركه في كل مكان وبكل فخر 👏👏👏 والله يرزقني اللي ببالي واكون عضو فعال في بلدي,sadness
0,الله يعدي هالأزمة يارب ويرفع البلاء😔,sadness
0,اه يا قلبي اصعب سنه اللهم ارحم موتانا واشفي مرضانا اللهم لك الحمد على ما كنا عليه وعلى ما سنكون اللهم لا اعتراض على حكمك فيديو جميل بيبقى ذكرى ع مر السنين 💔 الأربعاء ٧ ابريل ٢٠٢١,sadness
1451117630295887874,...,sadness
1388186603923849226,...,sadness
1258592960003944451,...,sadness
1425473463561621516,...,sadness
1466695113233649664,...,sadness
1273697652199350277,...,sadness
1280080748905627648,...,sadness
1468631343718440966,...,sadness
1329847577035104256,...,sadness
0,ياجماعه انا امي تعبانه جدا حرارتها عاليه وجسمها كلو وجعها انا بنت وحيده ومعنديش حد غير امي ادعوهلها ربنا يشفيها ونبي مليش غرها,sadness
0,اللهم اشفيني واشفي كل مريض يعاني ويتألم اللهم استجب لدعائي يا مجيب 💙💙💙,sadness
0,اللهم شافي امي من هذا الوباء يارب وارحمنا برحمتك يا أرحم الراحمين يا الله,sadness
0,يارب يشافي ابويه من المرض فدوه ادعوله 🤲💔😭😭,sadness
0,يارب شافي كل مريض واقضي حاجة كل محتاج يارب اتمنى من الجميع يدعون لأبوي لأن مريض 😢😭😖,sadness
1388308722867445767,...,sadness
1418661862535798788,...,sadness
1275447976622620677,...,sadness
1464696815492734988,...,sadness
1421830008784424961,...,sadness
1432956020209471498,...,sadness
1427154555008163840,...,sadness
1377975948860080131,...,sadness
1432106707233165327,...,sadness
1444816415232561155,...,sadness
1391601705276645379,...,sadness
0,امي توفت من اسبوعين بالكورونا ادعولها بالرحمة والمغفرة وان يجعل مرضها في ميزان حسناتها,sadness
0,اللهم اشفي أبي واخوتي الاثنين وجميع مرضى المسلمين وغير المسلمين من الكورونا آمين,sadness
0,ادعولنه اني وعائلتي نطيب من هلمرض بسرعه فدوه دعواتكم مستجابه 😢💔,sadness
0,اللهم بحق اسماء الحسنى ابعد عن كل شعوب لعالم وباء كورونا وشافي كل لمصابين منه ونفرح العيد دونه يالله🤲😥,sadness
1258741754045566976,...,sadness
0,مات شعور الإستغراب أصبح كل شيء متوقع. اللهم ابعد عنا هذا الوباء وكل من قال امين,sadness
0,طال الوباء وعجز الأطباء وبقيت حلول السماء اللهم أصرف عنا كل داء يارب العالمين,sadness
0,أطلب منكم الدعاء لوالدي مصاب بكورونا و في غرفة الإنعاش الدعوة بظهر الغيب مستجابة و جزاكم الله خيرا,sadness
1469253182396276744,...,sadness
1349435508179529732,...,sadness
1273993910172504064,...,sadness
1277813923845230594,...,sadness
0,والله حرام لنا سنة وكرونا معنا,sadness
0,اليوم اثبتت اصابتي🙁,sadness
1368854403575394306,...,sadness
1339047963897827335,...,sadness
1268840193940951040,...,sadness
1288991132148432896,...,sadness
1383514232608550922,...,sadness
1441067137838288896,...,sadness
1467425589686644739,...,sadness
1437825907373268998,...,sadness
1432956020209471498,...,sadness
1431586028255596545,...,sadness
1429908419490758667,...,sadness
1466339596804018179,...,sadness
1268598684003991552,...,sadness
1466139973208453121,...,sadness
1466344403413483521,...,sadness
1240235572389707776,...,sadness
1303713328791945216,...,sadness
1396897180993179655,...,sadness
1464696004247273490,...,sadness
1466072623301939200,...,sadness
1466150963408945154,...,sadness
1465968616306786311,...,sadness
1467425589686644739,...,sadness
1466906167041482759,...,sadness
1467789198950285319,...,sadness
1263160289912139777,...,sadness
1340870521962045441,...,sadness
1429200821607149573,...,sadness
1468487130078928897,...,sadness
1410727166896078850,...,sadness
1464185347160645634,...,sadness
1461392061475831820,...,sadness
1464564400514383879,...,sadness
1403306792340307973,...,sadness
1257057689542242305,...,sadness
1379869125732921344,...,sadness
1237122467434553344,...,sadness
1310988429077942273,...,sadness
1468299172877152256,...,sadness
1466086590862745602,...,sadness
1239200780151861248,...,sadness
0,هدا العالم اصبحت فيه الحقيقة منعدمة ولا احد نتق به إلا بالله واحد الأحد هو القديم فنتدرع إلى الله سبحانه و تعالى هو المنجي من كل سوء وحسبي الله ونعم الوكيل,sadness
0,اللقاح أدهى وأمر من الفيروس نفسة نسأل الله السلامة واللطف والشفاء لمرضنا,sadness
0,حسبي الله ونعم الوكيل راح يصيرلي شهر من هذا المرض,sadness
0,ربنا ينتقم منهم انا مرضت بيه وشفت ايام وشهورا عصيبة لانى مريضة بحساسية وضعف مناعة من الأساس وكنت على وشك الموت بسبب مضاعفاته وحتى الآن أتلقى العلاج واتفقت كل مامعى من مال فى العلاج حتى أفلست تماما ...حسبنا الله ونعم الوكيل,sadness
0,حسبي الله ونعم الوكيل سنة ٢٠٢٠ كورونا وسنة ٢٠٢١ كورونا والحين كورونا الجديد هذه يدل انو يوم القيامه اقتربت,sadness
0,حنا قلنا خلاص تهنينا,sadness
0,معاكم شخص مصاب بلكورونا في الحجر الله يشفينا دعواتكم لنا,sadness
0,متى تنتهي هده المسرحية لقد تعبنا ومللنا دعو البشر يعيشو بسلام,sadness
1467199304184090633,...,sadness
1467320859102752773,...,sadness
1467473010210881540,...,sadness
1345928094545276928,...,sadness
1465890975625228293,...,sadness
1334152290089963522,...,sadness
1246610265736728582,...,sadness
1324062635978088451,...,sadness
1401882994697252867,...,sadness
1346218944848396289,...,sadness
1244241181221048320,...,sadness
1467209580723716105,...,sadness
1467934352084545545,...,sadness
1466946462575697922,...,sadness
1468246323057074190,...,sadness
1319456861767290882,...,sadness
1465877655597858816,...,sadness
1350791134243680256,...,sadness
0,ياعيال متى يخلص كورونا😥😥😥😣,sadness
1465364935119028228,...,sadness
0,يعور القلب 🖤💔الله يطلعه بالسلامه كورونا هذا الله يبعده عنا وعنكم,sadness
0,ادعو لوالدي بالشفاء من كورونا هو بالمستشفى وحالتو صعبه جدا ادعولو 😭🥺,sadness
0,دعواتكم لأمي تكفون تكفون نفس حالته بس امي ماتت امس💔 ادعولها بالرحمه والمغفرة,sadness
0,امي في التنفس الصناعي الرئة توقفت عندها كورونا دعواتكم لها بالشفاء العاجل 😭 تكفون,sadness
0,الفراق كان الجزء الأصعب دائما بعد أن أخذ الموت أو الحجر أحباء.. فيروس كورونا يسجل مشاهد حزينة لحالات فقدت عزيز لديها وأخرى فرحة بالشفاء من الوباء,sadness
0,اللهم ارحم كل متوفي بالكورونا واشفي كل مريض به وأرفعه عنا عاجلا ليس آجلا اللهم نطمع في رحمتك لنا من هذا البلاء والوباء,sadness
0,العالم ينتظر شتاءً قاسياً مع موجة كورونا الثانية.. وذوو الضحايا يحتفظون بذكرياتهم مع مليون ضحية للفيروس,sadness
0,منهم من خرج ولم يعد.. ومنهم من حالت الأبواب الموصدة بينه وبين أحبابه.. ما بين الموت والحجر.. قصص حزينة يرويها #كورونا,sadness
1468309339802845195,...,sadness
1469663264514752512,...,sadness
1469657743929847811,...,sadness
1469677059584798723,...,sadness
1469634239176278019,...,sadness
1469665961141809165,...,sadness
1469117874572828673,...,sadness
1469427366774591489,...,sadness
1469224466257481728,...,sadness
1469581933072027652,...,sadness
1466127701559947269,...,sadness
1467828641300156424,...,sadness
1270510532848648192,...,sadness
1468322392212746245,...,sadness
1467828345605926916,...,sadness
566862850937729024,...,sadness
0,لاحول ولاقوه الابالله العلي العظيم,sadness
0,بكرا بيطلع فحص كورونا داعتكم لي تكفون وانا ترا مره تعبانه,sadness
1468824598301057027,...,sadness
1370313759667933192,...,sadness
1437327537718415366,...,sadness
1421692281111855104,...,sadness
1272073877246615552,...,sadness
1469106561062682635,...,sadness
1277549528728637440,...,sadness
1296531668950568960,...,sadness
1237788196412456961,...,sadness
1416706396213633028,...,sadness
1270993995410309120,...,sadness
1468677943853527042,...,sadness
1469076985280401415,...,sadness
1456239491887206404,...,sadness
1469254955852877824,...,sadness
1469594120712765440,...,sadness
1468816902600503302,...,sadness
0,：الله يكفينا شرها اخذت امي واخوي وابو عيالي💔😔😢🤲🤲💔😭😭😢😷😷,sadness
0,ناس كثيره استهانت في كرونا والان تحت التراب . الله يرحم موتانه وموتى المسلمين اجمعين,sadness
1395781017953345537,...,sadness
1317348739732901888,...,sadness
1348839066603819010,...,sadness
1347938020138356736,...,sadness
1467076220546392066,...,sadness
1426050937186095109,...,sadness
1435857536150872064,...,sadness
1465044536573394944,...,sadness
0,لاحول ولا قوة الا بالله العلي العظيم خبر م جدا لكن ما نقول الا الرحمة والمغفرة تتنزل عليك وان تكون صالحا تقيا في حياتك ومماتك,sadness
0,وربي زيك اخذت استرسنكا شف الموت والعذاب عمرى 45 سنه خلاني ابكي حسبي الله ونعم الوكيل,sadness
0,الله يشفي كل مريض اخي تعبان من الفيروس اثارةجداسئيه ضيق تنفس تعب شديدوتعب نفسي يارب خلصه من هذه الاثار,sadness
0,الفيروس مو سهل ويتطور والبعض يرفض لبس الكمامه للأسف,sadness
0,بل هناك كروونا ومازالت تحصد الغالين على قلوبنا ان لله وان اليه راجعون انتهلوا هناك فراق مؤلم,sadness
0,انا تعبت اقسم بالله ... 😥😥,sadness
0,وين هالجهاز قبل شهرين الله يرحم امي رحمة واسعة من عنده ويغفرلها وجميع موتى المسلمين ويجمعني معها في الفردوس الأعلى من الجنة حسبي الله ونعم الوكيل في كرونا اشتقت لأمي يارب صبرني تعبت مااقدر على فراقها,sadness
1398430121430859779,...,sadness
1407333013529280512,...,sadness
1389935128756031491,...,sadness
1396446275755778054,...,sadness
1396559953343680514,...,sadness
1266013634737721344,...,sadness
1268853298817368064,...,sadness
1382454939939696645,...,sadness
1386355748045787136,...,sadness
1385659659630129154,...,sadness
1385842823329685504,...,sadness
1270187641913425920,...,sadness
1243895528582262785,...,sadness
1253079187386138626,...,sadness
1384516363042054148,...,sadness
1384963917194186753,...,sadness
1386715430857986055,...,sadness
1456650483087593472,...,sadness
1254077137163780097,...,sadness
1386355628520656896,...,sadness
1390372515122405380,...,sadness
1372863268025417734,...,sadness
1424896155612241922,...,sadness
1368986825268805634,...,sadness
1412643462357336069,...,sadness
1241479615652212741,...,sadness
1248278764749979650,...,sadness
1372872572480712708,...,sadness
1347243501201854473,...,sadness
1402049875978620929,...,sadness
1386832486773231616,...,sadness
1379025600594255878,...,sadness
1386745450359832579,...,sadness
1387177598090940416,...,sadness
1416812275344740357,...,sadness
1248241199011508226,...,sadness
1277342511552507905,...,sadness
1362084987433009162,...,sadness
1387213861959442432,...,sadness
1391890901753110532,...,sadness
1279765187386621953,...,sadness
1421923246988054533,...,sadness
1360982310062075904,...,sadness
1388624174017662977,...,sadness
1405449392329572352,...,sadness
1407877280211288071,...,sadness
1411348775340290051,...,sadness
1386714268955987973,...,sadness
1294269891613253634,...,sadness
1405237659660865537,...,sadness
1385899765901168641,...,sadness
1261640255163248642,...,sadness
1373024159584956421,...,sadness
1243519758139564033,...,sadness
1238623021147009025,...,sadness
1274775146931326976,...,sadness
1291363624355856384,...,sadness
1270041922871136266,...,sadness
1277909131907805185,...,sadness
1277909400930353152,...,sadness
1248592137119305728,...,sadness
1408614776616501250,...,sadness
1390906316835667971,...,sadness
1273656445976875014,...,sadness
1330096913698484224,...,sadness
1271100267275173888,...,sadness
1294916639042031616,...,sadness
0,اللهم احفظ السعودية واهلها وزوارها من كل سوء لإن المشهد مؤلم بجد,sadness
0,والله منظر م 😭😭😭😭,sadness
0,يا الله من كان يظن ان الطواف امام الكعبة سيتوقف يوما منظر مؤلم يارب نسالك العافية من هذا المرض لنا ولكل المسلمين,sadness
0,منضر م حسبي الله ونعم الوكيل اللهم اتوسل بسمك الاعظم ان تحفظ المسلمين وبلاد المسلمين من هذا الوباء,sadness
0,هذا شي م 😦 انه منظر يقطع القلب 😢😢 من الم إلا يستطيع المؤمنين زيارة بيت الله الحرام 😭😭😭 اللهم ابعد عنا المرض وعن كل من نحب😢😢🙏🙏,sadness
0,💔 *قصة مأساوية لأسرة في جدة توفي أفرادها بالكامل بعد إصابتهم بـ “كورونا” (فيديو)🎥* https://ksa-wats.com/75390 هذه رسالة لكل مستهتر 😔,sadness
0,والله تعبت من حياه 💔😭 ني يتيم وفقيو💔😢 وحالتي ماديه ضعيفه جد ولست اعمل بسسب فيروس 😭تعرفو قررت افتح قناه يوتيوب مصدر رزق لعائلتي. والي 😭 الله يوفقكم 😭ومحتاج مشتركين 💔 امانه لحد تجاهل تعليقي حط لايك ورفع تعليق ه 😓تعرفو واسف هانك ناس تنسخ تعليقي 😭 ومايصدقني نستكرامrree1931 الله يوفقكم ويتقبل صايمكم اتمنه مساعدتي ب شتراك 😭شكرا لكم اخواني المسلمين,sadness
0,الان تعبان حرارة وعظامي ودايخ اريد اطلع لكي احصل على طعام ولااستطعت بسب الجرعة والله 😭,sadness
0,اصبت بكورونا منذ 4 اشهر وعندي ارهاق شدييييد وانسداد الشهية و واكتئاب في بعض الأحيان والله تعبت ادعولي بالشفاء,sadness
0,جزاك الله خير يا دكتور. انا أصبت بي الكارونا و ضلت معاي تسعة أشهر و ارجح أن تمت الإصابة أكثر من مرة . انا مريضة سكر عمري 45 و أعاني الان من متلازمة ما بعد كارونا من أعراض غريبة مثل وجع العيوان و التهاب الاذن و الم الكلي و وجع العضلات الغير عادي مثل آلام حادة في الظهر مفاجئ و الم الاصابع و تيبس في الفك ادعوا لي بي الشفاء .,sadness
0,تشنجات عضليه طفح جلدي وحكه في أنفي من الداخل وحكه في سقف حلقي كل العضلات المحيطه بالقفص الصدري تؤلمني جدا مفاصل أصابع اليدين وأصابع القدمين متشنجه بشكل مؤلم جدا أسعل لإخراج البلغم بصعوبه أحس بالراحة عندما أعطس علماً أني مريض سرطان ليمفاوي وقد تم إستئصال الطحال مني ومازلت أتألم حتى الآن ربي يشفي الجميع شكرا لكم دكتور وجزاكم الله كلّ الخير,sadness
0,تعبت حيل😭,sadness
0,استغفر الله العظيم هذا خبر م وليس ما,sadness
1300546590080458756,...,sadness
1281352513715933185,...,sadness
0,طيب انا ولدي تعبان وافتر به من دكتور الى دكتور,sadness
0,ااه ياطيبه الطيبه اهه يامدينة حبيبنا اه ع حالك بعد هذا الوباء المونتاج رائع رائع جددددااااا 😭😭 التعليق والفيديو والتصوير شكرا ع جهودكم اللي تبذلونها لجل بيت الله ❤️😭 #لك_الحمد,sadness
0,جسار... شيء مؤلم لن ينساه احد عاشه او سيعرفه بعد زمن سبحان مغير الاحوال,sadness
0,م جدا كل شي م مع هذا الفيروس.,sadness
0,والله والله أنا صادق في كلامي وربنا العالم بظروفي أنا محمود رقمي 01008054760 أنا كنت شغال فية مطعم فيه الاسكندريه وتعبت وبتعالج من القلب والضغط ونفسي أعيش حياتي زي أي حد ومحتاج مساعدتكم ممكن تساعدوني أنا متجوز وعندي بنت واحدة وعايش فيه الأرياف فيه الفلاحين وظروفي ربنا العالم بظروفي أنا قاعد من الشغل على شأن تعبان ربنا يوفقك يارب العلاج غالي ومحتاج مساعدتكم ممكن تساعدوني ربنا يوفقك يارب العالمين ربنا يكرمك يارب العالمين,sadness
1242154866715361281,...,sadness
1245931799420657665,...,sadness
1284055949716664320,...,sadness
1334160125788123137,...,sadness
1387863651286241281,...,sadness
1388990503694262273,...,sadness
1389935128756031491,...,sadness
1390453592587476992,...,sadness
1396446275755778054,...,sadness
1396559953343680514,...,sadness
1398430121430859779,...,sadness
1403638165529899009,...,sadness
1407333013529280512,...,sadness
1418747546374131712,...,sadness
1437559334465060866,...,sadness
1241479615652212741,...,sadness
1241721438962319360,...,sadness
1243701675275272192,...,sadness
1243895528582262785,...,sadness
1248278764749979650,...,sadness
1253079187386138626,...,sadness
1254077137163780097,...,sadness
1261640255163248642,...,sadness
1266013634737721344,...,sadness
1268853298817368064,...,sadness
1270056656391614472,...,sadness
1271034642930511879,...,sadness
1277342511552507905,...,sadness
1279765187386621953,...,sadness
1294269891613253634,...,sadness
1346735758439186436,...,sadness
1347243017137225730,...,sadness
1347268715180601347,...,sadness
1362084987433009162,...,sadness
1368986825268805634,...,sadness
1373730118955327489,...,sadness
1379025600594255878,...,sadness
1382658988148424705,...,sadness
1384198020221181970,...,sadness
1384879390257987585,...,sadness
1384963917194186753,...,sadness
1385659659630129154,...,sadness
1385842823329685504,...,sadness
1385899765901168641,...,sadness
1386355748045787136,...,sadness
1386669914119933952,...,sadness
1386714268955987973,...,sadness
1386715430857986055,...,sadness
1386725640397901824,...,sadness
1386832486773231616,...,sadness
1387213861959442432,...,sadness
1388435174946390016,...,sadness
1388624174017662977,...,sadness
1390372515122405380,...,sadness
1391890901753110532,...,sadness
1401633177026940940,...,sadness
1401844374338781185,...,sadness
1402049875978620929,...,sadness
1405449392329572352,...,sadness
1407609857310593025,...,sadness
1410294725618323458,...,sadness
1410617775089881094,...,sadness
1411348775340290051,...,sadness
1413324097048743937,...,sadness
1416812275344740357,...,sadness
1456623685922697221,...,sadness
1244348479260024835,...,sadness
1248592137119305728,...,sadness
1256929668982341632,...,sadness
1270041922871136266,...,sadness
1275600034202112001,...,sadness
1276496141127950338,...,sadness
1277909400930353152,...,sadness
1289264039462199296,...,sadness
1291363624355856384,...,sadness
1294758394017058824,...,sadness
1341841913025089542,...,sadness
1361556074613112832,...,sadness
1387577019244941312,...,sadness
1393739920397713419,...,sadness
1404585970184470529,...,sadness
1408614776616501250,...,sadness
1411550856437288960,...,sadness
1413862971772710917,...,sadness
1403814740607049728,...,sadness
0,لاحول ولاقوة الابالله المشكلة في الحرجة ارتفعت,sadness
1304399917285285889,...,sadness
1426400890836107265,...,sadness
1285829771335737344,...,sadness
1469137325439471618,...,sadness
1433112421497978881,...,sadness
1426265742006263809,...,sadness
0,حرام عليكم ست ساعات لابسين الكمام ومكتومين وكارهين حياتهم من هذا انظام عندكم كرهنموهم في التعليم,sadness
1466273924405211138,...,sadness
1240086462923751424,...,sadness
1239548627602808836,...,sadness
1239930511767810049,...,sadness
0,اكثر مايوجع القلب 💔💔ويحز بالنفس هو شكل الحرم بدون زوار ومعتمرين,sadness
1467539451240976391,...,sadness
0,ليش كل مافتحت المدارس يجي متحور جديد والله هذا شي ميدخل العقل شنو ذنب الطلاب اللي مجاي تدرس,sadness
1296546615990407168,...,sadness
1240823375632560129,...,sadness
1252296675831566337,...,sadness
1246073577268342786,...,sadness
1469230686892666880,...,sadness
1263920334752952325,...,sadness
1430028784057692163,...,sadness
1248990974409408512,...,sadness
1468526419068215300,...,sadness
1465211311520989184,...,sadness
1328002544057126913,...,sadness
1462726321050632198,...,sadness
0,تكفى الله يدخلك الجنه انك تخلي المدرسه الابتدائيه. والامتوسط قرب تكفى الله يدخلك الجنه يا رب هذه الدعوة الك إذ خليت المدرسه الابتدائيه والامتوسط قرب 😭😭😭😭😭😭😭😭,sadness
 1416290092084252677,...,sadness
 1466783628780879877,...,sadness
1468362759834419204,...,sadness
1469479307248603148,...,sadness
1382837252024324096,...,sadness
1465063445229940741,...,sadness
1274091374351171584,...,sadness
1357636125024792577,...,sadness
1357636125024792577,...,sadness
1465860816251592717,...,sadness
1466717540776878080,...,sadness
1324074413235539970,...,sadness
1264466804451143681,...,sadness
1466783628780879877,...,sadness
1469254955852877824,...,sadness
0,الكورونا خلتنا نحب الحياه اللى كنا مش طايقين نعيش فيها بقى كل حلمنا اننا نرجع لحياتنا الطبيعيه,sadness
1466869669244112900,...,sadness
1299970008227942401,...,sadness
1437331236314390534,...,sadness
1467972200548474882,...,sadness
0,حرام تضيع سنة من عمر الطالب بسبب التحصين والحل يكمل عن بعدوالحمدلله العام الماضي حقق نجاح باهراما حضوريا الكل خايف على ابنائة من الاصابة بالمرض لان طرق الوقاية صعبة بالتجمعات خاصة الاطفال لابد من حل,sadness
0,شيئ م ان نرى الحرم المكي فارغ لا من يطوف حوله ..رحمتك يا رب ..اللهم ارفع ك ومقتك عنا ولا تحرمنا من بيتك وزيارته,sadness
0,*هاي قصتي. حزينه 💔😭😭الله عليكم اقرو قصتي حقيقه 😭اقسم بالله حط لايك قبل لاتقره امانه* ني شاب عربي عمري 19 ولدي متوفي اوماعندي احد وامي مريضه واني تعبت كلش وحياه صعبه جد تعرفو بسسب فيروس وحظر 😭 و اني ماكو عمل بل حظر قررت افتح قناه رزق عائلتي اني اخواكن عربي قبل لاتسب تابع نستكرام 😰وشاهد حالتي مايصدق نستاrree193 وتمنه ااشترك 💔😭 وسف هانك ناس تنسخ قصتي وتقولن كذب والله لست اكذب 😭 حط لايك ورفع تعليق 😭😭0,sadness
0,*هاي قصتي 💔حزينه والله تعبت 😢 امانه لا تغلس 💔😭حط لايك قبل لاتقره انا شاب عمري 19 سنه💔وابوي شهيد ب حرب وعندي اخوان3 اصغار. وامي مريضه😔ما تكدر تشتغل كاعدين ابيت اجار حته. حتى فلوس ايجار مطلوبين اهواي 💔 ردت ساعد اهلي ب عمل محد يقبل💔😔 اعمل عندو وبعدين ابن جيرانه. كالي افتح قناة يوتيوب 💔 وتحصل رزق وطاني جهازه. وفتحت قناة. تكون رزق عائلتي امانه تقره 😔 اشترك ولله متخسر شي ميصدق نستاrree1931 اتمنه تشترك .,sadness
0,ياربي حتي الجزاءر تقف الدراسة انا تعبان اريد العطلة بشدة,sadness
0,ملابس حضوري مصارعه متى صح عبر عن بعد٠💔💔💔💔😢😢😢😢😢😢😣😣😣😣😭😭😭😭😭😭😭😭😭😭😢😢😢😢😢😢,sadness
0,احس الكل من يوم جابو الدراسه عن بعد الكل صار مكتئب وتحسون ناقصكم شي والله يقهر تخيلو ان مانخرج كثير كل شهرين ولا ثلاث نطلع اشوف انو افضل لنا الدراسه حضوري افضل احس مكتومه احس اني مكتئبه,sadness
0,تكفون نبي دراسه عن بعد وﷲ أفضل بمليون مرره ياخي دراسه حضوري مغثثثثه ماشفنا منه الا تنمر ومضاربت و الحقد ماهي بحالهه كيف تبغوننا ندرس حضوري فكونا من حضوري و خلوه عن بعد أريحلنا 😔💔💔,sadness
0,صارلي سنه ما درست حضوري اشتقت للايام هاذي بصراحه,sadness
0,ابغا اروح المدرسه 😭😭 خلوه ابتدائي حضوري,sadness
0,لا ياربي م ابغى حضوري 💔,sadness
0,مانبي حضوريي يارب يلغونه ياربب يلغونن حضوري,sadness
0,مين زعلان زي انا والله امس شوي وأبكي انا وصديقاتي تعبنا والنهار واليل مانام إلى نص ساعه وتسمع جعفر يقول ياولدي أو يابنتي الدوام علي اختبار يوم الاثنين والأربعاء تعبت من الخميس الماضي الين الاحد 4ايام تعبنا اناو5من صديقاتي عندنا استعراض يوم الاربعاء ليش يا كرونا ابعدو عنا فكونا من شركوم والنهايه اقلوكم مع السلامه😭😭😭😭😭😭😭😭😭😭😭😭😭😭😞😞😞😞😞😭😭,sadness
0,تكفى انا عمري ثمنيه صغيره ودي يرجع حضوري تكفى انا تعبت نفسيتي عن بعد حتا صرت اضرب نفسي جبتو الكتمه او التعاسه لنا اذا انت وزير التعليم رجعو المدرسه بطير فوق اذا مارجع تكفى😩😩💔,sadness
1394282720033972231,...,sadness
1394278699500023814,...,sadness
0,*قصتي 😭ساعدوني اامانه فقير ويتيم* ني شاب عربي عمري 19 ولدي متوفي اوماعندي احد وامي مريضه واني تعبت كلش وحياه صعبه جد تعرفو بسسب فيروس وحظر 😭 و اني ماكو عمل بل حظر قررت افتح قناه رزق عائلتي اني اخواكن عربي نستكرام ميصدقني rree1931 امانه شترك 😥 0,sadness
1355853758538915843,...,sadness
1396999379408637952,...,sadness
1250311967874531328,...,sadness
1310309165299007490,...,sadness
1394282720033972231,...,sadness
1394392843427450885,...,sadness
1394624228843036677,...,sadness
1467530024995729410,...,surprise
1328679949163704324,...,surprise
1328689094927544320,...,surprise
1304035884824748034,...,surprise
1242770585832341504,...,surprise
1461366020602413069,...,surprise
1240240101482954752,...,surprise
1427014330323808256,...,surprise
1261284528817164288,...,surprise
1243526641256554497,...,surprise
1243633977442930691,...,surprise
1249143219960590336,...,surprise
1468139294980247555,...,surprise
1241119878121168896,...,surprise
1225757703869521927,...,surprise
0,لا حول ولا قوة الا بالله كل ماخلصنا من مرض جاء شي ثاني احسن مايقفلون شي الي يموت يموت والي يعيش يعيش 😒,surprise
0,والله غريبة انا اعيش في السعودية وزارة الصحة تأتي الى منزلك . ليه الكذب ؟,surprise
0,😳😳😳😳😳 نجهز الكيرم 🥺🥺,surprise
0,توكلنا وين 😳,surprise
0,وش فيهم كنهم يتجهزون لشي جديد علمونا عادي ترا تعودنا😥,surprise
0,كارونا صامله تقضي علينا😃😃.,surprise
1399076661673431040,...,surprise
1361011381387067393,...,surprise
1279862674021646338,...,surprise
1373624030939471875,...,surprise
0,ما هو سبب وجود المتحورات والحالات في ارتفاع,surprise
0,كنا نتمنى هذا اللقاح يقضي على المرض لكن لانلاحظ تأثير,surprise
0,قبل بريطانيا أعلنت روسيا والمانيا وايران وامريكا وفرنسا دواء لكن الى الان لا يوجد شي,surprise
1461331575271051277,...,surprise
1459178300547469339,...,surprise
1454066862602526727,...,surprise
1454256546435801091,...,surprise
1447555697269477380,...,surprise
0,تعبت من الجرعة الثانية اكثر من تعبي من الاصابة بالفايروس نفسه,surprise
0,من يوم اخذت اللقاح وانا اجوع زي المجنون شسالفة ترا اخذت جرعتين وكلهم فايزر في النهاية اجوع زي المجنون,surprise
0,اخذت جرعتين وانصبت بغيت اموت خرابيط اللقاح,surprise
0,مو ع اساس كنتم تقولون خذو جرعتين تخفف من الاعراض اثناء الاصابه ونها نافعه وش تغير الحين,surprise
0,عساس مو إجباري اخذ اللقاح طلع غصب نأخذها,surprise
0,الموضوع. صار له اجباري. كذا الناس تفهم شي ثاني. بعدين.اللي مايبي مايبي.ليه تعاملوهم فجاه بتميز,surprise
0,شعب غريب لاهو اللي اخذ اللقاح ولاهو اللي التزم ايش تبي!!🙂,surprise
0,كلنا ملتزمين الحمدلله بس من يوم قرب رمضان ارتفعت الحالات!,surprise
0,ياخي لكم سنه وأنتم نصائح !!! حتى بوقت الحظز ما خلصنا من الاصابات "شوف لك حل ثاني يعني" وش الحاله ذي,surprise
0,كيف الاعداد ترتفع وتقريبا ثلاث ملايين اخذو اللقاح,surprise
1467826147018878978,...,surprise
1468639117764407297,...,surprise
1465755811163090947,...,surprise
1467943440746958856,...,surprise
1466316246417567748,...,surprise
1468656730267652096,...,surprise
1468659322745987075,...,surprise
1267533305546772480,...,surprise
1285521318218207232,...,surprise
1242234503948632064,...,surprise
1354442832380096514,...,surprise
1467828950797897741,...,surprise
1466191838403080193,...,surprise
1239637028683350017,...,surprise
1363157874692792321,...,surprise
1387109808692776969,...,surprise
1466484387965542403,...,surprise
1453840587417915398,...,surprise
1422117457687457796,...,surprise
1384130709061652499,...,surprise
1465965346758832131,...,surprise
1259627075478175749,...,surprise
1309146115296636932,...,surprise
1239113607356407809,...,surprise
1233767722544222208,...,surprise
457565120122855424,...,surprise
1468894588509302793,...,surprise
1461357758926573572,...,surprise
1460256299644555265,...,surprise
1454087044595130377,...,surprise
1454609418461528066,...,surprise
1404687593330065410,...,surprise
1389021689481150464,...,surprise
1275011805618876416,...,surprise
1275718195584929793,...,surprise
1309269968027103233,...,surprise
1269435481139433473,...,surprise
1268952799536087041,...,surprise
1285982353521811457,...,surprise
1265788768935710720,...,surprise
1251572876257476608,...,surprise
0,لقول صدق فيه كورونا جديده انتشرت ولا اشاعه,surprise
0,تصريح صادم لمنظمة الصحة العالمية: فيروس كورونا موجود ليبقى معنا للأبد,surprise
0,خبر صادم.. المتعافون من كورونا قد يصابون مرة أخرى بالفيروس,surprise
0,متحور مرعب.. العالم يعود إلى إغلاق المطارات من جديد,surprise
0,خبر صادم .. كورونا سيبقى لسبع سنوات في العالم !!,surprise
0,الصحة العالمية تواصل إطلاق التصريحات الصادمة: جائحة كورونا لن تكون الأخيرة,surprise
0,وسط تفاقم أزمة كورونا في أميركا.. فاوتشي يحذر من 100 ألف إصابة يوميا ويشكك في إمكان توفير لقاح قبل بداية 2021,surprise
0,خبر صادم متحور دلتا يصيب من تلقوا لقاح فيروس كورونا,surprise
0,موجة جديدة من فيروس كورونا ومتحوراته تضرب العالم.. وروسيا في المقدمة حيث سجلت عدداً قياسياً جديداً للوفيات بسبب الفيروس خلال الساعات الأربع والعشرين الماضية,surprise
1369694544535711744,...,surprise
1467118763082493955,...,surprise
0,تختلف الاعراض يوم بعد يوم,surprise
1465723850579132428,...,surprise
1463902252444356609,...,surprise
1467529683529080842,...,surprise
1468403065669754883,...,surprise
1466137902082056192,...,surprise
1468096662853718018,...,surprise
1465060994149924875,...,surprise
1343216078604922880,...,surprise
1403647182830505985,...,surprise
1386766339268874244,...,surprise
1399115425770790917,...,surprise
1454410413697900546,...,surprise
1436392780629102598,...,surprise
1444244442240724993,...,surprise
1323748578238599174,...,surprise
1468961130919911424,...,surprise
1468943523592478722,...,surprise
1464357454439931915,...,surprise
1464357454439931915,...,surprise
1278617628320374786,...,surprise
1465951375989387268,...,surprise
1465570858760613891,...,surprise
1423202502183358466,...,surprise
1420183408311951365,...,surprise
1231383171234746369,...,surprise
1275049803970478081,...,surprise
1293141994685038595,...,surprise
1397500257890709515,...,surprise
1260259252586897409,...,surprise
1236737721072267264,...,surprise
1251069512742559744,...,surprise
1287790871723880449,...,surprise
1273453240072523778,...,surprise
1248874024140144640,...,surprise
1466078867089731595,...,surprise
1286348680661028864,...,surprise
1465241064298659847,...,surprise
1384849312740478979,...,surprise
1306942901260345348,...,surprise
1381589648191983617,...,surprise
1378475283930611715,...,surprise
1313105801683316737,...,surprise
1419478487363117060,...,surprise
1274681973689200641,...,surprise
1264544916706922508,...,surprise
1386048906581221379,...,surprise
455423208985210880,...,surprise
1319198705862479872,...,surprise
1448760163444330499,...,surprise
1464293495657709579,...,surprise
1464293689451294725,...,surprise
1466968287808561152,...,surprise
1466786528118861825,...,surprise
1466083431675215879,...,surprise
1464296137280696326,...,surprise
1418145896634724354,...,surprise
1399031389622837249,...,surprise
1465150519987605506,...,surprise
0,كورونا باق للابد,surprise
0,اول مصاب بالسلالة الجديده من كورونا في امريكا,surprise
0,اكتشاف جديد يقضي على كورونا خلال ساعات,surprise
0,اصابة امام عاشور بكورونا,surprise
0,فيروس كورونا ينتقل عبر البراز,surprise
0,كورونا خطر على من يعانون نقص الوزن,surprise
0,سيكون التطعيم كل عام,surprise
0,الاصابه بكورونا تعطي الجسم المناعه,surprise
0,يمكن الاصابه بكورونا مرتين,surprise
0,الاصابه بكورونا بعد اخذ اللقاح الثاني,surprise
1457359499682066438,...,surprise
1298465506526101506,...,surprise
1469640438059577346,...,surprise
1468444582417518596,...,surprise
1468238702610726914,...,surprise
1435895443872010246,...,surprise
1321465500841529345,...,surprise
1406328728158978048,...,surprise
1243220880689434625,...,surprise
1321568575832940544,...,surprise
1273504400678490112,...,surprise
1261740289540177923,...,surprise
1281260553311260672,...,surprise
1269280378004606978,...,surprise
1356603822341304322,...,surprise
1241004795961339904,...,surprise
1279886277702287363,...,surprise
0,هذا صديقي اول البارحة اتكلم معاه، مصاب كورونا وارسلي بصمة قال شوية صرت احسن، الآن جائني خبر وفاته؟,surprise
0,احتمالية غلق جديد لمواجهة تحورات كورونا.. مستشار الرئيس يفجر مفاجأة,surprise
0,ذروة الموجة الرابعة.. «صحة النواب» تفجر مفاجأة عن كورونا,surprise
0,بعد حملات فاكسين مكثفة، استعد العالم لموسم إجازات مختلف عن سابقه,surprise
0,#أخبار_كورونا | صدمة جديدة للملقحين ضد #كوفيد19 بسبب متحور #أوميكرون !,surprise
0,يقال شخص فى قرية اشتبه بإصابته #كورونا جاء الاسعاف لأخذه،يقول سائق الأسعاف,surprise
0,مانغالا عن اصابته بفيروس كورونا : لم يكن لدي أي أعراض ، كنت كالمعتاد.,surprise
0,محنة #كورونا محنة عظيمة خطيرة غير مسبوقة تكسر غرور الإنسان في القرن الواحد,surprise
0,#عاجل | وزير الصحة: صدمت بتسجيل 14 اصابة كورونا في الزرقاء,surprise
1468197348241076225,...,surprise
1466023021081206789,...,surprise
1467429188751609858,...,surprise
1416375883703603201,...,surprise
1416375883703603201,...,surprise
1466386039992377348,...,surprise
1424810505579999234,...,surprise
1430040085601431579,...,surprise
1467864519108136964,...,surprise
1468559764045152256,...,surprise
1386508451971481600,...,surprise
1367562031503654912,...,surprise
1241692657069539329,...,surprise
1264408432800604161,...,surprise
1241678347169644544,...,surprise
1250059589833428994,...,surprise
1248460559839670273,...,surprise
1262874443824726017,...,surprise
0,#بعد الاتصال على الاهل انصدمت بأصابة (امي) بفايروس كورونا ، ارجوا منكم الدعاء دعوة الغريب مستجابة الحمد لله دائماً وابد,surprise
1365007213585174531,...,surprise
1390221691306057728,...,surprise
1375876732549488644,...,surprise
1367562031503654912,...,surprise
1467475954901655556,...,surprise
1467491915453116424,...,surprise
0,لم اتوقع بأن يوما سوف تأتي كورونا لنا، كان شي جميل.,surprise
0,اول مره اشوف الرياض فاضيه,surprise
0,مو متخيلة الى الآن كيف اتخطينا المرحلة هذي الحمدلله على كل حال,surprise
0,سبحان الله شي غريب كأن الي عشانه فيلم الله لا يعيده ويحفظ لنا امننا واماننا وبلادنا ويرحم موتانا,surprise
1367562031503654912,...,surprise
1318642870581137417,...,surprise
1466588754982834177,...,surprise
1423604528780386307,...,surprise
1241187770816778240,...,surprise
1336428306611187718,...,surprise
1401294133847904264,...,surprise
1355793561548189696,...,surprise
1287391571990773761,...,surprise
1423540614163992582,...,surprise
1271671010337718273,...,surprise
1423858027187380225,...,surprise
1273215880311308288,...,surprise
1391567765044187146,...,surprise
1348713616703442946,...,surprise
1336578410043355141,...,surprise
1344592418453250051,...,surprise
1256798360973033478,...,surprise
1292064390712373249,...,surprise
1344901376338522113,...,surprise
1433046758330884105,...,surprise
1433058527275278339,...,surprise
1463875203981889549,...,surprise
1452978480480718857,...,surprise
1452981527885778956,...,surprise
1400075033490477062,...,surprise
1400793934251675656,...,surprise
1404058001443545091,...,surprise
1469024856519974922,...,surprise
1425930537911439365,...,surprise
1449197323926573062,...,surprise
1270698992737927168,...,surprise
1298988245586329600,...,surprise
1274223022937948160,...,surprise
0,ياوزارة الصحه الصيدليات ومحلات التجهيزات الطبيه رفعت أسعار الكمامات والمعقمات ، !!!,surprise
0,الحالات ماارتفعت اليوم غرررريبه أن شاء الله تنخفضض وينفك الحظر بس اتوقع يصير مرض موسمي ويتنقال بين الناس هم يزيد الطين بله الله يستر توقعاتي كذاا.. بس,surprise
0,عجيب أمر الإنسان! يخاف من كورونا ولا يخاف خالقه!,surprise
0,والله ماادري وين اصف انا مع اي نسبه 🚶 ♂ قفل مخي,surprise
0,مصدوم 😮,surprise
0,سبحان الله انتشار المرض سريع وغريب جداً نسال الله ان يعافينا ويشفي مرضى المسلمين,surprise
0,أليس غريب ان يظهر الفيروس بالصين وبذات في هذه الظروف 🤔,surprise
1469284511993061382,...,surprise
1428036693224005637,...,surprise
1391653169424486401,...,surprise
1309329274210578437,...,surprise
1340380878611091456,...,surprise
1248954650247782402,...,surprise
1409730894911393796,...,surprise
1376538561470738433,...,surprise
1267943577038065665,...,surprise
1290780652649029634,...,surprise
1298270637169860609,...,surprise
0,ازدياد اعداد المصابين بسبب سلالات جديدة من الفايروس ظهرت في بريطانيا ..,surprise
0,اوف لسع ماخلص كورونا,surprise
0,معناه اللقاح مافي منو فايدة. لنشوف اخرتها,surprise
0,انا تلقيت الجرعه الثانية وماعندي حتى مرض وكنت غنموت لولا تدخل الطاقم اللي عتقوني بالاسعافات الاوليه,surprise
0,اخذت اللقاح فايزر جرعة واحدة وصحتي انهارت حصلت معي جميع الأمراض,surprise
1399971955286085635,...,surprise
1336327865298665479,...,surprise
1301585108420395013,...,surprise
1464419388463984647,...,surprise
1337024574752514049,...,surprise
1269605800596684800,...,surprise
1413433977638047744,...,surprise
1456693646779113472,...,surprise
1365024115653042176,...,surprise
1269739917917200388,...,surprise
1395403314985111555,...,surprise
1391650869448519680,...,surprise
1383923508997021702,...,surprise
1265884790332559360,...,surprise
1272204198420131841,...,surprise
1258858608428830721,...,surprise
0,عام / الصحة تعلن عن أول إصابة بفيروس كورونا الجديد لمواطن قادم من إيران,surprise
0,وصول أول دفعة من لقاح كورونا إلى السعودية.. ووزير الصحة يعرض عينة منه,surprise
1274223022937948160,...,surprise
1288565587556339713,...,surprise
1274457327094173697,...,surprise
1297507019843305472,...,surprise
1426498274844979201,...,surprise
455423208985210880,...,surprise
1274461807424438277,...,surprise
1220297244064276480,...,surprise
1273598617392222208,...,surprise
1309499008457596931,...,surprise
1467817098927874049,...,surprise
1275413052834435072,...,surprise
1271863536990502920,...,surprise
1260286035348594690,...,surprise
1258461502702604291,...,surprise
1318642870581137417,...,surprise
1410347032779296770,...,surprise
1274471575081943041,...,surprise
1469070656205697024,...,surprise
1269194709198667776,...,surprise
1465981528861720579,...,surprise
1465940117906989059,...,surprise
1224052366128885760,...,surprise
1466338714028847106,...,surprise
1466338577600634886,...,surprise
1314241665457061891,...,surprise
1448992038503043073,...,surprise
1406943430287237124,...,surprise
1466049867827064834,...,surprise
1380867543099961347,...,surprise
1266762799222607872,...,surprise
1242568912618901508,...,surprise
1386139805973635082,...,surprise
1466066444794347526,...,surprise
1464655127860682761,...,surprise
1393271516117229568,...,surprise
1466936190356099076,...,surprise
1457053532729876488,...,surprise
1454474851419361292,...,surprise
1242651400611467264,...,surprise
1456693206586953731,...,surprise
1374066238486372367,...,surprise
1441380646421630976,...,surprise
1429059458819403782,...,surprise
1249690845680488448,...,surprise
1298270637169860609,...,surprise
1298988245586329600,...,surprise
1466971804468416514,...,surprise
1466801332208209927,...,surprise
1467067546914463748,...,surprise
1465977161865641986,...,surprise
1466041757574049793,...,surprise
1445285732566945795,...,surprise
1444668732123537417,...,surprise
1444673332561973255,...,surprise
1467936801016979461,...,surprise
1467865024001720323,...,surprise
1357359129971609604,...,surprise
1467195192092639236,...,surprise
1274859726577242113,...,surprise
1420838343882035218,...,surprise
1366097439854374912,...,surprise
1466363344529543168,...,surprise
1243747067933134848,...,surprise
1237152153107607553,...,surprise
1469829418197602311,...,surprise
1468566294907822081,...,surprise
1467823791443263493,...,surprise
1241508905282306058,...,surprise
1373390708757893120,...,surprise
458222547658887168,...,surprise
1467695676607901699,...,surprise
1469410167624192003,...,surprise
1239199638244274178,...,surprise
0,هههه 😂😂😂😂 فيروس يتكلم واو 😂😂 لايك حطووولي,surprise
1461725967496331267,...,surprise
1461725967496331267,...,surprise
1461725967496331267,...,surprise
0,بس الصدق ماتوقعت انه كرونا كذا انصدمت من قوة الأعراض مرررره 😔,surprise
0,اخر شي توقعته انه ممكن كرونا يصيب احد من عايلتي قسم بالله انصدمت😫😭😭,surprise
0,من جد😭 امس طلعت طلعه نطلعها قبل كرونا ونرجع مبسووطين رجعت امس للبيت وانا ماصدقت ارجع للبيت مرا فرق الطلعه قبل وبعد كرونا انصدمت من نفسي 💔🤣,surprise
0,بعد ماجا كرونا المملكه انصدمت من القوه الشرائيه لان الناس قامت تصرف بالسعوديه وماودهم يفتحون الجسر,surprise
0,كشفت عن مفاجأة حول مشاركة باحثين أميركيين في الدراسة.. صحيفة "التيلغراف" البريطانية: علماء معهد ووهان للفيروسات الصيني كانوا ينوون تسريب أنواع محدَّثة من فيروسات كورونا بمجموعات من الخفافيش في 2018,surprise
0,هذا الفيروس ... في كل مرة يكشف لنا حقائق جديدة... والأهم أنه أعاد الإنسان إلى حجمه الطبيعي... الضعف...,surprise
0,والله صدمه😱 ان الصين هي السبب,surprise
0,مفاجأة كورونا.. موبايلك أخطر عدو ينقل إليك الفيروس,surprise
1465107543445979138,...,surprise
1465114097574363136,...,surprise
1469688154299027468,...,surprise
1469739399353192465,...,surprise
1469764748694618114,...,surprise
1469780790015926276,...,surprise
1469452587242033155,...,surprise
1469183372287266818,...,surprise
1469178162735202308,...,surprise
1468985316178636807,...,surprise
0,ياخي اذا صار الفيروس قبل ليه ماله لقاح او علاج ؟,surprise
1420183408311951365,...,surprise
1326019251291922433,...,surprise
1262325842060984322,...,surprise
0,اذا التحورات موجوده رغم اللقاحات بالعالم ...لماذا اللقاحات اذن ؟,surprise
0,السؤال متي سينتهي التلقيح من اجل المتحورات المستجدة فان كورونا مضت في الزمن الغابر وتركت لنا ابناءها المتحوررات دليتا والفا وغاما و... كل ذلد بسبب ترخيص التلقيح الفيروس كورونا الوهمي,surprise
0,بس كورونا للقاح يزيد المرض ولا يقلله,surprise
0,ياكثر الي اعرفهم اخذوه وماتوا ولا تم الاعلان عنهم والى نجو بعد فترة الله يكون بعونهم قال مافي اعراض قال,surprise
0,كنت اسال نفسي ليش الون الازرق برا : الان عرفت,surprise
1340934728216686592,...,surprise
1239926233619628033,...,surprise
1406777643698212867,...,surprise
1450878579953311747,...,surprise
1245479907431452674,...,surprise
1281234076045914112,...,surprise
1323337046551834627,...,surprise
1398372414338351106,...,surprise
1400062960534491140,...,surprise
1450053846017904646,...,surprise
1337363092683055105,...,surprise
1265915581418610688,...,surprise
1395256468430114822,...,surprise
1469608669344063489,...,surprise
1469746064630722565,...,surprise
1467572644254044176,...,surprise
1467593686661926917,...,surprise
1468828677005848576,...,surprise
1468656730267652096,...,surprise
1469641411838500865,...,surprise
1469594212442255362,...,surprise
1466906857696641027,...,surprise
0,مدري تتفقون معي ولا حتى فترة الحجر نفسيتي تعدلت وصارت حلوه,surprise
1468198275677409283,...,surprise
1468231552454864904,...,surprise
0,ما شاء الله يصنعوا المرض ويبيعوا العلاج ، تجارة ممتازة على حساب صحة ملايين الناس,surprise
1467295153299857408,...,surprise
1346062625227079681,...,surprise
1466329936562634756,...,surprise
1297620717652062209,...,surprise
1235197531648339968,...,surprise
1468192163368419336,...,surprise
1467784761099890690,...,surprise
1246121901514252288,...,surprise
1238031796853526528,...,surprise
1469070276545728514,...,surprise
1469710107923595269,...,surprise
1466813724623261707,...,surprise
1467335167161290752,...,surprise
1468481716318883850,...,surprise
1231967464608747520,...,surprise
0,بلد مات فيه 125 طبيب بالكورونا وماهو قادر يعمل فحوصات كافية وعنده نقص بالكمامات وجد علاج,surprise
0,شي غريب اذا ما مات المصاب تروح العدة يعني في كل الاحوال يعتبر لم ينجو,surprise
1397138560688574471,...,surprise
1383095827355336705,...,surprise
1411651510153498625,...,surprise
1411818048185585664,...,surprise
1387142865470558208,...,surprise
1246893669422071811,...,surprise
1245629851479887873,...,surprise
1255668222625529862,...,surprise
1437607604293881856,...,surprise
0,انا اخذته امس حاسة بحرارة و وجع في مكان الحقن و تعب غثيان,surprise
0,خهههههههههههههههههه الي خاش اخر يوم من نوفمبر وباقيلنا شهر وننتهي من هاذي السنة الله يكفينا شر الباء ولا احد اتوقع نستمر لين الحين,surprise
0,انا والله كنت جالسه اذاكر والبيت والعماره صجه مره رجه والي يصارج والي ينقز وانا اسألهم وش فيه وأقلهم اخرجوا من الغرفه بذاكر وإلا بنت عمتي جاتني جري وتخش الغرفه وتقول لي اجازه وانا عاد ما صدقت وإلا افتح جوالي واطالع في للتواصل الجتماعي اجازه وشفت حقك الإستوري بس نفس الوقت جاني خبر فجعني انو جات حاله اليوم في المستشفى الي في حارتنا بالجموم مكه واحد مصاب بي مرض كرونا... وبس والله حبيت اشارك قصتي هههههههه ترى تعبت على الكتابه!! ❤️❤️,surprise
1446017807553028096,...,surprise
0,لا اعتقد ان الموضوع بهذه البساطة ، اتوقع انه تلفظ على الموظف اللبناني او اعتدى عليه ، اللبنانيين شعب معروف بحسن المعشر و اللطافة,surprise
0,رائع جدا جدا جدا جدا,surprise
0,سبحان الله فلم رائع جدا,surprise
1282963102666035200,...,surprise
1383095827355336705,...,surprise
1384273746874097672,...,surprise
1397138560688574471,...,surprise
1407541603229708289,...,surprise
1411651510153498625,...,surprise
1411818048185585664,...,surprise
1240472027124957184,...,surprise
1245629851479887873,...,surprise
1256203798235754496,...,surprise
1263664218013872130,...,surprise
1387142743621787655,...,surprise
1387144354758811654,...,surprise
1415681720888684545,...,surprise
1444257443182153730,...,surprise
1258504129904771075,...,surprise
1341034002803793926,...,surprise
1405167424375300100,...,surprise
1422573285632614409,...,surprise
1333848675165069319,...,surprise
1413494153304936452,...,surprise
1230178581071962113,...,surprise
0,قبل كم اسبوع الحالات الحرجة تقريبا 90 وامس 150 !!!,surprise
1347840949473439745,...,surprise
 1467199111107645441,...,surprise
1454068674281738241,...,surprise
1468640629425152004,...,surprise
1465270738756198403,...,surprise
1249517545708826624,...,surprise
1235551308100374528,...,surprise
1467480418320539656,...,surprise
1235183705372741632,...,surprise
1250949260448862213,...,surprise
1293983035910754304,...,surprise
1380336241510596612,...,surprise
1344952771083165696,...,surprise
1466118962727559170,...,surprise
14163758837036032010,...,surprise
1466825088720850949,...,surprise
1295219040382865408,...,surprise
1240317129519501315,...,surprise
1433062157592170500,...,surprise
1284639199551991810,...,surprise
0,والله العظيم إني مستغرب كيف ما حجرو الرياض ليه كذا 🤔 المشكله يسافرون ويجون في مناطق ثانية وإهمال شي غريب نفسي اعرف ليه ما يحجرونهم كان المفروض من يوم كانت الحالات ما تتعدى ٣٠ والحمدلله لا يأثر على اقتصاد الدوله البترول وبوارج الشحن البحري موجوده في المنطقة الشرقية ومدينة جده,surprise
1250259388977147905,...,surprise
1235551308100374528,...,surprise
1239945150132105216,...,surprise
 1430787454387298305,...,surprise
1259754378354925568,...,surprise
1279135115269091329,...,surprise
1344696360361201665,...,surprise
1238273258547544065,...,surprise
125
0,ربما اندلع بوسط الصين قبل فترة أطول من الوقت الذي تم الإبلاغ عنه للعالم.. دراسة لجامعة هارفارد الأميركية تكشف بصور الأقمار الصناعية عن مفاجأة حول بداية ظهور كورونا في مدينة ووهان الصينية,surprise
0,دراسة تكشف مفاجأءة... هذه الأمراض تخفف أعراض كورونا,surprise
1465057343876608000,...,surprise
0,انت ثالث ثانوي انا بعد ثالث ثانوي كنت اتوقع انك بالجامعه,surprise
1323319201738752008,...,surprise
1397795250891071488,...,surprise
1338257273278390273,...,surprise
0,عمل رائع من تصوير وتعليق عمل مبهر,surprise
1422476178477232215,...,surprise
1400913629315227649,...,surprise
1238234272550584326,...,surprise
1239197243380506625,...,surprise
1323319201738752008,...,surprise
0,متفاجأة من كمية الجهل اللي فيكم,surprise

0,قمة الروعة سوسن الجمني bravo احلى و أجمل دراما تونسية بحتة من صميم الواقع هذه الاحداث,happiness
0,إدريس  يستهل 😂,pessimism 
0,مققش بش طردها,neutral
0,طه مخرجش راجل فلخر ونهاية سامطة مع كل إحتراماتي🙃, disgust
0,هل كاين جزء ثاني, anticipation
0,اجمل مسلسل تونسي بعد الفوندو, optimism
0,ملا قوة في تمثيل 😢😢😢الي ما بكاش هناء راو قلبو حديد, optimism
0,وااااااو حبييييييييييييت 10/10 ❤❤❤, optimism
0,بربي دار هذي وين الي بصور فاه بلحق مهيش عديا,neutral
0,علاه الغدره يا طاها,anger
0,Bravo bravo قداش عجبني المسلسل تحياتي لكل الممثلين للغالين خاص الممثل الفدير طاها محمد علي بن جمعة ريم الرياحي وعلى راسهم منى نور الدين نحبكم برشة ❤️❤️❤️❤️❤️❤️❤️❤️❤️❤️❤️❤️🍓🍓🍓🍓🍓🍓🍓🍓🍓🍓🍓🍓🍓,optimism
0,أول مرانبكي والله,sadness
0,برافو والله مسلسل قوي ❤️, optimism
0,Mohamed ben joumaa w mohamed merad  abd3ou, optimism
0,أجمل مقطع هو عناق الاخوة ❤, optimism
0,Quelle belle série un grand bravo au réalisateur et à tout les acteurs ou Tahya touns notre pays a du talent ❤,optimism
0,ادريس مشو راجل كون جاء راجل راو قال لمرتو خلاص  ولا بيناتنا ومخانهاش مع اعز صاحبة,disgust
0,قداش بكيت في هالحلقة صراحة التمثيل في قمة الروعة تقول بلحق و حكاية المسلسل ياسر معبرة  تحية للمثلين و المخرجة الموهوبة سوسن الجمني ❤,optimism
0,محلاه طه و قداش قلبو طيب و نضيف رغم الي عملو فيه ادريس و كي جاه ليلة عرسو مردوش و سامحو 😢,optimism
0,بلاهي حطلنا الفوندو جزء 2 يرحم وليد❤, anticipation
0,مشالله عليكم أحسن مسلسل تونسي, optimism
0,هههه ههههه دريس شبع كفوف اليوم 😂😂😂😂😂, neutral
0,نشالله يزدونا جزء تاني في رمضان 😢❤,anticipation
0,فيلم قمة في الروعة عجبني بزاف تحية كبيرة من المملكة المغربية 👍🏻,optimism
0,غاضتني شامة كيما وقفت معاه خاطر حبتو حقو هو وقف معاها و ما خلاهاش و استناها لين تخرج من الحبس النهاية غاضتني كان غدرة طه لشامة, sadness
0,برافو مسلسل في قمة الإبداع, optimism
0,خوي لعزيز يرحم والديك الي هبطتلنا مسلسل الفتنة كامل بربي تنجم تكمل تهبطلنا مسلسل الفوندو الموسم الثاني ❤, anticipation
0,حزنت علي شامة وعلي دوجة,sadness
0,مسلسل روعة والله قصة مالواقع لنعيشو فيه و نهاية ياسر محلاها لفلوس متشريش لخوات و لمات والله ❤, optimism
0,تحيا تونس, optimism
0,دمعة طاحتلي برافو ❤,sadness
0,شكون لي موش. حاب طه وحلومة مع بعضهم, anticipation
0,نهاية تهبل برافووووو, optimism
0,السلام عليكم,anticipation
0,روععععةةة عاللللخر منقدرش نوصف درجة عالمية ❤❤❤❤,optimism
0,الله يرحموا وينعموا,anticipation
0,     2كسرتلي قلبي لحقيقة, sadness
0,A7la tounes wa7la mdinetna l3arbi wa7la twenssa wa7la 5dma w et9an bravo ,optimism
0,نهاية بشعة شامة هي لتستاهل لانها حباتو,sadness
0,شامة عملت غير الباهي مع طه عيب عليه,anger
0,مبدعين في تمثيل,optimism
0,من الجزائر و بالضبط عنابة نموت على مسلسلاتكم صراحة فالقمة من النواحي الكل تهبلو تهبلو تهبلو برافو للطاقم الكل و على راسو المخرجة فعلا ابدعتم, optimism
0,حلقة أخيرة تفرجتها نهار مولد😂,neutral
0,طه و حلومة مايحشموش شامة مسكينة غاضتني 💔💔💔😭😭😭,sadness
0,ياخي انا الوحيدة الي بكيت في النهاية 😭,sadness
0,مسلسل قمة في الابداع يعطيكم صحة طاقم الكل,optimism
0,اكثر مشهد مؤثر الأخير خلاص هذاك يعبر على اهمية العايلة وترابطها صحيح نغلطو مع بعضنا أما دايما الخو يحن على خوه مهما واش يصرا بيناتهم ربي يحفظ عايلات المسلمين,optimism
0,"Bravo swassen ❤🎉,يسلم ايديك على الخدمة المتقنة",optimism
0,مهما كانت شامة أفعالها كبيرة هي وقفت معاك برشا اسي طه مش حق عليك بالكل 😢,anger
0,اجمل مسلسل تونسي تفرجتو روعة توب الله يعطيكم الصحة انا اختكم من الجزائر توانسة واو في روحك تمثيل ❤❤❤❤😊,optimism
0,مسلسل الفتنة عنيف,anger
0,المسلسل يهبل محلاه,optimism
0,مسلسل ولا اروع ❤ 🎉 برافو,optimism
0,محلاهم طها وحلوم,optimism
0,برفو مسلسل هايل ❤😊,optimism
0,نجيب بلقاضي خيب يضرب في ناس,anger
0,برافو قمة في الاتقان والامتياز ❤️‍🔥❤️‍🔥❤️‍🔥✨,optimism
0,7:23 علاش كان الباهي يتخان علاش كان الباهي و المتربي يتغدر علاش كان الباهي يستغلوه علاش كان الباهي لي يخلص الفاتورة علاش كان الباهي يلزمو يعدي و يصبر اما ذكرو حاجة الباهي ينال و يظهرلو ربي حقو زايد ما تعرفو قيمتنا و تندمو كان كي تخسرونا و راو الباهي كان مشا ميرجعش الباهي تداويه ليام ❤️‍🩹, anger
0,نحبك يا تونس يا بلادي نحب كل الحاجات البسيطة إلي فيك نحبك برشا تونس 🥹🥰😍,optimism
0,قيس علاه محضرش, anticipation
0,الجينيريك كارو بلطي نقشو راو خرج طيارة,anticipation
0,والله برافووو لكل طاقم الممثلين المبدعين والله الدراما التونسية ابهرتني يوم عند يوم إبداع فوق الوصف من تأليف التمثيل لاخراج من بكري نحب نتفرج على المسلسلات التونسية من ولاد مفيدة لفوندو للفلوجة للفتنة روووعة تحياتي وتقديري من الجزائر نحبكم برشاااااا ❤🇩🇿🇩🇿🇩🇿🇩🇿,optimism
0,مخيبه دنيا والله مع خوتك والعيلة,sadness
0,دنيا مدوم لي حد لا ديار ولا مكنات ولا شي يدوم كان وجه ربي بس,neutral
0,اخرة طمع لاحولة ولاقوة لابالله😢😢😢😢😢😢😢😢😢😢شي يقطع القلب والله,sadness
0,مخيبوا طماع 😢😢😢😢😢,disgust
0,يفوز بأحسن مسلسل تونسي ❤,optimism
0,خاوتنا التوانسة هاربين فالتمثيل مبدعين صراحة تحية كبيرة مني ليكم,optimism
0,تحفة الصراحة برافو سوسن,optimism
0,1 خاين وخاينة مخيبهم كل النهاية شابة غير شامة 💔💔💔, disgust
0,مسلسل روعة نسيج من الواقع مزينت الاصالةوالتراث التونسي تحية لكل من ساهم في هذا العمل.,optimism
0,من هاذ لحلقة باه تزيدو تتأكدوا بلي لإنسان نقطة ضعفوا قلبو و مشاعرو وناس لي يحبهم,anticipation
0,كان انا مسخفتنيش شامة,anticipation
0,احسن مسلسل بعد فلوجة بصح خسارة الحلقة لخرة,optimism
0,طاهى مرمد خوه😂😂,disgust
0,يا جماعة نهاية سعيدة كيفاش,anticipation
0,غضتني شيمة مسكينة 😢😢,sadness
0,الملخص هوا هده الاية (إنما أموالكم وأولادكم فتنه ),anticipation
0,كانت حزنت على شامة وراضية بعلاقتها بطه نظن كان انا فما شكون كيفي,anticipation
0,مسلسل يهبل نهاية سعيدة و تحية للممثلين ❤❤❤❤❤❤,optimism
0,نهاية غلطة لا 🫶🩷Topppppppppp🥹🤏🩷,optimism
0,انا صراحة النهاية بانتلي حزينة 😮‍💨☹️,sadness
0,قوة عزة السليماني,optimism
0,عجبني الفترة عل اللخر,optimism
0,برافو  على  أمسلسل  اتمنى  لكم  نجاحات  باهرا  وشكرا  العائلة  استلمت  شكرا  شكرا  للمخرج   شك ا  واصلي  🙏🌾🌾🙏✌️شكرا  لتونس  عندنا  رجا  ونساء  ماشالله  علينا  وبرافو ❤❤❤❤🌸✌️🇹🇳🇹🇳🇹🇳🇹🇳🌹🌹🌹👋🏻👋🏻👋🏻👋🏻👋🏻👋🏻,optimism
0,هل يوجد الجزء الثاني,anticipation
0,1:13:47 محلاهم الاخوة☝🏻😭😭😭😭,optimism
0,والله ادريس ما كانش خايب برشا  حتى مرته هي اللي خيبته اكثر يعني😢,sadness
0,والله سخفني إدريس 😭😭,sadness
0,1:05:29 مخيبك يا طه و انت اخيب يا حلومة  ما مرا  بلحق كان شامة☝🏻, disgust
0,55:47 خائن كبير 😒😭😭😭😭😭😭😭,disgust
0,شامة هي المرا فيكم كلكم خونة كلكم خايبين 😭😭😭😭😭😭😭😭🩵,disgust
0,كرهتك يا طه 😒,disgust
0,مسلسل رائع وممثلين أروع ❤,optimism
0,ماحلاك ياتونس 🇩🇿🇩🇿,optimism
0,أبدعت سوسن الجمني كل شيء ينجم يتعوض الا الاخوات لتعوضهم فلوس ولا ديار برافو لكامل الفريق  👏👏👏💯❤️❤️,optimism
0,فما موسم 2 في رمضان 2026 و علاش قيس ما ريناهش في عرس طه؟,anticipation
0,ملخص هذا المسلسل المال فتنة,neutral
0,اش كلا بلط ادريس من عند خوه يستاهل,disgust
0,أحسن مسلسل في تونس ❤❤ انشاء الله فما جزء ثاني,anticipation
0,جماعة جديا ياخي حد ما انتبه انو فما غلطة دينية كبيرة علخر ياخي حد ما انتبه انو الوصية باطلة فيقو راو تحريف كبير في شرع ربي لا وصية لوارث وفرحانين بالنهاية,anticipation
0,مسلسل في القمة صراحة ماااشاء الله رانا ستناو في الجزء الثاني 😊😊😁,anticipation
0,مسلسل فالقمة أداء وحصور🎉,optimism
0,مسلسل قمة اختكم من الجزائر,optimism
0,بربي شكون لي يعرف لبلاصة لي فيها دار قيس لي خانتو مرتو و طردها في أول الحلقة مقابلتهم بحيرة صغيرة ولا بحر حبيت نعرف البلاصة عجبتني,anticipation
0,فلخر  لفلوس وديار يتعوضو لاكن الاخ واخت ما يتعوض,neutral
0,"مسلسل at the top برافو تمثيل هايل وقصه فيها حكمه وعبره",optimism
0,حسيتها تشبه للنهاية متاع الخطاب على الباب ❤❤❤ فاطمة سامحت روضة ومليكة سامحت لخرا نسيت اسمها هاك الي راجلها ضربها😂😂😂❤❤❤❤❤,optimism
0,أنا امعا كل لقطة حزينة و مفرحة نبكب,sadness
0,شيطان😂😂😂😂,disgust
0,محلاها. بلادنا. احنا. توانسة. مختلفين. لا نشبه. أخذ. عاداتنا. أعراسنا. تاريخنا. ثقافتنا. كل ماهو تونسي. فمو. متميز 🇹🇳🇹🇳,optimism
0,اسمو. وطني. مش. بيوع. يخاف. علي. أثار. وتاريخ. بلادو. وطني. بلدان. من غير. تاريخ. هربت اليها. أثار.  تونسية.  باش. تعمل. تاريخ.  هذا درس لكل. جربوع. غير. وطني. ومش غيور. علي تونس., anger
0,بصراحة في السنوات الأخيرة الدراما التونسية تتطور بشكل يهبل من الفوندو للفلوجة للفتنة لبراءة وغيرها الكثير مسلسلات قمة بصراحة هذا المسلسل علامة كاملة في كل شي بصراحة الله يبارك روووعة ❤اختكم من الجزائر تعشق مسلسلات تونس,optimism
0,اول مسلسل تكون نهايتو سعيدة 😍ومحلاه اللباس التقليدي التونسي 🇹🇳🇩🇿,happiness
0,ما أحلاه التمثيل ما شاء الله ❤❤❤❤❤❤,optimism
0,المسلسل كمل و بهالمناسبة نقلكم بارك الله فيكم على التصوير السمح و على البحر و الفيلات المضخمة و عالخضار و المساحات الخضراء و على تصوير العاصمة و المدينة و ماذابينا تكثرولنا و تورونا اكثر مناضر من تونس في مسلسلاتكم,optimism
0,واو والله تمثيل مؤثر يعطيكم الصحة,optimism
0,Foundou 2 braby,anticipation
0,"شكون كيفي حط يتفرج في النتفة قايلة نهار العيد بعد حوسة العلوش عيادي و سنين دايمة ❤",anticipation
0,المسلسل سمح اما الغناء متاع الجنريك ماسط لاسط و صوت المغني خايب,disgust
0,يا لطيف! ما توقعتش هكا,surprise
0,شنوة هالمفاجأة الكبيرة!,surprise
0,ما صدقت عيني كي شفت الزين,surprise
0,ياخي الدنيا تدور فعلاً!,surprise
0,ولا سحر؟! ما حبيتش نصدق,surprise
0,ما توقعتش هالتصرف منك,surprise
0,يا حسرة! ما كنتش متوقع,surprise
0,يا واو! فرحتني برشا,surprise
0,ما تصدقش كلامك! ياخي؟,surprise
0,يا لطيف! غير على الله,surprise
0,شكراً على المفاجأة الحلوة,surprise
0,هههه، ما توقعتش نهار كي هذا,surprise
0,يا حلاوة! الزادوها هكا,surprise
0,يعطيك الصحة ما كنتش فيه حساب,surprise
0,سبحان الله! الدنيا غريبة,surprise
0,يا سلام! حاجة ما طلعتش في بالي,surprise
0,ما صدقت روحي من الفرحة,surprise
0,برافو! غير على الله,surprise
0,حقاً؟! ما كانش عليا هكا,surprise
0,ما توقعت هذا التغيير,surprise
0,ياخي شنوّة صاير؟ ما فهمتش!,surprise
0,معقولة الكلام هذا؟,surprise
0,ياخي مزية؟ ما كنتش نتصورها,surprise
0,ما فهمتش شنوة صاير بالضبط,surprise
0,يا لطيف على المفاجآت اليوم!,surprise
0,فرحان برشا بالنجاح,optimism
0,إن شاء الله كل نهار خير,optimism
0,حاسس روحي مرتاح ومتفائل,optimism
0,بالأمل نفوز كل شي,optimism
0,نحب نبدأ صفحة جديدة,optimism
0,كل شيء ممكن بالنية الطيبة,optimism
0,مازال الأمل موجود,optimism
0,نحس بالرضا والرغبة في الحياة,optimism
0,نحب نحقق أحلامي,optimism
0,نهار مشرق قدامنا,optimism
0,نحس بطاقة إيجابية قوية,optimism
0,برشة خير جاي,optimism
0,نظرة متفائلة للمستقبل,optimism
0,نثق بربي وبنفسي,optimism
0,نحب نعيش يومي بحب,optimism
0,نحس روحي قوي اليوم,optimism
0,نهار جديد فيه برشة أمل,optimism
0,نقول يا ربي يسهل,optimism
0,كل فصل جديد بداية,optimism
0,الرجاء ما يموتش داخلي,optimism
0,اول مسلسل تكون نهايتو سعيدة 😍,happiness
0,ما أحلاه التمثيل ما شاء الله ❤❤,optimism
0,بارك الله فيكم على التصوير السمح,optimism
0,واو والله تمثيل مؤثر يعطيكم الصحة,happiness
0,زعفت برشا على التصرف هذا,anger
0,ما عادش نتحمل الغلط,anger
0,قلبي كي يحرق من الغضب,anger
0,اليوم كرهت الدنيا,anger
0,ياخي شنوّة هذا الظلم؟,anger
0,ماني باش نصبر أكثر,anger
0,مقهرتوني برشا,anger
0,ما عادش نطيق نعس,anger
0,كافي حكي وخليوني في راحتي,anger
0,يا حسرة على غدر الناس,anger
0,قلبي مولع من الغضب,anger
0,اليوم كل شيء يكسر أعصابي,anger
0,ويني العدل؟,anger
0,ما تراحمش حد,anger
0,يا رب اشهد على الحق,anger
0,هذي الخيانة آخر شي,anger
0,ما عادش نحكي معاك,anger
0,كلامك مطلق عليا,anger
0,كافي ظلم,anger
0,معادش نطيق حتى كلمة منك,anger
0,مستفز برشا كلامك,anger
0,تعبت من الناس الكاذبة,anger
0,تصرفك يغيظ برشا,anger
0,حزين برشا بعد اللي صار,sadness
0,قلبي موجوع وما نعرفش شنوّة نقول,sadness
0,دموعي ما تسكتش,sadness
0,اليوم الدنيا كحلة قدامي,sadness
0,ما لقيتش طعم للأكل,sadness
0,حسيت بروحي وحدي,sadness
0,ما عادش عندي مزاج,sadness
0,نزل مني الحال,sadness
0,كل شي يخنقني,sadness
0,نحب نتغيط على الوجع,sadness
0,دمعتي سقطت بلا سبب,sadness
0,ما عادش نشوف نور,sadness
0,خايف من الغد,sadness
0,يا ريت الأيام ترجع متاعي,sadness
0,حياة صعيبة ما فيها رحمة,sadness
0,حزن كبير يعص علي قلبي,sadness
0,ماعنديش طاقة نوقف,sadness
0,الوضع هرسني,sadness
0,يا ريت الدنيا ترحم,sadness
0,قلب مكسر,sadness
0,الليل طويل,sadness
0,نفكر برشا,sadness
0,نفسي تبكي,sadness
0,نحب ننسى,sadness
0,الوحدة تقتل,sadness
0,النهار يعدّي بصعوبة,sadness
0,تعبت نفسياً وعقلياً,sadness
0,Foundou 2 braby,anticipation
0,شكون كيفي قاعد يستنى الحلقة الجديدة,anticipation
0,نترقب نهار الجمعة باش نشوف الجديد,anticipation
0,حاسة حاجة كبيرة باش تصير,anticipation
0,قلبي يقول اللي الجاي أفضل,anticipation
0,نستنى الرد بفارغ الصبر,anticipation
0,عندي شعور حاجة باهية باش تصير,anticipation
0,نتوقع مفاجأة قريبة,anticipation
0,متشوقة نعرف شنوة الخطوة الجاية,anticipation
0,نترقب حاجة واضحة باش تتبدل,anticipation
0,الغناء متاع الجنريك ماسط وصوت المغني خايب,disgust
0,التصرف هذا يقزز برشا,disgust
0,الكلام هذا ما يدخلش العقل,disgust
0,ريحة المقلب هذا لا تطاق,disgust
0,طريقة الكلام مقرفة,disgust
0,الاكل هاذا ما يتاكلش,disgust
0,المنظر هذا يهبط المعنويات,disgust
0,مستوى هابط برشا,disgust
0,ما تقبلتش الموقف بكل,disgust
0,حاجة تقرف الصراحة,disgust
0,"نهار عادي وما فمّا حتى جديد", neutral
0,نمشي نخدم ونرجع للدار كيف العادة,neutral
0,الجو باهي اليوم,neutral
0,الجو باهي اليوم,neutral
0,ما عندي حتى تعليق,neutral
0,حاجة عادية تصير كل يوم,neutral
0,مانيش باش نخرج اليوم,neutral
0,"نتفرّج في التلفزة,neutral
0,قاعد نستنى,neutral
0,لباس الحمد لله,neutral
0,"ما تبدّل شيء,neutral
0,نستنى في الطوبيس,neutral
0, ماشي نشري قهوة,neutral
0,النهار تعدّى عادي,neutral
0,ما عندي حتى برنامج,neutral
0,نقعد في الدار,neutral
0,الوقت يمشي بالباهي,neutral
0,نتصفح في الفايسبوك,neutral
0,نقرا شوية,neutral
0,نستنى الرد متاعك,neutral
0,هاني في الخدمة,neutral
0,نرتاح شوية ومن بعد نكمل,neutral
0,نمشّي نعمل دورة صغيّرة,neutral
0,نمشّي نعمل دورة صغيّرة,neutral
0,نتفرّج في يوتيوب,neutral
0, "نطيب قهوة",neutral
0,نلعب شوية في التليفون,neutral
0,نرتّب البيت شوية,neutral
0,نسمع في الموسيقى,neutral
0,نسمع في الموسيقى,neutral
0,ناكل شوية ومن بعد نخرج,neutral
0,نكتب شوية ملاحظات,neutral
0,نرجع بعد شوية,neutral
0,موجود في بلاصتي,neutral
0,باش نعمل قهوة عربية,neutral
0,نخمّم شنوّة باش نعمل,neutral
0,نحضر في العشاء,neutral
0,نسكر التليفون شوية,neutral
0,نتمشى شوية في الحومة,neutral
0,نراجع شوية دروس,neutral
0,نتفرّج في مسلسل,neutral
0,نصوّر حاجة تضحك,neutral
0,نستنى المكالمة,neutral
0,نحط شوية موسيقى,neutral
0,نقرا في كتاب,neutral
0,نحوس على خدمة,neutral
0,نبدّل جو شوية,neutral
0,نقعد نرتاح شوية,neutral
0,نقوم بالطبيخ,neutral
0,نمشي للطبيب بعد شوية,neutral
0,ندور في السوق,neutral
0,نحضر روحي للخرجة,neutral
0,نصلح شوية حاجات,neutral
0,نلوج على معلومة,neutral
0,نبدّل مريولتي,neutral
0,نخرج نشوف الجو,neutral
0,نشرب شوية ما,neutral
0,نتصل بحدّ,neutral
0,نرتب دossierات,neutral
0,نغسل وجهي,neutral
0,نمشي للكارفور,neutral
0,نشيك على البرتابل,neutral
0,نسأل شكون,neutral
0,نحط شارجور,neutral
0,نرتب طاولتي,neutral
0,نلقى حل آخر,neutral
0,نرجع للدار توّا,neutral
0,نمشي نقضي شوية,neutral
0,نكتب إيميل صغير,neutral
0,نرد على المساجات,neutral
0,نتفرج في الماتش,neutral
0,نحضر للإجتماع,neutral
0,نخدم على اللابتوب,neutral
0,نقلب في التصاور,neutral
0,نتعلّم حاجة جديدة,neutral
0,نرقد بكري اليوم,neutral
0,نخرج نبدّل جو,neutral
0,نرجع نكمل الخدمة,neutral
0,نركب الطاكسي,neutral
0,نقعد في القهوة,neutral
0,نقرا الأخبار,neutral
0,نكتب شوية في الكرّاس,neutral
0,نقعد نرتاح في دارنا,neutral
0,نمشي نعدّي شغل,neutral
0,نقعد نفكر شوية,neutral
0,نرتاح قدّام التلفزة,neutral
0,نحاول ننظم وقتي,neutral
0,نشوف شنوّة عندي للغدوة,neutral
0,نعدّي نهار عادي,neutral
0,نحلّ الاب توب,neutral
0,نرتّب دولابي,neutral
0,نمشي نجيّب خبز,neutral
0,نشيّك على البريد,neutral
0,نركب في السيارة,neutral
0,نحضر للدرس,neutral
0,نشوف الساعة,neutral
0,نمشي نرتاح شوية,neutral
0,نقوم بشوية رياضة,neutral
0,نتفرج في وثائقي,neutral
0,نمشي نعمل دورة,neutral
0,نمشي للمكتبة,neutral
0,نقعد نرسم شوية,neutral
0,نحط خطة للنهار,neutral
